date,close
2008-01-02,17.813404083251953
2008-01-03,17.382997512817383
2008-01-04,17.78770637512207
2008-01-07,17.569292068481445
2008-01-08,17.52432632446289
2008-01-09,17.84552574157715
2008-01-10,17.601411819458008
2008-01-11,17.363725662231445
2008-01-14,17.10677719116211
2008-01-15,16.702070236206055
2008-01-16,15.809148788452148
2008-01-17,16.23955535888672
2008-01-18,16.290943145751953
2008-01-21,15.39802074432373
2008-01-22,14.074706077575684
2008-01-23,15.57789421081543
2008-01-24,15.21815299987793
2008-01-25,16.23955535888672
2008-01-28,15.552193641662598
2008-01-29,15.706368446350098
2008-01-30,15.295241355895996
2008-01-31,15.166762351989746
2008-02-01,15.59716510772705
2008-02-04,16.02756118774414
2008-02-05,16.05968475341797
2008-02-06,15.128219604492188
2008-02-11,15.160341262817383
2008-02-12,14.935508728027344
2008-02-13,15.096100807189941
2008-02-14,15.417293548583984
2008-02-15,15.288819313049316
2008-02-18,15.359478950500488
2008-02-19,15.59716510772705
2008-02-20,15.256699562072754
2008-02-21,15.275970458984375
2008-02-22,15.070405960083008
2008-02-25,15.04471206665039
2008-02-26,15.333783149719238
2008-02-27,15.828428268432617
2008-02-28,15.899084091186523
2008-02-29,15.610013008117676
2008-03-03,15.250275611877441
2008-03-04,14.948351860046387
2008-03-05,14.948351860046387
2008-03-06,15.096100807189941
2008-03-07,14.550070762634277
2008-03-10,14.678548812866211
2008-03-11,14.871265411376953
2008-03-12,15.141070365905762
2008-03-13,14.421595573425293
2008-03-14,14.383054733276367
2008-03-17,13.644305229187012
2008-03-18,13.83702564239502
2008-03-19,14.209609031677246
2008-03-20,13.721395492553711
2008-03-25,14.601465225219727
2008-03-26,14.697823524475098
2008-03-27,14.729944229125977
2008-03-28,15.128219604492188
2008-03-31,14.845571517944336
2008-04-01,15.031867027282715
2008-04-02,15.50722885131836
2008-04-03,15.757761001586914
2008-04-07,15.963324546813965
2008-04-08,15.789880752563477
2008-04-09,15.57789421081543
2008-04-10,15.712789535522461
2008-04-11,16.021137237548828
2008-04-14,15.47511100769043
2008-04-15,15.53292465209961
2008-04-16,15.520081520080566
2008-04-17,15.783456802368164
2008-04-18,15.744911193847656
2008-04-21,16.078954696655273
2008-04-22,16.220277786254883
2008-04-23,16.445114135742188
2008-04-24,16.702070236206055
2008-04-25,16.592864990234375
2008-04-28,16.689224243164062
2008-04-29,16.70849609375
2008-04-30,16.61213493347168
2008-05-02,16.94618034362793
2008-05-05,16.907636642456055
2008-05-06,16.965452194213867
2008-05-07,16.547895431518555
2008-05-08,16.445114135742188
2008-05-09,16.20743179321289
2008-05-13,16.535049438476562
2008-05-14,16.52219581604004
2008-05-15,16.515775680541992
2008-05-16,16.586444854736328
2008-05-19,16.66352653503418
2008-05-20,16.31663703918457
2008-05-21,16.528627395629883
2008-05-22,16.26524543762207
2008-05-23,16.05326271057129
2008-05-26,15.674247741699219
2008-05-27,15.770608901977539
2008-05-28,15.751336097717285
2008-05-29,15.841267585754395
2008-05-30,15.9376220703125
2008-06-02,16.130348205566406
2008-06-03,15.834846496582031
2008-06-04,15.687101364135742
2008-06-05,15.777032852172852
2008-06-06,15.86696720123291
2008-06-10,15.224579811096191
2008-06-11,15.19888687133789
2008-06-12,15.006173133850098
2008-06-13,14.999741554260254
2008-06-16,15.012591361999512
2008-06-17,15.038285255432129
2008-06-18,15.21173095703125
2008-06-19,14.877690315246582
2008-06-20,14.845571517944336
2008-06-23,14.826299667358398
2008-06-24,14.659278869628906
2008-06-25,14.774908065795898
2008-06-26,14.659278869628906
2008-06-27,14.395898818969727
2008-06-30,14.434446334838867
2008-07-02,14.177488327026367
2008-07-03,13.881988525390625
2008-07-04,13.997617721557617
2008-07-07,14.312389373779297
2008-07-08,13.862716674804688
2008-07-09,14.241728782653809
2008-07-10,14.2545747756958
2008-07-11,14.485835075378418
2008-07-14,14.376627922058105
2008-07-15,13.83702564239502
2008-07-16,13.869142532348633
2008-07-17,14.196760177612305
2008-07-18,14.286689758300781
2008-07-21,14.710667610168457
2008-07-22,14.704244613647461
2008-07-23,15.096100807189941
2008-07-24,15.070405960083008
2008-07-25,14.845571517944336
2008-07-28,14.807027816772461
2008-07-29,14.530802726745605
2008-07-30,14.81344985961914
2008-07-31,14.839146614074707
2008-08-01,14.922658920288086
2008-08-04,14.697823524475098
2008-08-05,14.331659317016602
2008-08-07,14.434446334838867
2008-08-08,14.293118476867676
2008-08-11,14.273845672607422
2008-08-12,14.132519721984863
2008-08-13,13.907689094543457
2008-08-14,13.97192668914795
2008-08-15,13.824176788330078
2008-08-18,13.68285083770752
2008-08-19,13.393777847290039
2008-08-20,13.708545684814453
2008-08-21,13.361658096313477
2008-08-25,13.817750930786133
2008-08-26,13.785630226135254
2008-08-27,14.055436134338379
2008-08-28,13.74066162109375
2008-08-29,13.926958084106445
2008-09-01,13.702120780944824
2008-09-02,13.785630226135254
2008-09-03,13.490130424499512
2008-09-04,13.368081092834473
2008-09-05,13.07258129119873
2008-09-08,13.631458282470703
2008-09-09,13.44516658782959
2008-09-10,13.143241882324219
2008-09-11,12.751389503479004
2008-09-12,12.751389503479004
2008-09-16,12.07688045501709
2008-09-17,11.652908325195312
2008-09-18,11.652908325195312
2008-09-19,12.744961738586426
2008-09-22,12.94410514831543
2008-09-23,12.455890655517578
2008-09-24,12.513704299926758
2008-09-25,12.494433403015137
2008-09-26,12.33383560180664
2008-09-29,11.819927215576172
2008-09-30,11.903434753417969
2008-10-02,12.031911849975586
2008-10-03,11.691450119018555
2008-10-06,11.126148223876953
2008-10-08,10.239654541015625
2008-10-09,10.57369327545166
2008-10-10,9.834949493408203
2008-10-13,10.811380386352539
2008-10-14,11.145421981811523
2008-10-15,10.605814933776855
2008-10-16,10.111176490783691
2008-10-17,9.674352645874023
2008-10-20,10.168992042541504
2008-10-21,9.989124298095703
2008-10-22,9.488061904907227
2008-10-23,9.160444259643555
2008-10-24,8.428121566772461
2008-10-27,7.393879413604736
2008-10-28,8.415274620056152
2008-10-29,8.485936164855957
2008-10-30,9.243953704833984
2008-10-31,9.012691497802734
2008-11-03,9.256799697875977
2008-11-04,9.282496452331543
2008-11-05,9.571569442749023
2008-11-06,8.909911155700684
2008-11-07,9.205409049987793
2008-11-10,9.526604652404785
2008-11-11,9.076932907104492
2008-11-12,9.006269454956055
2008-11-13,8.543750762939453
2008-11-14,8.755739212036133
2008-11-17,8.742890357971191
2008-11-18,8.351035118103027
2008-11-19,8.312491416931152
2008-11-20,7.978451728820801
2008-11-21,8.209712028503418
2008-11-24,8.081233024597168
2008-11-25,8.357458114624023
2008-11-26,8.685077667236328
2008-11-27,8.800705909729004
2008-11-28,9.019116401672363
2008-12-01,9.166869163513184
2008-12-02,8.710771560668945
2008-12-03,8.832825660705566
2008-12-04,8.781434059143066
2008-12-05,8.999847412109375
2008-12-08,9.770713806152344
2008-12-09,9.584419250488281
2008-12-10,10.111176490783691
2008-12-11,10.136873245239258
2008-12-12,9.584419250488281
2008-12-15,9.770713806152344
2008-12-16,9.822104454040527
2008-12-17,10.040512084960938
2008-12-18,10.059782981872559
2008-12-19,9.822104454040527
2008-12-22,9.494483947753906
2008-12-23,9.237529754638672
2008-12-24,9.211833953857422
2008-12-29,9.308189392089844
2008-12-30,9.243953704833984
2008-12-31,9.346735000610352
2009-01-02,9.75144100189209
2009-01-05,10.098331451416016
2009-01-06,10.021242141723633
2009-01-07,9.75144100189209
2009-01-08,9.378853797912598
2009-01-09,9.353158950805664
2009-01-12,9.096205711364746
2009-01-13,8.903488159179688
2009-01-14,8.929183006286621
2009-01-15,8.620838165283203
2009-01-16,8.595141410827637
2009-01-19,8.659381866455078
2009-01-20,8.402424812316895
2009-01-21,8.158318519592285
2009-01-22,8.235404014587402
2009-01-23,8.171168327331543
2009-01-29,8.530901908874512
2009-01-30,8.607990264892578
2009-02-02,8.363886833190918
2009-02-03,8.299644470214844
2009-02-04,8.479511260986328
2009-02-05,8.556599617004395
2009-02-06,8.839250564575195
2009-02-09,8.929183006286621
2009-02-10,8.980573654174805
2009-02-11,8.800705909729004
2009-02-12,8.607990264892578
2009-02-13,8.787858963012695
2009-02-16,8.69792366027832
2009-02-17,8.389580726623535
2009-02-18,8.453818321228027
2009-02-19,8.466663360595703
2009-02-20,8.286796569824219
2009-02-23,8.56944465637207
2009-02-24,8.299644470214844
2009-02-25,8.428121566772461
2009-02-26,8.376730918884277
2009-02-27,8.338186264038086
2009-03-02,7.952756404876709
2009-03-03,7.837123870849609
2009-03-04,8.016992568969727
2009-03-05,7.939906597137451
2009-03-06,7.824277400970459
2009-03-09,7.528780460357666
2009-03-10,7.670103073120117
2009-03-11,7.772885799407959
2009-03-12,7.811429023742676
2009-03-13,8.145471572875977
2009-03-16,8.415274620056152
2009-03-17,8.351035118103027
2009-03-18,8.543750762939453
2009-03-19,8.505208015441895
2009-03-20,8.338186264038086
2009-03-23,8.762163162231445
2009-03-24,9.044811248779297
2009-03-25,8.877792358398438
2009-03-26,9.173288345336914
2009-03-27,9.186139106750488
2009-03-30,8.77501106262207
2009-03-31,8.864945411682129
2009-04-01,8.800705909729004
2009-04-02,9.455942153930664
2009-04-03,9.455942153930664
2009-04-06,9.777135848999023
2009-04-07,9.72574520111084
2009-04-08,9.404552459716797
2009-04-09,9.687200546264648
2009-04-14,10.111176490783691
2009-04-15,10.188262939453125
2009-04-16,10.124024391174316
2009-04-17,10.162568092346191
2009-04-20,10.239654541015625
2009-04-21,9.969853401184082
2009-04-22,9.687200546264648
2009-04-23,9.918460845947266
2009-04-24,9.95700454711914
2009-04-27,9.687200546264648
2009-04-28,9.494483947753906
2009-04-29,9.648658752441406
2009-04-30,10.008393287658691
2009-05-04,10.586542129516602
2009-05-05,10.625086784362793
2009-05-06,10.882040023803711
2009-05-07,11.113301277160645
2009-05-08,11.241778373718262
2009-05-11,11.04905891418457
2009-05-12,11.10045337677002
2009-05-13,11.010517120361328
2009-05-14,10.67647933959961
2009-05-15,10.856345176696777
2009-05-18,11.010517120361328
2009-05-19,11.357407569885254
2009-05-20,11.306017875671387
2009-05-21,11.151844024658203
2009-05-22,11.07475757598877
2009-05-25,11.126148223876953
2009-05-26,11.07475757598877
2009-05-27,11.665754318237305
2009-05-29,11.845621109008789
2009-06-01,12.28244686126709
2009-06-02,11.974098205566406
2009-06-03,12.102575302124023
2009-06-04,12.03834056854248
2009-06-05,12.128270149230957
2009-06-08,11.884163856506348
2009-06-09,11.768535614013672
2009-06-10,12.231056213378906
2009-06-11,12.243904113769531
2009-06-12,12.308141708374023
2009-06-15,12.03834056854248
2009-06-16,11.832775115966797
2009-06-17,11.781383514404297
2009-06-18,11.614359855651855
2009-06-19,11.717144012451172
2009-06-22,11.819927215576172
2009-06-23,11.485885620117188
2009-06-24,11.70429801940918
2009-06-25,11.96125602722168
2009-06-26,12.15396785736084
2009-06-29,12.115427017211914
2009-06-30,12.051185607910156
2009-07-02,11.858469009399414
2009-07-03,11.884163856506348
2009-07-06,11.729991912841797
2009-07-07,11.678603172302246
2009-07-08,11.601515769958496
2009-07-09,11.640055656433105
2009-07-10,11.562973022460938
2009-07-13,11.306017875671387
2009-07-14,11.691450119018555
2009-07-15,11.96125602722168
2009-07-16,11.986948013305664
2009-07-17,12.308141708374023
2009-07-20,12.744961738586426
2009-07-21,12.7578125
2009-07-22,12.603641510009766
2009-07-23,12.94410514831543
2009-07-24,13.07258129119873
2009-07-27,13.23318099975586
2009-07-28,13.425898551940918
2009-07-29,13.136820793151855
2009-07-30,13.201061248779297
2009-07-31,13.425898551940918
2009-08-03,13.554372787475586
2009-08-04,13.554372787475586
2009-08-05,13.361658096313477
2009-08-06,13.650732040405273
2009-08-07,13.2974214553833
2009-08-10,13.650732040405273
2009-08-11,13.71496868133545
2009-08-12,13.361658096313477
2009-08-13,13.61861515045166
2009-08-14,13.586492538452148
2009-08-17,13.168940544128418
2009-08-18,13.26529598236084
2009-08-19,13.040462493896484
2009-08-20,13.2974214553833
2009-08-21,13.23318099975586
2009-08-24,13.425898551940918
2009-08-25,13.361658096313477
2009-08-26,13.361658096313477
2009-08-27,13.23318099975586
2009-08-28,13.136820793151855
2009-08-31,12.911988258361816
2009-09-01,12.976225852966309
2009-09-02,12.770661354064941
2009-09-03,12.911988258361816
2009-09-04,13.2974214553833
2009-09-07,13.490130424499512
2009-09-08,13.779206275939941
2009-09-09,13.68285083770752
2009-09-10,13.779206275939941
2009-09-11,13.843449592590332
2009-09-14,13.747086524963379
2009-09-15,13.71496868133545
2009-09-16,14.004042625427246
2009-09-17,14.261000633239746
2009-09-18,14.196760177612305
2009-09-21,14.10040283203125
2009-09-22,14.261000633239746
2009-09-23,14.164636611938477
2009-09-24,13.843449592590332
2009-09-25,13.81132698059082
2009-09-28,13.522253036499023
2009-09-29,13.779206275939941
2009-09-30,13.747086524963379
2009-10-02,13.361658096313477
2009-10-05,13.393777847290039
2009-10-06,13.68285083770752
2009-10-07,13.97192668914795
2009-10-08,14.132519721984863
2009-10-09,14.132519721984863
2009-10-12,13.97192668914795
2009-10-13,14.132519721984863
2009-10-14,14.389473915100098
2009-10-15,14.453713417053223
2009-10-16,14.389473915100098
2009-10-19,14.550070762634277
2009-10-20,14.678548812866211
2009-10-21,14.614311218261719
2009-10-22,14.582196235656738
2009-10-23,14.807027816772461
2009-10-27,14.582196235656738
2009-10-28,14.293118476867676
2009-10-29,13.747086524963379
2009-10-30,14.036162376403809
2009-11-02,13.97192668914795
2009-11-03,13.68285083770752
2009-11-04,13.939805030822754
2009-11-05,13.81132698059082
2009-11-06,14.10040283203125
2009-11-09,14.35736083984375
2009-11-10,14.35736083984375
2009-11-11,14.582196235656738
2009-11-12,14.453713417053223
2009-11-13,14.550070762634277
2009-11-16,14.807027816772461
2009-11-17,14.774908065795898
2009-11-18,14.742790222167969
2009-11-19,14.582196235656738
2009-11-20,14.485835075378418
2009-11-23,14.710667610168457
2009-11-24,14.517956733703613
2009-11-25,14.646430969238281
2009-11-26,14.35736083984375
2009-11-27,13.68285083770752
2009-11-30,14.132519721984863
2009-12-01,14.293118476867676
2009-12-02,14.389473915100098
2009-12-03,14.550070762634277
2009-12-04,14.582196235656738
2009-12-07,14.453713417053223
2009-12-08,14.261000633239746
2009-12-09,14.068283081054688
2009-12-10,14.036162376403809
2009-12-11,14.196760177612305
2009-12-14,14.261000633239746
2009-12-15,14.10040283203125
2009-12-16,13.97192668914795
2009-12-17,13.81132698059082
2009-12-18,13.68285083770752
2009-12-21,13.554372787475586
2009-12-22,13.61861515045166
2009-12-23,13.747086524963379
2009-12-24,13.907689094543457
2009-12-28,13.875567436218262
2009-12-29,13.875567436218262
2009-12-30,13.939805030822754
2009-12-31,14.164636611938477
2010-01-04,14.10040283203125
2010-01-05,14.421595573425293
2010-01-06,14.517956733703613
2010-01-07,14.421595573425293
2010-01-08,14.453713417053223
2010-01-11,14.517956733703613
2010-01-12,14.389473915100098
2010-01-13,14.068283081054688
2010-01-14,14.036162376403809
2010-01-15,13.97192668914795
2010-01-18,13.875567436218262
2010-01-19,14.004042625427246
2010-01-20,13.747086524963379
2010-01-21,13.490130424499512
2010-01-22,13.458017349243164
2010-01-25,13.329535484313965
2010-01-26,13.040462493896484
2010-01-27,12.976225852966309
2010-01-28,13.168940544128418
2010-01-29,13.008342742919922
2010-02-01,13.10470199584961
2010-02-02,13.136820793151855
2010-02-03,13.393777847290039
2010-02-04,13.156091690063477
2010-02-05,12.7578125
2010-02-08,12.680724143981934
2010-02-09,12.79635238647461
2010-02-10,12.911988258361816
2010-02-11,13.136820793151855
2010-02-12,13.136820793151855
2010-02-17,13.2974214553833
2010-02-18,13.201061248779297
2010-02-19,12.879864692687988
2010-02-22,13.168940544128418
2010-02-23,13.329535484313965
2010-02-24,13.26529598236084
2010-02-25,13.201061248779297
2010-02-26,13.361658096313477
2010-03-01,13.61861515045166
2010-03-02,13.554372787475586
2010-03-03,13.522253036499023
2010-03-04,13.329535484313965
2010-03-05,13.458017349243164
2010-03-08,13.71496868133545
2010-03-09,13.747086524963379
2010-03-10,13.747086524963379
2010-03-11,13.747086524963379
2010-03-12,13.71496868133545
2010-03-15,13.68285083770752
2010-03-16,13.61861515045166
2010-03-17,13.875567436218262
2010-03-18,13.81132698059082
2010-03-19,13.81132698059082
2010-03-22,13.586492538452148
2010-03-23,13.61861515045166
2010-03-24,13.650732040405273
2010-03-25,13.458017349243164
2010-03-26,13.61861515045166
2010-03-29,13.779206275939941
2010-03-30,13.843449592590332
2010-03-31,13.779206275939941
2010-04-01,14.004042625427246
2010-04-07,14.196760177612305
2010-04-08,14.164636611938477
2010-04-09,14.389473915100098
2010-04-12,14.389473915100098
2010-04-13,14.35736083984375
2010-04-14,14.35736083984375
2010-04-15,14.35736083984375
2010-04-16,14.196760177612305
2010-04-19,13.907689094543457
2010-04-20,14.004042625427246
2010-04-21,13.939805030822754
2010-04-22,13.907689094543457
2010-04-23,13.81132698059082
2010-04-26,13.97192668914795
2010-04-27,13.779206275939941
2010-04-28,13.61861515045166
2010-04-29,13.425898551940918
2010-04-30,13.650732040405273
2010-05-03,13.458017349243164
2010-05-04,13.425898551940918
2010-05-05,13.168940544128418
2010-05-06,13.07258129119873
2010-05-07,12.911988258361816
2010-05-10,13.26529598236084
2010-05-11,13.07258129119873
2010-05-12,13.10470199584961
2010-05-13,13.23318099975586
2010-05-14,13.07258129119873
2010-05-17,12.79635238647461
2010-05-18,12.976225852966309
2010-05-19,12.770661354064941
2010-05-20,12.770661354064941
2010-05-24,12.822052955627441
2010-05-25,12.41092300415039
2010-05-26,12.539399147033691
2010-05-27,12.732115745544434
2010-05-28,12.911988258361816
2010-05-31,12.911988258361816
2010-06-01,12.7578125
2010-06-02,12.744961738586426
2010-06-03,12.94410514831543
2010-06-04,12.976225852966309
2010-06-07,12.680724143981934
2010-06-08,12.7578125
2010-06-09,12.879864692687988
2010-06-10,12.879864692687988
2010-06-11,13.008342742919922
2010-06-14,13.136820793151855
2010-06-15,13.168940544128418
2010-06-17,13.201061248779297
2010-06-18,13.26529598236084
2010-06-21,13.71496868133545
2010-06-22,13.650732040405273
2010-06-23,13.650732040405273
2010-06-24,13.522253036499023
2010-06-25,13.522253036499023
2010-06-28,13.586492538452148
2010-06-29,13.23318099975586
2010-06-30,13.201061248779297
2010-07-02,13.008342742919922
2010-07-05,12.976225852966309
2010-07-06,13.136820793151855
2010-07-07,13.008342742919922
2010-07-08,13.10470199584961
2010-07-09,13.361658096313477
2010-07-12,13.425898551940918
2010-07-13,13.361658096313477
2010-07-14,13.490130424499512
2010-07-15,13.26529598236084
2010-07-16,13.26529598236084
2010-07-19,13.136820793151855
2010-07-20,13.26529598236084
2010-07-21,13.458017349243164
2010-07-22,13.490130424499512
2010-07-23,13.650732040405273
2010-07-26,13.650732040405273
2010-07-27,13.747086524963379
2010-07-28,13.843449592590332
2010-07-29,13.843449592590332
2010-07-30,13.747086524963379
2010-08-02,14.004042625427246
2010-08-03,14.068283081054688
2010-08-04,14.10040283203125
2010-08-05,14.132519721984863
2010-08-06,14.196760177612305
2010-08-09,14.261000633239746
2010-08-10,14.036162376403809
2010-08-11,13.97192668914795
2010-08-12,13.81132698059082
2010-08-13,13.779206275939941
2010-08-16,13.81132698059082
2010-08-17,13.843449592590332
2010-08-18,13.779206275939941
2010-08-19,13.81132698059082
2010-08-20,13.747086524963379
2010-08-23,13.71496868133545
2010-08-24,13.554372787475586
2010-08-25,13.490130424499512
2010-08-26,13.554372787475586
2010-08-27,13.490130424499512
2010-08-30,13.586492538452148
2010-08-31,13.425898551940918
2010-09-01,13.522253036499023
2010-09-02,13.747086524963379
2010-09-03,13.81132698059082
2010-09-06,14.068283081054688
2010-09-07,14.10040283203125
2010-09-08,13.875567436218262
2010-09-09,13.939805030822754
2010-09-10,14.004042625427246
2010-09-13,14.293118476867676
2010-09-14,14.293118476867676
2010-09-15,14.325234413146973
2010-09-16,14.293118476867676
2010-09-17,14.453713417053223
2010-09-20,14.453713417053223
2010-09-21,14.517956733703613
2010-09-22,14.517956733703613
2010-09-24,14.582196235656738
2010-09-27,14.710667610168457
2010-09-28,14.550070762634277
2010-09-29,14.742790222167969
2010-09-30,14.742790222167969
2010-10-04,14.871265411376953
2010-10-05,14.871265411376953
2010-10-06,15.096100807189941
2010-10-07,15.063981056213379
2010-10-08,15.096100807189941
2010-10-11,15.288819313049316
2010-10-12,15.224579811096191
2010-10-13,15.449416160583496
2010-10-14,15.674247741699219
2010-10-15,15.642130851745605
2010-10-18,15.449416160583496
2010-10-19,15.642130851745605
2010-10-20,15.513651847839355
2010-10-21,15.57789421081543
2010-10-22,15.449416160583496
2010-10-25,15.545771598815918
2010-10-26,15.513651847839355
2010-10-27,15.256699562072754
2010-10-28,15.288819313049316
2010-10-29,14.871265411376953
2010-11-01,15.288819313049316
2010-11-02,15.256699562072754
2010-11-03,15.57789421081543
2010-11-04,15.802728652954102
2010-11-05,16.05968475341797
2010-11-08,16.123924255371094
2010-11-09,15.995448112487793
2010-11-10,15.834846496582031
2010-11-11,15.963324546813965
2010-11-12,15.642130851745605
2010-11-15,15.513651847839355
2010-11-16,15.288819313049316
2010-11-17,14.999741554260254
2010-11-18,15.256699562072754
2010-11-19,15.256699562072754
2010-11-22,15.224579811096191
2010-11-23,14.807027816772461
2010-11-24,14.903386116027832
2010-11-25,14.903386116027832
2010-11-26,14.774908065795898
2010-11-29,14.999741554260254
2010-11-30,14.903386116027832
2010-12-01,15.031867027282715
2010-12-02,15.160341262817383
2010-12-03,15.128219604492188
2010-12-06,14.999741554260254
2010-12-07,15.160341262817383
2010-12-08,14.903386116027832
2010-12-09,14.967621803283691
2010-12-10,14.999741554260254
2010-12-13,15.096100807189941
2010-12-14,15.160341262817383
2010-12-15,14.807027816772461
2010-12-16,14.646430969238281
2010-12-17,14.678548812866211
2010-12-20,14.646430969238281
2010-12-21,14.903386116027832
2010-12-22,14.903386116027832
2010-12-23,14.807027816772461
2010-12-24,14.774908065795898
2010-12-28,14.646430969238281
2010-12-29,14.871265411376953
2010-12-30,14.871265411376953
2010-12-31,14.903386116027832
2011-01-03,15.160341262817383
2011-01-04,15.288819313049316
2011-01-05,15.353052139282227
2011-01-06,15.385174751281738
2011-01-07,15.385174751281738
2011-01-10,15.192461013793945
2011-01-11,15.385174751281738
2011-01-12,15.610013008117676
2011-01-13,15.674247741699219
2011-01-14,15.706368446350098
2011-01-17,15.642130851745605
2011-01-18,15.642130851745605
2011-01-19,15.770608901977539
2011-01-20,15.513651847839355
2011-01-21,15.449416160583496
2011-01-24,15.385174751281738
2011-01-25,15.385174751281738
2011-01-26,15.417293548583984
2011-01-27,15.385174751281738
2011-01-28,15.256699562072754
2011-01-31,15.192461013793945
2011-02-01,15.192461013793945
2011-02-02,15.455839157104492
2011-02-07,15.224579811096191
2011-02-08,15.160341262817383
2011-02-09,14.967621803283691
2011-02-10,14.678548812866211
2011-02-11,14.774908065795898
2011-02-14,14.935508728027344
2011-02-15,14.807027816772461
2011-02-16,14.967621803283691
2011-02-17,15.063981056213379
2011-02-18,15.256699562072754
2011-02-21,15.192461013793945
2011-02-22,14.871265411376953
2011-02-23,14.839146614074707
2011-02-24,14.614311218261719
2011-02-25,14.903386116027832
2011-02-28,15.128219604492188
2011-03-01,15.160341262817383
2011-03-02,14.871265411376953
2011-03-03,14.967621803283691
2011-03-04,15.160341262817383
2011-03-07,15.063981056213379
2011-03-08,15.353052139282227
2011-03-09,15.417293548583984
2011-03-10,15.256699562072754
2011-03-11,15.031867027282715
2011-03-14,15.096100807189941
2011-03-15,14.678548812866211
2011-03-16,14.710667610168457
2011-03-17,14.453713417053223
2011-03-18,14.485835075378418
2011-03-21,14.710667610168457
2011-03-22,14.774908065795898
2011-03-23,14.807027816772461
2011-03-24,14.871265411376953
2011-03-25,14.999741554260254
2011-03-28,14.967621803283691
2011-03-29,14.967621803283691
2011-03-30,15.192461013793945
2011-03-31,15.256699562072754
2011-04-01,15.417293548583984
2011-04-04,15.642130851745605
2011-04-06,15.73849105834961
2011-04-07,15.770608901977539
2011-04-08,15.834846496582031
2011-04-11,15.770608901977539
2011-04-12,15.545771598815918
2011-04-13,15.674247741699219
2011-04-14,15.545771598815918
2011-04-15,15.545771598815918
2011-04-18,15.449416160583496
2011-04-19,15.256699562072754
2011-04-20,15.48153305053711
2011-04-21,15.674247741699219
2011-04-26,15.57789421081543
2011-04-27,15.513651847839355
2011-04-28,15.385174751281738
2011-04-29,15.288819313049316
2011-05-03,15.256699562072754
2011-05-04,15.031867027282715
2011-05-05,15.031867027282715
2011-05-06,14.967621803283691
2011-05-09,15.096100807189941
2011-05-11,15.096100807189941
2011-05-12,14.935508728027344
2011-05-13,15.128219604492188
2011-05-16,14.903386116027832
2011-05-17,14.839146614074707
2011-05-18,14.935508728027344
2011-05-19,15.063981056213379
2011-05-20,15.096100807189941
2011-05-23,14.774908065795898
2011-05-24,14.807027816772461
2011-05-25,14.807027816772461
2011-05-26,14.871265411376953
2011-05-27,15.063981056213379
2011-05-30,15.096100807189941
2011-05-31,15.449416160583496
2011-06-01,15.385174751281738
2011-06-02,15.160341262817383
2011-06-03,14.999741554260254
2011-06-07,14.935508728027344
2011-06-08,14.807027816772461
2011-06-09,14.774908065795898
2011-06-10,14.646430969238281
2011-06-13,14.710667610168457
2011-06-14,14.710667610168457
2011-06-15,14.614311218261719
2011-06-16,14.389473915100098
2011-06-17,14.22887897491455
2011-06-20,14.164636611938477
2011-06-21,14.325234413146973
2011-06-22,14.325234413146973
2011-06-23,14.261000633239746
2011-06-24,14.517956733703613
2011-06-27,14.453713417053223
2011-06-28,14.485835075378418
2011-06-29,14.453713417053223
2011-06-30,14.678548812866211
2011-07-04,14.935508728027344
2011-07-05,14.935508728027344
2011-07-06,14.774908065795898
2011-07-07,14.742790222167969
2011-07-08,14.871265411376953
2011-07-11,14.646430969238281
2011-07-12,14.196760177612305
2011-07-13,14.35736083984375
2011-07-14,14.389473915100098
2011-07-15,14.325234413146973
2011-07-18,14.261000633239746
2011-07-19,14.35736083984375
2011-07-20,14.421595573425293
2011-07-21,14.389473915100098
2011-07-22,14.710667610168457
2011-07-25,14.614311218261719
2011-07-26,14.742790222167969
2011-07-27,14.774908065795898
2011-07-28,14.774908065795898
2011-07-29,14.678548812866211
2011-08-01,14.871265411376953
2011-08-02,14.678548812866211
2011-08-03,14.421595573425293
2011-08-04,14.325234413146973
2011-08-05,13.71496868133545
2011-08-08,13.458017349243164
2011-08-09,12.693573951721191
2011-08-10,12.976225852966309
2011-08-11,12.879864692687988
2011-08-12,12.879864692687988
2011-08-15,13.2974214553833
2011-08-16,13.26529598236084
2011-08-17,13.329535484313965
2011-08-18,13.10470199584961
2011-08-19,12.744961738586426
2011-08-22,12.8092041015625
2011-08-23,13.040462493896484
2011-08-24,12.8092041015625
2011-08-25,12.976225852966309
2011-08-26,12.847747802734375
2011-08-29,13.07258129119873
2011-08-30,13.2974214553833
2011-08-31,13.490130424499512
2011-09-01,13.522253036499023
2011-09-02,13.2974214553833
2011-09-05,12.94410514831543
2011-09-06,12.976225852966309
2011-09-07,13.201061248779297
2011-09-08,13.136820793151855
2011-09-09,13.10470199584961
2011-09-12,12.590794563293457
2011-09-14,12.62933349609375
2011-09-15,12.719269752502441
2011-09-16,12.879864692687988
2011-09-19,12.50085735321045
2011-09-20,12.603641510009766
2011-09-21,12.44946575164795
2011-09-22,11.884163856506348
2011-09-23,11.717144012451172
2011-09-26,11.550124168395996
2011-09-27,12.012643814086914
2011-09-28,11.935554504394531
2011-09-30,11.652908325195312
2011-10-03,11.164692878723145
2011-10-04,10.804953575134277
2011-10-06,11.408799171447754
2011-10-07,11.742840766906738
2011-10-10,11.755684852600098
2011-10-11,12.025492668151855
2011-10-12,12.15396785736084
2011-10-13,12.436617851257324
2011-10-14,12.243904113769531
2011-10-17,12.488007545471191
2011-10-18,11.96125602722168
2011-10-19,12.128270149230957
2011-10-20,11.935554504394531
2011-10-21,11.974098205566406
2011-10-24,12.44946575164795
2011-10-25,12.552247047424316
2011-10-26,12.62933349609375
2011-10-27,13.008342742919922
2011-10-28,13.26529598236084
2011-10-31,12.822052955627441
2011-11-01,12.488007545471191
2011-11-02,12.7578125
2011-11-03,12.39807415008545
2011-11-04,12.8092041015625
2011-11-07,12.693573951721191
2011-11-08,12.719269752502441
2011-11-09,12.911988258361816
2011-11-10,12.231056213378906
2011-11-11,12.35953140258789
2011-11-14,12.62933349609375
2011-11-15,12.475160598754883
2011-11-16,12.218207359313965
2011-11-17,12.141118049621582
2011-11-18,11.948405265808105
2011-11-21,11.781383514404297
2011-11-22,11.794230461120605
2011-11-23,11.550124168395996
2011-11-24,11.614359855651855
2011-11-25,11.447342872619629
2011-11-28,11.678603172302246
2011-11-29,11.807076454162598
2011-11-30,11.62721061706543
2011-12-01,12.308141708374023
2011-12-02,12.346684455871582
2011-12-05,12.423770904541016
2011-12-06,12.256752967834473
2011-12-07,12.44946575164795
2011-12-08,12.372384071350098
2011-12-09,12.012643814086914
2011-12-12,11.999796867370605
2011-12-13,11.948405265808105
2011-12-14,11.871316909790039
2011-12-15,11.678603172302246
2011-12-16,11.858469009399414
2011-12-19,11.70429801940918
2011-12-20,11.70429801940918
2011-12-21,11.909859657287598
2011-12-22,11.897017478942871
2011-12-23,12.064032554626465
2011-12-28,11.986948013305664
2011-12-29,11.897017478942871
2011-12-30,11.935554504394531
2012-01-03,12.218207359313965
2012-01-04,12.141118049621582
2012-01-05,12.20535659790039
2012-01-06,12.03834056854248
2012-01-09,12.256752967834473
2012-01-10,12.308141708374023
2012-01-11,12.423770904541016
2012-01-12,12.385229110717773
2012-01-13,12.44946575164795
2012-01-16,12.308141708374023
2012-01-17,12.719269752502441
2012-01-18,12.770661354064941
2012-01-19,12.94410514831543
2012-01-20,13.008342742919922
2012-01-26,13.23318099975586
2012-01-27,13.26529598236084
2012-01-30,13.07258129119873
2012-01-31,13.168940544128418
2012-02-01,13.201061248779297
2012-02-02,13.425898551940918
2012-02-03,13.425898551940918
2012-02-06,13.425898551940918
2012-02-07,13.393777847290039
2012-02-08,13.61861515045166
2012-02-09,13.61861515045166
2012-02-10,13.458017349243164
2012-02-13,13.554372787475586
2012-02-14,13.554372787475586
2012-02-15,13.875567436218262
2012-02-16,13.779206275939941
2012-02-17,13.907689094543457
2012-02-20,13.875567436218262
2012-02-21,13.907689094543457
2012-02-22,13.97192668914795
2012-02-23,13.875567436218262
2012-02-24,13.843449592590332
2012-02-27,13.747086524963379
2012-02-28,14.004042625427246
2012-02-29,14.036162376403809
2012-03-01,13.875567436218262
2012-03-02,14.004042625427246
2012-03-05,13.71496868133545
2012-03-06,13.490130424499512
2012-03-07,13.361658096313477
2012-03-08,13.554372787475586
2012-03-09,13.68285083770752
2012-03-12,13.71496868133545
2012-03-13,13.843449592590332
2012-03-14,13.843449592590332
2012-03-15,13.875567436218262
2012-03-16,13.875567436218262
2012-03-20,13.586492538452148
2012-03-21,13.586492538452148
2012-03-22,13.586492538452148
2012-03-23,13.425898551940918
2012-03-26,13.458017349243164
2012-03-27,13.71496868133545
2012-03-28,13.586492538452148
2012-03-29,13.393777847290039
2012-03-30,13.361658096313477
2012-04-02,13.329535484313965
2012-04-03,13.522253036499023
2012-04-05,13.393777847290039
2012-04-10,13.23318099975586
2012-04-11,13.10470199584961
2012-04-12,13.23318099975586
2012-04-13,13.490130424499512
2012-04-16,13.425898551940918
2012-04-17,13.393777847290039
2012-04-18,13.554372787475586
2012-04-19,13.68285083770752
2012-04-20,13.650732040405273
2012-04-23,13.425898551940918
2012-04-24,13.458017349243164
2012-04-25,13.458017349243164
2012-04-26,13.554372787475586
2012-04-27,13.425898551940918
2012-04-30,13.650732040405273
2012-05-02,13.81132698059082
2012-05-03,13.747086524963379
2012-05-04,13.650732040405273
2012-05-07,13.26529598236084
2012-05-08,13.26529598236084
2012-05-09,13.136820793151855
2012-05-10,13.07258129119873
2012-05-11,12.911988258361816
2012-05-14,12.7578125
2012-05-15,12.879864692687988
2012-05-16,12.475160598754883
2012-05-17,12.462313652038574
2012-05-18,12.295289993286133
2012-05-21,12.308141708374023
2012-05-22,12.372384071350098
2012-05-23,12.192510604858398
2012-05-24,12.141118049621582
2012-05-25,12.179661750793457
2012-05-28,12.243904113769531
2012-05-29,12.39807415008545
2012-05-30,12.179661750793457
2012-05-31,12.192510604858398
2012-06-01,12.166815757751465
2012-06-04,11.884163856506348
2012-06-05,11.935554504394531
2012-06-06,12.192510604858398
2012-06-07,12.256752967834473
2012-06-08,12.141118049621582
2012-06-11,12.44946575164795
2012-06-12,12.41092300415039
2012-06-13,12.513704299926758
2012-06-14,12.41092300415039
2012-06-15,12.7064208984375
2012-06-18,12.8092041015625
2012-06-19,12.79635238647461
2012-06-20,12.847747802734375
2012-06-21,12.7064208984375
2012-06-22,12.526554107666016
2012-06-25,12.462313652038574
2012-06-26,12.526554107666016
2012-06-27,12.655028343200684
2012-06-28,12.539399147033691
2012-06-29,12.822052955627441
2012-07-03,13.008342742919922
2012-07-04,12.976225852966309
2012-07-05,13.07258129119873
2012-07-06,13.040462493896484
2012-07-09,12.8092041015625
2012-07-10,12.783509254455566
2012-07-11,12.8092041015625
2012-07-12,12.539399147033691
2012-07-13,12.5779447555542
2012-07-16,12.590794563293457
2012-07-17,12.822052955627441
2012-07-18,12.680724143981934
2012-07-19,12.911988258361816
2012-07-20,12.94410514831543
2012-07-23,12.552247047424316
2012-07-24,12.436617851257324
2012-07-25,12.44946575164795
2012-07-26,12.462313652038574
2012-07-27,12.719269752502441
2012-07-30,12.94410514831543
2012-07-31,13.040462493896484
2012-08-01,13.040462493896484
2012-08-02,13.008342742919922
2012-08-03,12.976225852966309
2012-08-06,13.168940544128418
2012-08-07,13.23318099975586
2012-08-08,13.201061248779297
2012-08-09,13.361658096313477
2012-08-10,13.26529598236084
2012-08-13,13.23318099975586
2012-08-14,13.393777847290039
2012-08-15,13.23318099975586
2012-08-16,13.168940544128418
2012-08-17,13.2974214553833
2012-08-20,13.26529598236084
2012-08-21,13.2974214553833
2012-08-22,13.136820793151855
2012-08-23,13.2974214553833
2012-08-24,13.136820793151855
2012-08-27,13.10470199584961
2012-08-28,13.10470199584961
2012-08-29,13.07258129119873
2012-08-30,12.911988258361816
2012-08-31,12.879864692687988
2012-09-03,12.94410514831543
2012-09-04,12.834898948669434
2012-09-05,12.655028343200684
2012-09-06,12.744961738586426
2012-09-07,13.168940544128418
2012-09-10,13.168940544128418
2012-09-11,13.168940544128418
2012-09-12,13.329535484313965
2012-09-13,13.2974214553833
2012-09-14,13.650732040405273
2012-09-17,13.68285083770752
2012-09-18,13.650732040405273
2012-09-19,13.843449592590332
2012-09-20,13.650732040405273
2012-09-21,13.747086524963379
2012-09-24,13.71496868133545
2012-09-25,13.747086524963379
2012-09-26,13.61861515045166
2012-09-27,13.81132698059082
2012-09-28,13.81132698059082
2012-10-03,13.81132698059082
2012-10-04,13.843449592590332
2012-10-05,13.907689094543457
2012-10-08,13.779206275939941
2012-10-09,13.875567436218262
2012-10-10,13.875567436218262
2012-10-11,13.907689094543457
2012-10-12,14.004042625427246
2012-10-15,14.036162376403809
2012-10-16,14.036162376403809
2012-10-17,14.196760177612305
2012-10-18,14.261000633239746
2012-10-19,14.261000633239746
2012-10-22,14.389473915100098
2012-10-24,14.421595573425293
2012-10-25,14.453713417053223
2012-10-26,14.293118476867676
2012-10-29,14.261000633239746
2012-10-30,14.196760177612305
2012-10-31,14.004042625427246
2012-11-01,14.132519721984863
2012-11-02,14.35736083984375
2012-11-05,14.261000633239746
2012-11-06,14.22887897491455
2012-11-07,14.325234413146973
2012-11-08,13.939805030822754
2012-11-09,13.843449592590332
2012-11-12,13.875567436218262
2012-11-13,13.71496868133545
2012-11-14,13.875567436218262
2012-11-15,13.68285083770752
2012-11-16,13.650732040405273
2012-11-19,13.81132698059082
2012-11-20,13.779206275939941
2012-11-21,13.97192668914795
2012-11-22,14.10040283203125
2012-11-23,14.22887897491455
2012-11-26,14.196760177612305
2012-11-27,14.164636611938477
2012-11-28,14.068283081054688
2012-11-29,14.22887897491455
2012-11-30,14.293118476867676
2012-12-03,14.10040283203125
2012-12-04,14.132519721984863
2012-12-05,14.453713417053223
2012-12-06,14.421595573425293
2012-12-07,14.389473915100098
2012-12-10,14.421595573425293
2012-12-11,14.453713417053223
2012-12-12,14.582196235656738
2012-12-13,14.550070762634277
2012-12-14,14.678548812866211
2012-12-17,14.582196235656738
2012-12-18,14.582196235656738
2012-12-19,14.678548812866211
2012-12-20,14.646430969238281
2012-12-21,14.582196235656738
2012-12-24,14.582196235656738
2012-12-27,14.678548812866211
2012-12-28,14.710667610168457
2012-12-31,14.678548812866211
2013-01-02,15.096100807189941
2013-01-03,15.128219604492188
2013-01-04,15.096100807189941
2013-01-07,15.096100807189941
2013-01-08,14.935508728027344
2013-01-09,15.063981056213379
2013-01-10,15.160341262817383
2013-01-11,15.096100807189941
2013-01-14,15.160341262817383
2013-01-15,15.160341262817383
2013-01-16,15.128219604492188
2013-01-17,15.128219604492188
2013-01-18,15.288819313049316
2013-01-21,15.288819313049316
2013-01-22,15.288819313049316
2013-01-23,15.320940971374512
2013-01-24,15.288819313049316
2013-01-25,15.288819313049316
2013-01-28,15.353052139282227
2013-01-29,15.353052139282227
2013-01-30,15.417293548583984
2013-01-31,15.385174751281738
2013-02-01,15.353052139282227
2013-02-04,15.353052139282227
2013-02-05,14.999741554260254
2013-02-06,15.063981056213379
2013-02-07,15.031867027282715
2013-02-08,15.096100807189941
2013-02-14,15.192461013793945
2013-02-15,15.192461013793945
2013-02-18,15.160341262817383
2013-02-19,14.999741554260254
2013-02-20,15.096100807189941
2013-02-21,14.839146614074707
2013-02-22,14.774908065795898
2013-02-25,14.807027816772461
2013-02-26,14.582196235656738
2013-02-27,14.646430969238281
2013-02-28,14.903386116027832
2013-03-01,14.839146614074707
2013-03-04,14.614311218261719
2013-03-05,14.614311218261719
2013-03-06,14.742790222167969
2013-03-07,14.774908065795898
2013-03-08,14.999741554260254
2013-03-11,14.999741554260254
2013-03-12,14.871265411376953
2013-03-13,14.646430969238281
2013-03-14,14.678548812866211
2013-03-15,14.614311218261719
2013-03-18,14.325234413146973
2013-03-19,14.261000633239746
2013-03-20,14.485835075378418
2013-03-21,14.453713417053223
2013-03-22,14.389473915100098
2013-03-25,14.485835075378418
2013-03-26,14.517956733703613
2013-03-27,14.582196235656738
2013-03-28,14.517956733703613
2013-04-02,14.582196235656738
2013-04-03,14.517956733703613
2013-04-05,14.132519721984863
2013-04-08,14.132519721984863
2013-04-09,14.22887897491455
2013-04-10,14.325234413146973
2013-04-11,14.325234413146973
2013-04-12,14.389473915100098
2013-04-15,14.132519721984863
2013-04-16,14.10040283203125
2013-04-17,14.036162376403809
2013-04-18,14.004042625427246
2013-04-19,14.35736083984375
2013-04-22,14.325234413146973
2013-04-23,14.164636611938477
2013-04-24,14.453713417053223
2013-04-25,14.582196235656738
2013-04-26,14.710667610168457
2013-04-29,14.678335189819336
2013-04-30,14.775328636169434
2013-05-02,14.775328636169434
2013-05-03,14.775328636169434
2013-05-06,14.904656410217285
2013-05-07,14.969319343566895
2013-05-08,15.06630802154541
2013-05-09,15.130972862243652
2013-05-10,15.195637702941895
2013-05-13,14.93698501586914
2013-05-14,14.969319343566895
2013-05-15,15.033981323242188
2013-05-16,15.033981323242188
2013-05-20,15.324962615966797
2013-05-21,15.260298728942871
2013-05-22,15.195637702941895
2013-05-23,14.775328636169434
2013-05-24,14.807660102844238
2013-05-27,14.839996337890625
2013-05-28,15.001649856567383
2013-05-29,14.742997169494629
2013-05-30,14.742997169494629
2013-05-31,14.678335189819336
2013-06-03,14.61368179321289
2013-06-04,14.61368179321289
2013-06-05,14.484349250793457
2013-06-06,14.32269287109375
2013-06-07,14.193370819091797
2013-06-10,14.225701332092285
2013-06-11,14.064043998718262
2013-06-13,13.837729454040527
2013-06-14,13.8700590133667
2013-06-17,14.064043998718262
2013-06-18,14.064043998718262
2013-06-19,13.934721946716309
2013-06-20,13.514418601989746
2013-06-21,13.449756622314453
2013-06-24,13.158773422241211
2013-06-25,13.191104888916016
2013-06-26,13.514418601989746
2013-06-27,13.579078674316406
2013-06-28,13.80539321899414
2013-07-02,13.708404541015625
2013-07-03,13.385093688964844
2013-07-04,13.611408233642578
2013-07-05,13.8700590133667
2013-07-08,13.676072120666504
2013-07-09,13.740737915039062
2013-07-10,13.8700590133667
2013-07-11,14.258035659790039
2013-07-12,14.064043998718262
2013-07-15,14.096378326416016
2013-07-16,14.12870979309082
2013-07-17,14.193370819091797
2013-07-18,14.161038398742676
2013-07-19,14.193370819091797
2013-07-22,14.161038398742676
2013-07-23,14.516680717468262
2013-07-24,14.581347465515137
2013-07-25,14.516680717468262
2013-07-26,14.581347465515137
2013-07-29,14.516680717468262
2013-07-30,14.54901123046875
2013-07-31,14.484349250793457
2013-08-01,14.64600944519043
2013-08-02,14.678335189819336
2013-08-05,14.742997169494629
2013-08-06,14.516680717468262
2013-08-07,14.290364265441895
2013-08-08,14.387359619140625
2013-08-09,14.419687271118164
2013-08-12,14.742997169494629
2013-08-13,14.969319343566895
2013-08-14,14.969319343566895
2013-08-15,14.93698501586914
2013-08-16,14.93698501586914
2013-08-19,14.872325897216797
2013-08-20,14.516680717468262
2013-08-21,14.484349250793457
2013-08-22,14.54901123046875
2013-08-23,14.516680717468262
2013-08-26,14.64600944519043
2013-08-27,14.54901123046875
2013-08-28,14.32269287109375
2013-08-29,14.419687271118164
2013-08-30,14.419687271118164
2013-09-02,14.775328636169434
2013-09-03,14.872325897216797
2013-09-04,14.839996337890625
2013-09-05,15.033981323242188
2013-09-06,15.06630802154541
2013-09-09,15.130972862243652
2013-09-10,15.260298728942871
2013-09-11,15.260298728942871
2013-09-12,15.292632102966309
2013-09-13,15.260298728942871
2013-09-16,15.518948554992676
2013-09-17,15.421954154968262
2013-09-18,15.389622688293457
2013-09-19,15.648272514343262
2013-09-23,15.583612442016602
2013-09-24,15.45428466796875
2013-09-25,15.45428466796875
2013-09-26,15.421954154968262
2013-09-27,15.45428466796875
2013-09-30,15.260298728942871
2013-10-02,15.324962615966797
2013-10-03,15.486617088317871
2013-10-04,15.421954154968262
2013-10-07,15.324962615966797
2013-10-08,15.486617088317871
2013-10-09,15.389622688293457
2013-10-10,15.324962615966797
2013-10-11,15.518948554992676
2013-10-15,15.583612442016602
2013-10-16,15.45428466796875
2013-10-17,15.357293128967285
2013-10-18,15.551276206970215
2013-10-21,15.61594009399414
2013-10-22,15.551276206970215
2013-10-23,15.357293128967285
2013-10-24,15.260298728942871
2013-10-25,15.163300514221191
2013-10-28,15.260298728942871
2013-10-29,15.292632102966309
2013-10-30,15.583612442016602
2013-10-31,15.470973014831543
2013-11-01,15.50409984588623
2013-11-04,15.470973014831543
2013-11-05,15.37159252166748
2013-11-06,15.338460922241211
2013-11-07,15.239075660705566
2013-11-08,15.17281723022461
2013-11-11,15.404718399047852
2013-11-12,15.305333137512207
2013-11-13,15.00717830657959
2013-11-14,15.106560707092285
2013-11-15,15.37159252166748
2013-11-18,15.802254676818848
2013-11-19,15.802254676818848
2013-11-20,15.8353853225708
2013-11-21,15.736000061035156
2013-11-22,15.802254676818848
2013-11-25,15.868515968322754
2013-11-26,15.868515968322754
2013-11-27,15.901644706726074
2013-11-28,15.901644706726074
2013-11-29,15.967897415161133
2013-12-02,16.034160614013672
2013-12-03,15.967897415161133
2013-12-04,15.868515968322754
2013-12-05,15.8353853225708
2013-12-06,15.901644706726074
2013-12-09,15.901644706726074
2013-12-10,15.868515968322754
2013-12-11,15.570356369018555
2013-12-12,15.53722858428955
2013-12-13,15.53722858428955
2013-12-16,15.437845230102539
2013-12-17,15.404718399047852
2013-12-18,15.470973014831543
2013-12-19,15.272204399108887
2013-12-20,15.239075660705566
2013-12-23,15.338460922241211
2013-12-24,15.50409984588623
2013-12-27,15.53722858428955
2013-12-30,15.53722858428955
2013-12-31,15.53722858428955
2014-01-02,15.570356369018555
2014-01-03,15.239075660705566
2014-01-06,15.139692306518555
2014-01-07,15.17281723022461
2014-01-08,15.37159252166748
2014-01-09,15.20594596862793
2014-01-10,15.272204399108887
2014-01-13,15.305333137512207
2014-01-14,15.239075660705566
2014-01-15,15.305333137512207
2014-01-16,15.37159252166748
2014-01-17,15.470973014831543
2014-01-20,15.305333137512207
2014-01-21,15.37159252166748
2014-01-22,15.404718399047852
2014-01-23,15.20594596862793
2014-01-24,14.974045753479004
2014-01-27,14.675888061523438
2014-01-28,14.675888061523438
2014-01-29,14.775272369384766
2014-01-30,14.709022521972656
2014-02-04,14.311477661132812
2014-02-05,14.212093353271484
2014-02-06,14.311477661132812
2014-02-07,14.443990707397461
2014-02-10,14.410863876342773
2014-02-11,14.675888061523438
2014-02-12,14.907790184020996
2014-02-13,14.808408737182617
2014-02-14,14.94091796875
2014-02-17,15.00717830657959
2014-02-18,15.073433876037598
2014-02-19,15.106560707092285
2014-02-20,14.974045753479004
2014-02-21,15.073433876037598
2014-02-24,14.94091796875
2014-02-25,14.94091796875
2014-02-26,15.00717830657959
2014-02-27,15.272204399108887
2014-02-28,15.239075660705566
2014-03-03,15.040304183959961
2014-03-04,15.139692306518555
2014-03-05,15.106560707092285
2014-03-06,15.17281723022461
2014-03-07,15.17281723022461
2014-03-10,14.874662399291992
2014-03-11,14.874662399291992
2014-03-12,14.709022521972656
2014-03-13,14.609634399414062
2014-03-14,14.477120399475098
2014-03-17,14.410863876342773
2014-03-18,14.477120399475098
2014-03-19,14.477120399475098
2014-03-20,14.212093353271484
2014-03-21,14.410863876342773
2014-03-24,14.675888061523438
2014-03-25,14.609634399414062
2014-03-26,14.709022521972656
2014-03-27,14.6427640914917
2014-03-28,14.808408737182617
2014-03-31,14.84152889251709
2014-04-01,15.073433876037598
2014-04-02,15.073433876037598
2014-04-03,15.106560707092285
2014-04-04,15.073433876037598
2014-04-07,14.974045753479004
2014-04-08,15.17281723022461
2014-04-09,15.338460922241211
2014-04-10,15.570356369018555
2014-04-11,15.404718399047852
2014-04-14,15.437845230102539
2014-04-15,15.17281723022461
2014-04-16,15.239075660705566
2014-04-17,15.272204399108887
2014-04-22,15.272204399108887
2014-04-23,15.106560707092285
2014-04-24,15.139692306518555
2014-04-25,14.874662399291992
2014-04-28,14.874662399291992
2014-04-29,15.108122825622559
2014-04-30,14.84131145477295
2014-05-02,14.974714279174805
2014-05-05,14.774606704711914
2014-05-07,14.641201972961426
2014-05-08,14.707906723022461
2014-05-09,14.741257667541504
2014-05-12,15.041417121887207
2014-05-13,15.074769973754883
2014-05-14,15.24152946472168
2014-05-15,15.308228492736816
2014-05-16,15.274873733520508
2014-05-19,15.274873733520508
2014-05-20,15.374933242797852
2014-05-21,15.441633224487305
2014-05-22,15.50833511352539
2014-05-23,15.541687965393066
2014-05-26,15.541687965393066
2014-05-27,15.541687965393066
2014-05-28,15.675090789794922
2014-05-29,15.608389854431152
2014-05-30,15.675090789794922
2014-06-03,15.775144577026367
2014-06-04,15.708441734313965
2014-06-05,15.708441734313965
2014-06-06,15.608389854431152
2014-06-09,15.675090789794922
2014-06-10,15.808496475219727
2014-06-11,15.808496475219727
2014-06-12,15.808496475219727
2014-06-13,15.908549308776855
2014-06-16,15.908549308776855
2014-06-17,15.841850280761719
2014-06-18,15.841850280761719
2014-06-19,15.841850280761719
2014-06-20,15.875201225280762
2014-06-23,15.575037002563477
2014-06-24,15.641741752624512
2014-06-25,15.641741752624512
2014-06-26,15.875201225280762
2014-06-27,15.841850280761719
2014-06-30,15.841850280761719
2014-07-02,16.17535972595215
2014-07-03,16.142011642456055
2014-07-04,16.17535972595215
2014-07-07,16.17535972595215
2014-07-08,16.142011642456055
2014-07-09,15.908549308776855
2014-07-10,15.941900253295898
2014-07-11,15.975255012512207
2014-07-14,16.075305938720703
2014-07-15,16.10865592956543
2014-07-16,16.17535972595215
2014-07-17,16.17535972595215
2014-07-18,16.10865592956543
2014-07-21,16.041955947875977
2014-07-22,16.37546730041504
2014-07-23,16.475522994995117
2014-07-24,16.542221069335938
2014-07-25,16.642276763916016
2014-07-28,16.742328643798828
2014-07-29,16.90909194946289
2014-07-30,17.009143829345703
2014-07-31,17.04249382019043
2014-08-01,16.842384338378906
2014-08-04,16.90909194946289
2014-08-05,16.87574005126953
2014-08-06,16.87574005126953
2014-08-07,16.77568244934082
2014-08-08,16.708980560302734
2014-08-11,16.94243812561035
2014-08-12,16.94243812561035
2014-08-13,17.109195709228516
2014-08-14,17.04249382019043
2014-08-15,17.142545700073242
2014-08-18,17.142545700073242
2014-08-19,17.242603302001953
2014-08-20,17.275949478149414
2014-08-21,17.20924949645996
2014-08-22,17.242603302001953
2014-08-25,17.309303283691406
2014-08-26,17.275949478149414
2014-08-27,17.142545700073242
2014-08-28,17.04249382019043
2014-08-29,17.04249382019043
2014-09-01,17.009143829345703
2014-09-02,17.04249382019043
2014-09-03,17.442707061767578
2014-09-04,17.40936279296875
2014-09-05,17.376007080078125
2014-09-08,17.3426513671875
2014-09-10,17.04249382019043
2014-09-11,17.04249382019043
2014-09-12,16.975786209106445
2014-09-15,16.842384338378906
2014-09-16,16.708980560302734
2014-09-17,16.87574005126953
2014-09-18,16.708980560302734
2014-09-19,16.809036254882812
2014-09-22,16.542221069335938
2014-09-23,16.508878707885742
2014-09-24,16.542221069335938
2014-09-25,16.442169189453125
2014-09-26,16.37546730041504
2014-09-29,16.075305938720703
2014-09-30,15.875201225280762
2014-10-03,15.975255012512207
2014-10-06,16.142011642456055
2014-10-07,16.208711624145508
2014-10-08,16.10865592956543
2014-10-09,16.275415420532227
2014-10-10,15.975255012512207
2014-10-13,16.041955947875977
2014-10-14,15.975255012512207
2014-10-15,16.041955947875977
2014-10-16,15.841850280761719
2014-10-17,15.975255012512207
2014-10-20,15.975255012512207
2014-10-21,16.00860595703125
2014-10-22,16.208711624145508
2014-10-23,16.17535972595215
2014-10-24,16.142011642456055
2014-10-27,16.041955947875977
2014-10-28,16.308761596679688
2014-10-29,16.508878707885742
2014-10-30,16.399093627929688
2014-10-31,16.604934692382812
2014-11-03,16.53632164001465
2014-11-04,16.53632164001465
2014-11-05,16.43339729309082
2014-11-06,16.399093627929688
2014-11-07,16.296165466308594
2014-11-10,16.46770477294922
2014-11-11,16.46770477294922
2014-11-12,16.57063102722168
2014-11-13,16.639240264892578
2014-11-14,16.673547744750977
2014-11-17,16.46770477294922
2014-11-18,16.296165466308594
2014-11-19,16.1932430267334
2014-11-20,16.1246280670166
2014-11-21,16.261856079101562
2014-11-24,16.57063102722168
2014-11-25,16.53632164001465
2014-11-26,16.742164611816406
2014-11-27,16.639240264892578
2014-11-28,16.604934692382812
2014-12-01,16.158931732177734
2014-12-02,16.364778518676758
2014-12-03,16.22755241394043
2014-12-04,16.53632164001465
2014-12-05,16.604934692382812
2014-12-08,16.639240264892578
2014-12-09,16.261856079101562
2014-12-10,16.296165466308594
2014-12-11,16.1932430267334
2014-12-12,16.1246280670166
2014-12-15,15.987393379211426
2014-12-16,15.712933540344238
2014-12-17,15.678627967834473
2014-12-18,15.815857887268066
2014-12-19,16.056011199951172
2014-12-22,16.261856079101562
2014-12-23,16.1932430267334
2014-12-24,16.22755241394043
2014-12-29,16.46770477294922
2014-12-30,16.22755241394043
2014-12-31,16.399093627929688
2015-01-02,16.50200843811035
2015-01-05,16.43339729309082
2015-01-06,16.22755241394043
2015-01-07,16.399093627929688
2015-01-08,16.53632164001465
2015-01-09,16.604934692382812
2015-01-12,16.673547744750977
2015-01-13,16.81078338623047
2015-01-14,16.70785903930664
2015-01-15,16.879396438598633
2015-01-16,16.70785903930664
2015-01-19,16.43339729309082
2015-01-20,16.604934692382812
2015-01-21,16.879396438598633
2015-01-22,17.016624450683594
2015-01-23,17.18816566467285
2015-01-26,17.256784439086914
2015-01-27,17.18816566467285
2015-01-28,17.22247314453125
2015-01-29,17.050931930541992
2015-01-30,16.98232078552246
2015-02-02,16.94801139831543
2015-02-03,16.98232078552246
2015-02-04,17.085243225097656
2015-02-05,17.18816566467285
2015-02-06,17.11955451965332
2015-02-09,16.98232078552246
2015-02-10,17.016624450683594
2015-02-11,16.8450870513916
2015-02-12,16.94801139831543
2015-02-13,17.11955451965332
2015-02-16,17.153854370117188
2015-02-17,17.22247314453125
2015-02-18,17.18816566467285
2015-02-23,17.22247314453125
2015-02-24,17.153854370117188
2015-02-25,17.153854370117188
2015-02-26,17.29109001159668
2015-02-27,17.22247314453125
2015-03-02,17.22247314453125
2015-03-03,17.11955451965332
2015-03-04,16.913705825805664
2015-03-05,16.776472091674805
2015-03-06,16.81078338623047
2015-03-09,16.776472091674805
2015-03-10,16.639240264892578
2015-03-11,16.50200843811035
2015-03-12,16.57063102722168
2015-03-13,16.57063102722168
2015-03-16,16.673547744750977
2015-03-17,16.673547744750977
2015-03-18,16.81078338623047
2015-03-19,17.016624450683594
2015-03-20,16.98232078552246
2015-03-23,17.050931930541992
2015-03-24,16.98232078552246
2015-03-25,17.11955451965332
2015-03-26,17.085243225097656
2015-03-27,17.050931930541992
2015-03-30,17.325397491455078
2015-03-31,17.359704971313477
2015-04-01,17.46262550354004
2015-04-02,17.5998592376709
2015-04-08,18.251699447631836
2015-04-09,18.732011795043945
2015-04-10,18.97216796875
2015-04-13,19.521089553833008
2015-04-14,19.212322235107422
2015-04-15,19.246627807617188
2015-04-16,19.315242767333984
2015-04-17,19.28093719482422
2015-04-20,18.869243621826172
2015-04-21,19.41816520690918
2015-04-22,19.452476501464844
2015-04-23,19.349552154541016
2015-04-24,19.521089553833008
2015-04-27,19.829858779907227
2015-04-28,19.829858779907227
2015-04-29,19.781526565551758
2015-04-30,19.574392318725586
2015-05-04,19.608909606933594
2015-05-05,19.332731246948242
2015-05-06,19.26368522644043
2015-05-07,18.987503051757812
2015-05-08,19.194644927978516
2015-05-11,19.2982120513916
2015-05-12,19.091073989868164
2015-05-13,18.987503051757812
2015-05-14,19.02202606201172
2015-05-15,19.367252349853516
2015-05-18,19.194644927978516
2015-05-19,19.2982120513916
2015-05-20,19.22916603088379
2015-05-21,19.194644927978516
2015-05-22,19.539867401123047
2015-05-26,19.781526565551758
2015-05-27,19.608909606933594
2015-05-28,19.67795753479004
2015-05-29,19.194644927978516
2015-06-01,19.332731246948242
2015-06-02,19.22916603088379
2015-06-03,19.332731246948242
2015-06-04,19.2982120513916
2015-06-05,19.056549072265625
2015-06-08,19.125598907470703
2015-06-09,18.918458938598633
2015-06-10,18.67679786682129
2015-06-11,18.883939743041992
2015-06-12,19.125598907470703
2015-06-15,18.78036880493164
2015-06-16,18.607757568359375
2015-06-17,18.711320877075195
2015-06-18,18.711320877075195
2015-06-19,18.78036880493164
2015-06-22,19.02202606201172
2015-06-23,19.194644927978516
2015-06-24,19.26368522644043
2015-06-25,19.160120010375977
2015-06-26,18.814889907836914
2015-06-29,18.366092681884766
2015-06-30,18.53870964050293
2015-07-02,18.57323455810547
2015-07-03,18.400619506835938
2015-07-06,17.848251342773438
2015-07-07,17.641115188598633
2015-07-08,16.63996124267578
2015-07-09,17.26136589050293
2015-07-10,17.606595993041992
2015-07-13,17.848251342773438
2015-07-14,17.74468421936035
2015-07-15,17.71016502380371
2015-07-16,17.77920913696289
2015-07-17,17.986347198486328
2015-07-20,17.951824188232422
2015-07-21,18.05539321899414
2015-07-22,17.88277816772461
2015-07-23,17.951824188232422
2015-07-24,17.74468421936035
2015-07-27,17.22684669494629
2015-07-28,17.364938735961914
2015-07-29,17.433984756469727
2015-07-30,17.330411911010742
2015-07-31,17.399459838867188
2015-08-03,17.26136589050293
2015-08-04,17.26136589050293
2015-08-05,17.330411911010742
2015-08-06,17.26136589050293
2015-08-07,17.330411911010742
2015-08-10,17.29589080810547
2015-08-11,17.330411911010742
2015-08-12,16.91614532470703
2015-08-13,17.019712448120117
2015-08-14,17.019712448120117
2015-08-17,16.91614532470703
2015-08-18,16.63996124267578
2015-08-19,16.432823181152344
2015-08-20,16.191164016723633
2015-08-21,15.949506759643555
2015-08-24,15.120957374572754
2015-08-25,15.259051322937012
2015-08-26,14.982870101928711
2015-08-27,15.56975269317627
2015-08-28,15.466185569763184
2015-08-31,15.431663513183594
2015-09-01,15.051915168762207
2015-09-02,14.913825988769531
2015-09-04,14.84477710723877
2015-09-07,14.706686019897461
2015-09-08,15.190001487731934
2015-09-09,15.776890754699707
2015-09-10,15.397137641906738
2015-09-11,15.362618446350098
2015-09-14,15.431663513183594
2015-09-15,15.293570518493652
2015-09-16,15.673319816589355
2015-09-17,15.56975269317627
2015-09-18,15.707844734191895
2015-09-21,15.535229682922363
2015-09-22,15.56975269317627
2015-09-23,15.259051322937012
2015-09-24,15.120957374572754
2015-09-25,15.190001487731934
2015-09-29,14.706686019897461
2015-09-30,14.913825988769531
2015-10-02,15.397137641906738
2015-10-05,15.638802528381348
2015-10-06,15.604279518127441
2015-10-07,16.087594985961914
2015-10-08,15.984028816223145
2015-10-09,16.018552780151367
2015-10-12,16.260208129882812
2015-10-13,16.15664291381836
2015-10-14,16.018552780151367
2015-10-15,16.36377716064453
2015-10-16,16.46734619140625
2015-10-19,16.46734619140625
2015-10-20,16.398300170898438
2015-10-22,16.329254150390625
2015-10-23,16.5709171295166
2015-10-26,16.50187110900879
2015-10-27,16.536392211914062
2015-10-28,16.398300170898438
2015-10-29,16.277725219726562
2015-10-30,16.206798553466797
2015-11-02,15.9940185546875
2015-11-03,16.17133140563965
2015-11-04,16.490509033203125
2015-11-05,16.455047607421875
2015-11-06,16.348657608032227
2015-11-09,16.206798553466797
2015-11-10,16.029483795166016
2015-11-11,15.9940185546875
2015-11-12,16.419580459594727
2015-11-13,16.029483795166016
2015-11-16,15.745774269104004
2015-11-17,15.958551406860352
2015-11-18,15.887626647949219
2015-11-19,16.10040855407715
2015-11-20,16.277725219726562
2015-11-23,16.242258071899414
2015-11-24,16.17133140563965
2015-11-25,16.1358699798584
2015-11-26,16.1358699798584
2015-11-27,15.816699981689453
2015-11-30,15.745774269104004
2015-12-01,16.029483795166016
2015-12-02,16.10040855407715
2015-12-03,16.029483795166016
2015-12-04,15.923090934753418
2015-12-07,15.958551406860352
2015-12-08,15.674848556518555
2015-12-09,15.60391616821289
2015-12-10,15.532994270324707
2015-12-11,15.391141891479492
2015-12-14,15.284746170043945
2015-12-15,15.249283790588379
2015-12-16,15.568458557128906
2015-12-17,15.674848556518555
2015-12-18,15.60391616821289
2015-12-21,15.60391616821289
2015-12-22,15.60391616821289
2015-12-23,15.745774269104004
2015-12-24,15.816699981689453
2015-12-28,15.674848556518555
2015-12-29,15.745774269104004
2015-12-30,15.710310935974121
2015-12-31,15.674848556518555
2016-01-04,15.213823318481445
2016-01-05,15.178357124328613
2016-01-06,15.00103759765625
2016-01-07,14.575479507446289
2016-01-08,14.681868553161621
2016-01-11,14.256303787231445
2016-01-12,14.114452362060547
2016-01-13,14.327231407165527
2016-01-14,14.220842361450195
2016-01-15,13.972597122192383
2016-01-18,13.802376747131348
2016-01-19,14.071897506713867
2016-01-20,13.51866626739502
2016-01-21,13.305888175964355
2016-01-22,13.703078269958496
2016-01-25,13.85911750793457
2016-01-26,13.490296363830566
2016-01-27,13.632152557373047
2016-01-28,13.759817123413086
2016-01-29,14.071897506713867
2016-02-01,14.000969886779785
2016-02-02,13.915858268737793
2016-02-03,13.617964744567871
2016-02-04,13.745635032653809
2016-02-05,13.81656265258789
2016-02-11,13.26332950592041
2016-02-12,13.135663032531738
2016-02-15,13.561225891113281
2016-02-16,13.688891410827637
2016-02-17,13.547038078308105
2016-02-18,13.87330436706543
2016-02-19,13.788188934326172
2016-02-22,13.944230079650879
2016-02-23,13.915858268737793
2016-02-24,13.731451034545898
2016-02-25,13.532855987548828
2016-02-26,13.88748836517334
2016-02-29,13.688891410827637
2016-03-01,13.87330436706543
2016-03-02,14.327231407165527
2016-03-03,14.291768074035645
2016-03-04,14.469085693359375
2016-03-07,14.504552841186523
2016-03-08,14.398159980773926
2016-03-09,14.398159980773926
2016-03-10,14.398159980773926
2016-03-11,14.540014266967773
2016-03-14,14.681868553161621
2016-03-15,14.610942840576172
2016-03-16,14.575479507446289
2016-03-17,14.71733283996582
2016-03-18,14.8591890335083
2016-03-21,14.823723793029785
2016-03-22,14.823723793029785
2016-03-23,14.823723793029785
2016-03-24,14.610942840576172
2016-03-29,14.610942840576172
2016-03-30,15.00103759765625
2016-03-31,14.9301118850708
2016-04-01,14.71733283996582
2016-04-05,14.469085693359375
2016-04-06,14.540014266967773
2016-04-07,14.575479507446289
2016-04-08,14.646404266357422
2016-04-11,14.752795219421387
2016-04-12,14.752795219421387
2016-04-13,15.249283790588379
2016-04-14,15.391141891479492
2016-04-15,15.320213317871094
2016-04-18,15.213823318481445
2016-04-19,15.426604270935059
2016-04-20,15.249283790588379
2016-04-21,15.568458557128906
2016-04-22,15.462066650390625
2016-04-25,15.284746170043945
2016-04-26,15.391141891479492
2016-04-27,15.355676651000977
2016-04-28,15.36281967163086
2016-04-29,15.112725257873535
2016-05-03,14.826910018920898
2016-05-04,14.791182518005371
2016-05-05,14.683996200561523
2016-05-06,14.433906555175781
2016-05-09,14.50536060333252
2016-05-10,14.612547874450684
2016-05-11,14.433906555175781
2016-05-12,14.326723098754883
2016-05-13,14.20525074005127
2016-05-16,14.326723098754883
2016-05-17,14.50536060333252
2016-05-18,14.262412071228027
2016-05-19,14.20525074005127
2016-05-20,14.398174285888672
2016-05-23,14.290993690490723
2016-05-24,14.362448692321777
2016-05-25,14.719725608825684
2016-05-26,14.755452156066895
2016-05-27,14.862630844116211
2016-05-30,14.898360252380371
2016-05-31,15.076998710632324
2016-06-01,15.005544662475586
2016-06-02,15.112725257873535
2016-06-03,15.184184074401855
2016-06-06,15.255637168884277
2016-06-07,15.43427848815918
2016-06-08,15.47000503540039
2016-06-10,15.291364669799805
2016-06-13,14.934091567993164
2016-06-14,14.862630844116211
2016-06-15,14.862630844116211
2016-06-16,14.612547874450684
2016-06-17,14.719725608825684
2016-06-20,14.898360252380371
2016-06-21,15.041271209716797
2016-06-22,15.219910621643066
2016-06-23,15.255637168884277
2016-06-24,14.826910018920898
2016-06-27,14.791182518005371
2016-06-28,14.791182518005371
2016-06-29,15.005544662475586
2016-06-30,15.255637168884277
2016-07-04,15.47000503540039
2016-07-05,15.219910621643066
2016-07-06,15.041271209716797
2016-07-07,15.184184074401855
2016-07-08,15.112725257873535
2016-07-11,15.291364669799805
2016-07-12,15.577186584472656
2016-07-13,15.648637771606445
2016-07-14,15.827277183532715
2016-07-15,15.934456825256348
2016-07-18,15.970190048217773
2016-07-19,15.863003730773926
2016-07-20,16.077373504638672
2016-07-21,16.113096237182617
2016-07-22,16.077373504638672
2016-07-25,16.113096237182617
2016-07-26,16.256010055541992
2016-07-27,16.184553146362305
2016-07-28,16.256010055541992
2016-07-29,16.041648864746094
2016-08-01,16.256010055541992
2016-08-02,16.256010055541992
2016-08-03,15.934456825256348
2016-08-04,16.00591278076172
2016-08-05,16.256010055541992
2016-08-08,16.470375061035156
2016-08-09,16.470375061035156
2016-08-10,16.470375061035156
2016-08-11,16.541828155517578
2016-08-12,16.684738159179688
2016-08-15,16.863380432128906
2016-08-16,16.791921615600586
2016-08-17,16.7204647064209
2016-08-18,16.934831619262695
2016-08-19,16.82765007019043
2016-08-22,16.89910125732422
2016-08-23,16.89910125732422
2016-08-24,16.75619125366211
2016-08-25,16.75619125366211
2016-08-26,16.863380432128906
2016-08-29,16.791921615600586
2016-08-30,16.89910125732422
2016-08-31,16.89910125732422
2016-09-01,17.077739715576172
2016-09-02,17.077739715576172
2016-09-05,17.36355972290039
2016-09-06,17.470739364624023
2016-09-07,17.470739364624023
2016-09-08,17.542198181152344
2016-09-09,17.756559371948242
2016-09-12,17.18492317199707
2016-09-13,17.14919662475586
2016-09-14,17.11347007751465
2016-09-15,17.220651626586914
2016-09-19,17.327831268310547
2016-09-20,17.36355972290039
2016-09-21,17.3992862701416
2016-09-22,17.506473541259766
2016-09-23,17.3992862701416
2016-09-26,17.220651626586914
2016-09-27,17.36355972290039
2016-09-28,17.3992862701416
2016-09-29,17.506473541259766
2016-09-30,17.14919662475586
2016-10-03,17.36355972290039
2016-10-04,17.435012817382812
2016-10-05,17.506473541259766
2016-10-06,17.649381637573242
2016-10-07,17.577922821044922
2016-10-11,17.327831268310547
2016-10-12,17.256376266479492
2016-10-13,17.006288528442383
2016-10-14,17.14919662475586
2016-10-17,17.006288528442383
2016-10-18,17.256376266479492
2016-10-19,17.18492317199707
2016-10-20,17.256376266479492
2016-10-21,17.256376266479492
2016-10-24,17.435012817382812
2016-10-25,17.3992862701416
2016-10-26,17.220651626586914
2016-10-27,17.077739715576172
2016-10-28,16.97055435180664
2016-10-31,16.94854736328125
2016-11-01,17.095287322998047
2016-11-02,16.87517738342285
2016-11-03,16.801803588867188
2016-11-04,16.765119552612305
2016-11-07,16.87517738342285
2016-11-08,16.911865234375
2016-11-09,16.58169937133789
2016-11-10,16.911865234375
2016-11-11,16.655061721801758
2016-11-14,16.434951782226562
2016-11-15,16.508325576782227
2016-11-16,16.508325576782227
2016-11-17,16.434951782226562
2016-11-18,16.47164535522461
2016-11-21,16.54500961303711
2016-11-22,16.801803588867188
2016-11-23,16.801803588867188
2016-11-24,16.691753387451172
2016-11-25,16.801803588867188
2016-11-28,16.87517738342285
2016-11-29,16.801803588867188
2016-11-30,16.87517738342285
2016-12-01,16.94854736328125
2016-12-02,16.691753387451172
2016-12-05,16.655061721801758
2016-12-06,16.765119552612305
2016-12-07,16.87517738342285
2016-12-08,16.87517738342285
2016-12-09,16.838491439819336
2016-12-12,16.54500961303711
2016-12-13,16.58169937133789
2016-12-14,16.618383407592773
2016-12-15,16.288211822509766
2016-12-16,16.288211822509766
2016-12-19,16.141469955444336
2016-12-20,16.068099975585938
2016-12-21,16.141469955444336
2016-12-22,16.031417846679688
2016-12-23,15.95804214477539
2016-12-28,16.031417846679688
2016-12-29,16.10478973388672
2016-12-30,16.21484375
2017-01-03,16.3615779876709
2017-01-04,16.3615779876709
2017-01-05,16.58169937133789
2017-01-06,16.618383407592773
2017-01-09,16.691753387451172
2017-01-10,16.765119552612305
2017-01-11,16.94854736328125
2017-01-12,16.911865234375
2017-01-13,16.94854736328125
2017-01-16,16.801803588867188
2017-01-17,16.911865234375
2017-01-18,17.058597564697266
2017-01-19,17.058597564697266
2017-01-20,16.94854736328125
2017-01-23,16.911865234375
2017-01-24,16.94854736328125
2017-01-25,17.021921157836914
2017-01-26,17.278715133666992
2017-01-27,17.278715133666992
2017-02-01,17.242027282714844
2017-02-02,17.131973266601562
2017-02-03,17.058597564697266
2017-02-06,17.242027282714844
2017-02-07,17.242027282714844
2017-02-08,17.388771057128906
2017-02-09,17.388771057128906
2017-02-10,17.462142944335938
2017-02-13,17.498825073242188
2017-02-14,17.535511016845703
2017-02-15,17.71893310546875
2017-02-16,17.82898712158203
2017-02-17,17.79230499267578
2017-02-20,17.865676879882812
2017-02-21,17.75562286376953
2017-02-22,17.865676879882812
2017-02-23,17.865676879882812
2017-02-24,17.82898712158203
2017-02-27,17.79230499267578
2017-02-28,17.64556312561035
2017-03-01,17.64556312561035
2017-03-02,17.572195053100586
2017-03-03,17.498825073242188
2017-03-06,17.498825073242188
2017-03-07,17.572195053100586
2017-03-08,17.608882904052734
2017-03-09,17.462142944335938
2017-03-10,17.498825073242188
2017-03-13,17.6822509765625
2017-03-14,17.6822509765625
2017-03-15,17.6822509765625
2017-03-16,18.012418746948242
2017-03-17,18.049100875854492
2017-03-20,18.159160614013672
2017-03-21,18.232524871826172
2017-03-22,18.049100875854492
2017-03-23,18.049100875854492
2017-03-24,18.122474670410156
2017-03-27,17.97573471069336
2017-03-28,18.085786819458008
2017-03-29,18.085786819458008
2017-03-30,18.049100875854492
2017-03-31,17.939043045043945
2017-04-03,17.97573471069336
2017-04-05,18.085786819458008
2017-04-06,18.012418746948242
2017-04-07,18.012418746948242
2017-04-10,18.012418746948242
2017-04-11,17.902360916137695
2017-04-12,18.049100875854492
2017-04-13,18.012418746948242
2017-04-18,17.71893310546875
2017-04-19,17.71893310546875
2017-04-20,17.865676879882812
2017-04-21,17.82898712158203
2017-04-24,17.939043045043945
2017-04-25,18.159160614013672
2017-04-26,18.232524871826172
2017-04-27,18.343246459960938
2017-04-28,18.30634307861328
2017-05-02,18.30634307861328
2017-05-04,18.38016128540039
2017-05-05,18.19561767578125
2017-05-08,18.269437789916992
2017-05-09,18.49088478088379
2017-05-10,18.564701080322266
2017-05-11,18.675424575805664
2017-05-12,18.712331771850586
2017-05-15,18.896873474121094
2017-05-16,18.896873474121094
2017-05-17,18.896873474121094
2017-05-18,18.749238967895508
2017-05-19,18.78614616394043
2017-05-22,18.933778762817383
2017-05-23,18.970687866210938
2017-05-24,18.933778762817383
2017-05-25,19.08140754699707
2017-05-26,19.11832046508789
2017-05-29,19.1921329498291
2017-05-31,19.1921329498291
2017-06-01,19.1921329498291
2017-06-02,19.376676559448242
2017-06-05,19.339765548706055
2017-06-06,19.413585662841797
2017-06-07,19.413585662841797
2017-06-08,19.487398147583008
2017-06-09,19.487398147583008
2017-06-12,19.3028564453125
2017-06-13,19.376676559448242
2017-06-14,19.376676559448242
2017-06-15,19.15522575378418
2017-06-16,19.1921329498291
2017-06-19,19.413585662841797
2017-06-20,19.339765548706055
2017-06-21,19.229042053222656
2017-06-22,19.3028564453125
2017-06-23,19.339765548706055
2017-06-26,19.413585662841797
2017-06-27,19.376676559448242
2017-06-28,19.339765548706055
2017-06-29,19.450483322143555
2017-06-30,19.376676559448242
2017-07-03,19.376676559448242
2017-07-04,19.1921329498291
2017-07-05,19.265954971313477
2017-07-06,19.3028564453125
2017-07-07,19.1921329498291
2017-07-10,19.3028564453125
2017-07-11,19.598119735717773
2017-07-12,19.708845138549805
2017-07-13,19.9302921295166
2017-07-14,19.967201232910156
2017-07-17,20.041013717651367
2017-07-18,20.041013717651367
2017-07-19,20.1517391204834
2017-07-20,20.188650131225586
2017-07-21,20.225555419921875
2017-07-24,20.336278915405273
2017-07-25,20.29937171936035
2017-07-26,20.373191833496094
2017-07-27,20.520822525024414
2017-07-28,20.410097122192383
2017-07-31,20.594635009765625
2017-08-01,20.81608772277832
2017-08-02,20.852994918823242
2017-08-03,20.852994918823242
2017-08-04,20.852994918823242
2017-08-07,20.92681121826172
2017-08-08,21.074440002441406
2017-08-09,21.000621795654297
2017-08-10,20.7791805267334
2017-08-11,20.410097122192383
2017-08-14,20.594635009765625
2017-08-15,20.5577335357666
2017-08-16,20.742267608642578
2017-08-17,20.705364227294922
2017-08-18,20.48391342163086
2017-08-21,20.594635009765625
2017-08-22,20.7791805267334
2017-08-23,20.7791805267334
2017-08-24,20.81608772277832
2017-08-25,21.074440002441406
2017-08-28,21.148256301879883
2017-08-29,21.03752899169922
2017-08-30,21.295888900756836
2017-08-31,21.22207260131836
2017-09-01,21.22207260131836
2017-09-04,21.111345291137695
2017-09-05,21.111345291137695
2017-09-06,21.000621795654297
2017-09-07,20.963716506958008
2017-09-08,21.074440002441406
2017-09-11,21.295888900756836
2017-09-12,21.295888900756836
2017-09-13,21.22207260131836
2017-09-14,21.185163497924805
2017-09-15,21.185163497924805
2017-09-18,21.40660858154297
2017-09-19,21.369709014892578
2017-09-20,21.40660858154297
2017-09-21,21.40660858154297
2017-09-22,21.22207260131836
2017-09-25,21.000621795654297
2017-09-26,21.03752899169922
2017-09-27,21.111345291137695
2017-09-28,20.88990020751953
2017-09-29,20.963716506958008
2017-10-03,21.443517684936523
2017-10-04,21.591150283813477
2017-10-06,21.66497039794922
2017-10-09,21.591150283813477
2017-10-10,21.701873779296875
2017-10-11,21.591150283813477
2017-10-12,21.701873779296875
2017-10-13,21.701873779296875
2017-10-16,21.84950828552246
2017-10-17,21.886415481567383
2017-10-18,21.886415481567383
2017-10-19,21.517335891723633
2017-10-20,21.738784790039062
2017-10-23,21.591150283813477
2017-10-24,21.517335891723633
2017-10-25,21.591150283813477
2017-10-26,21.517335891723633
2017-10-27,21.66497039794922
2017-10-30,21.6280574798584
2017-10-31,21.574974060058594
2017-11-01,21.80248260498047
2017-11-02,21.726642608642578
2017-11-03,21.840396881103516
2017-11-06,21.840396881103516
2017-11-07,22.143735885620117
2017-11-08,22.105817794799805
2017-11-09,22.219566345214844
2017-11-10,22.257490158081055
2017-11-13,22.2954044342041
2017-11-14,22.2954044342041
2017-11-15,22.067901611328125
2017-11-16,22.143735885620117
2017-11-17,22.257490158081055
2017-11-20,22.257490158081055
2017-11-21,22.71249771118164
2017-11-22,22.940004348754883
2017-11-23,22.674575805664062
2017-11-24,22.788328170776367
2017-11-27,22.674575805664062
2017-11-28,22.63665771484375
2017-11-29,22.63665771484375
2017-11-30,22.33332061767578
2017-12-01,22.219566345214844
2017-12-04,22.257490158081055
2017-12-05,22.029983520507812
2017-12-06,21.53705596923828
2017-12-07,21.61288833618164
2017-12-08,21.878314971923828
2017-12-11,22.105817794799805
2017-12-12,21.992061614990234
2017-12-13,22.33332061767578
2017-12-14,22.219566345214844
2017-12-15,22.029983520507812
2017-12-18,22.18165397644043
2017-12-19,22.2954044342041
2017-12-20,22.33332061767578
2017-12-21,22.40915870666504
2017-12-22,22.522907257080078
2017-12-27,22.598745346069336
2017-12-28,22.788328170776367
2017-12-29,22.788328170776367
2018-01-02,23.24333953857422
2018-01-03,23.2812557220459
2018-01-04,23.432926177978516
2018-01-05,23.47084617614746
2018-01-08,23.546672821044922
2018-01-09,23.660429000854492
2018-01-10,23.698348999023438
2018-01-11,23.698348999023438
2018-01-12,23.8879337310791
2018-01-15,23.92584800720215
2018-01-16,24.305025100708008
2018-01-17,24.342939376831055
2018-01-18,24.494613647460938
2018-01-19,24.57044792175293
2018-01-22,24.646286010742188
2018-01-23,25.101289749145508
2018-01-24,25.13920783996582
2018-01-25,24.949617385864258
2018-01-26,25.29087257385254
2018-01-29,25.13920783996582
2018-01-30,24.911699295043945
2018-01-31,25.101289749145508
2018-02-01,24.911699295043945
2018-02-02,24.8737850189209
2018-02-05,24.57044792175293
2018-02-06,23.395009994506836
2018-02-07,23.091670989990234
2018-02-08,23.20541763305664
2018-02-09,22.4849910736084
2018-02-12,22.4849910736084
2018-02-13,22.82624626159668
2018-02-14,23.2812557220459
2018-02-15,23.698348999023438
2018-02-20,23.546672821044922
2018-02-21,24.00168800354004
2018-02-22,23.660429000854492
2018-02-23,23.8879337310791
2018-02-26,24.115436553955078
2018-02-27,23.92584800720215
2018-02-28,23.584590911865234
2018-03-01,23.73626136779785
2018-03-02,23.432926177978516
2018-03-05,22.902080535888672
2018-03-06,23.357086181640625
2018-03-07,23.129587173461914
2018-03-08,23.508758544921875
2018-03-09,23.73626136779785
2018-03-12,24.153356552124023
2018-03-13,24.191272735595703
2018-03-14,24.115436553955078
2018-03-15,24.153356552124023
2018-03-16,24.115436553955078
2018-03-19,24.153356552124023
2018-03-20,24.191272735595703
2018-03-21,24.039600372314453
2018-03-22,23.812097549438477
2018-03-23,23.167503356933594
2018-03-26,23.432926177978516
2018-03-27,23.584590911865234
2018-03-28,23.015832901000977
2018-03-29,23.05375099182129
2018-04-03,23.167503356933594
2018-04-04,22.560829162597656
2018-04-06,22.82624626159668
2018-04-09,23.20541763305664
2018-04-10,23.546672821044922
2018-04-11,23.698348999023438
2018-04-12,23.660429000854492
2018-04-13,23.622514724731445
2018-04-16,23.20541763305664
2018-04-17,23.015832901000977
2018-04-18,23.24333953857422
2018-04-19,23.584590911865234
2018-04-20,23.2812557220459
2018-04-23,23.167503356933594
2018-04-24,23.47084617614746
2018-04-25,23.24333953857422
2018-04-26,23.015832901000977
2018-04-27,23.175931930541992
2018-04-30,23.671466827392578
2018-05-02,23.518997192382812
2018-05-03,23.21405029296875
2018-05-04,22.947221755981445
2018-05-07,23.02345848083496
2018-05-08,23.36652374267578
2018-05-09,23.44276237487793
2018-05-10,23.633352279663086
2018-05-11,23.862056732177734
2018-05-14,24.20512580871582
2018-05-15,23.976415634155273
2018-05-16,23.900178909301758
2018-05-17,23.823945999145508
2018-05-18,23.900178909301758
2018-05-21,24.090768814086914
2018-05-23,23.633352279663086
2018-05-24,23.70958709716797
2018-05-25,23.671466827392578
2018-05-28,23.785825729370117
2018-05-29,23.55711555480957
2018-05-30,23.175931930541992
2018-05-31,23.59523582458496
2018-06-01,23.59523582458496
2018-06-04,23.93829917907715
2018-06-05,24.014535903930664
2018-06-06,24.167009353637695
2018-06-07,24.35759735107422
2018-06-08,23.900178909301758
2018-06-11,24.05265235900879
2018-06-12,24.090768814086914
2018-06-13,23.785825729370117
2018-06-14,23.59523582458496
2018-06-15,23.44276237487793
2018-06-19,22.870981216430664
2018-06-20,23.061580657958984
2018-06-21,22.680397033691406
2018-06-22,22.756628036499023
2018-06-25,22.489805221557617
2018-06-26,22.41356658935547
2018-06-27,21.994264602661133
2018-06-28,22.10861587524414
2018-06-29,22.451683044433594
2018-07-03,22.184858322143555
2018-07-04,21.918027877807617
2018-07-05,21.956144332885742
2018-07-06,22.03238296508789
2018-07-09,22.451683044433594
2018-07-10,22.41356658935547
2018-07-11,22.10861587524414
2018-07-12,22.26109504699707
2018-07-13,22.299213409423828
2018-07-16,22.299213409423828
2018-07-17,22.07050132751465
2018-07-18,21.956144332885742
2018-07-19,21.87990951538086
2018-07-20,22.07050132751465
2018-07-23,22.10861587524414
2018-07-24,22.41356658935547
2018-07-25,22.642274856567383
2018-07-26,22.451683044433594
2018-07-27,22.451683044433594
2018-07-30,22.41356658935547
2018-07-31,22.337326049804688
2018-08-01,22.10861587524414
2018-08-02,21.651201248168945
2018-08-03,21.61308479309082
2018-08-06,21.765554428100586
2018-08-07,22.07050132751465
2018-08-08,22.146738052368164
2018-08-09,22.337326049804688
2018-08-10,22.10861587524414
2018-08-13,21.841787338256836
2018-08-14,21.727432250976562
2018-08-15,21.346250534057617
2018-08-16,21.270015716552734
2018-08-17,21.308134078979492
2018-08-20,21.61308479309082
2018-08-21,21.727432250976562
2018-08-22,21.841787338256836
2018-08-23,21.689319610595703
2018-08-24,21.651201248168945
2018-08-27,22.146738052368164
2018-08-28,22.22297477722168
2018-08-29,22.26109504699707
2018-08-30,22.07050132751465
2018-08-31,21.841787338256836
2018-09-03,21.765554428100586
2018-09-04,21.994264602661133
2018-09-05,21.384374618530273
2018-09-06,21.270015716552734
2018-09-07,21.19378089904785
2018-09-10,21.00318717956543
2018-09-11,20.81259536743164
2018-09-12,20.81259536743164
2018-09-13,21.270015716552734
2018-09-14,21.460607528686523
2018-09-17,21.19378089904785
2018-09-18,21.308134078979492
2018-09-19,21.536848068237305
2018-09-20,21.61308479309082
2018-09-21,21.994264602661133
2018-09-24,21.61308479309082
2018-09-26,21.87990951538086
2018-09-27,21.803668975830078
2018-09-28,21.841787338256836
2018-10-02,21.346250534057617
2018-10-03,21.308134078979492
2018-10-04,21.00318717956543
2018-10-05,20.96506690979004
2018-10-08,20.698240280151367
2018-10-09,20.66012191772461
2018-10-10,20.698240280151367
2018-10-11,19.935874938964844
2018-10-12,20.355178833007812
2018-10-15,20.088342666625977
2018-10-16,20.12646484375
2018-10-18,20.088342666625977
2018-10-19,20.202707290649414
2018-10-22,20.66012191772461
2018-10-23,20.050233840942383
2018-10-24,20.01211166381836
2018-10-25,19.821517944335938
2018-10-26,19.55469512939453
2018-10-29,19.669048309326172
2018-10-30,19.51657485961914
2018-10-31,19.705368041992188
2018-11-01,20.05935287475586
2018-11-02,20.924663543701172
2018-11-05,20.492013931274414
2018-11-06,20.649341583251953
2018-11-07,20.68867301940918
2018-11-08,20.767333984375
2018-11-09,20.256017684936523
2018-11-12,20.29534912109375
2018-11-13,20.45267677307129
2018-11-14,20.334680557250977
2018-11-15,20.68867301940918
2018-11-16,20.68867301940918
2018-11-19,20.806669235229492
2018-11-20,20.492013931274414
2018-11-21,20.5706729888916
2018-11-22,20.610004425048828
2018-11-23,20.5706729888916
2018-11-26,20.885330200195312
2018-11-27,20.806669235229492
2018-11-28,21.08199119567871
2018-11-29,20.963993072509766
2018-11-30,21.003326416015625
2018-12-03,21.553972244262695
2018-12-04,21.59330940246582
2018-12-05,21.239320755004883
2018-12-06,20.72800064086914
2018-12-07,20.610004425048828
2018-12-10,20.45267677307129
2018-12-11,20.41334342956543
2018-12-12,20.845998764038086
2018-12-13,21.08199119567871
2018-12-14,20.68867301940918
2018-12-17,20.72800064086914
2018-12-18,20.45267677307129
2018-12-19,20.492013931274414
2018-12-20,20.334680557250977
2018-12-21,20.41334342956543
2018-12-24,20.41334342956543
2018-12-27,20.138023376464844
2018-12-28,20.177350997924805
2018-12-31,20.492013931274414
2019-01-02,19.862695693969727
2019-01-03,19.862695693969727
2019-01-04,20.29534912109375
2019-01-07,20.492013931274414
2019-01-08,20.45267677307129
2019-01-09,20.963993072509766
2019-01-10,21.042661666870117
2019-01-11,21.08199119567871
2019-01-14,20.806669235229492
2019-01-15,21.239320755004883
2019-01-16,21.317981719970703
2019-01-17,21.239320755004883
2019-01-18,21.435977935791016
2019-01-21,21.5146427154541
2019-01-22,21.357315063476562
2019-01-23,21.396644592285156
2019-01-24,21.475311279296875
2019-01-25,21.86863136291504
2019-01-28,21.829301834106445
2019-01-29,21.789966583251953
2019-01-30,21.86863136291504
2019-01-31,22.143957138061523
2019-02-01,22.104623794555664
2019-02-04,22.143957138061523
2019-02-08,22.143957138061523
2019-02-11,22.301284790039062
2019-02-12,22.34061622619629
2019-02-13,22.57661247253418
2019-02-14,22.537275314331055
2019-02-15,22.104623794555664
2019-02-18,22.497943878173828
2019-02-19,22.419279098510742
2019-02-20,22.615938186645508
2019-02-21,22.73393440246582
2019-02-22,22.891263961791992
2019-02-25,23.00926399230957
2019-02-26,22.851932525634766
2019-02-27,22.851932525634766
2019-02-28,22.73393440246582
2019-03-01,22.891263961791992
2019-03-04,22.96993064880371
2019-03-05,23.00926399230957
2019-03-06,23.04859161376953
2019-03-07,22.812599182128906
2019-03-08,22.419279098510742
2019-03-11,22.655271530151367
2019-03-12,23.04859161376953
2019-03-13,22.891263961791992
2019-03-14,22.96993064880371
2019-03-15,23.127256393432617
2019-03-18,23.363252639770508
2019-03-19,23.44191551208496
2019-03-20,23.32392120361328
2019-03-21,23.127256393432617
2019-03-22,23.127256393432617
2019-03-25,22.694608688354492
2019-03-26,22.694608688354492
2019-03-27,22.891263961791992
2019-03-28,22.851932525634766
2019-03-29,23.127256393432617
2019-04-01,23.52057647705078
2019-04-02,23.559913635253906
2019-04-03,23.7959041595459
2019-04-04,23.835235595703125
2019-04-08,23.913902282714844
2019-04-09,23.992565155029297
2019-04-10,23.953231811523438
2019-04-11,23.717239379882812
2019-04-12,23.756572723388672
2019-04-15,23.67790985107422
2019-04-16,23.953231811523438
2019-04-17,23.953231811523438
2019-04-18,23.7959041595459
2019-04-23,23.7959041595459
2019-04-24,23.67790985107422
2019-04-25,23.52057647705078
2019-04-26,23.52057647705078
2019-04-29,23.79729461669922
2019-04-30,23.599639892578125
2019-05-02,23.79729461669922
2019-05-03,23.915884017944336
2019-05-06,23.243864059448242
2019-05-07,23.322927474975586
2019-05-08,23.046213150024414
2019-05-09,22.532318115234375
2019-05-10,22.690444946289062
2019-05-14,22.37419891357422
2019-05-15,22.453258514404297
2019-05-16,22.49279022216797
2019-05-17,22.29513931274414
2019-05-20,22.176542282104492
2019-05-21,22.13701820373535
2019-05-22,22.09748649597168
2019-05-23,21.860300064086914
2019-05-24,21.93936538696289
2019-05-27,21.860300064086914
2019-05-28,21.93936538696289
2019-05-29,21.860300064086914
2019-05-30,21.781240463256836
2019-05-31,21.62312126159668
2019-06-03,21.58359146118164
2019-06-04,21.504528045654297
2019-06-05,21.662649154663086
2019-06-06,21.662649154663086
2019-06-10,22.176542282104492
2019-06-11,22.33466911315918
2019-06-12,21.978893280029297
2019-06-13,21.978893280029297
2019-06-14,21.820770263671875
2019-06-17,21.93936538696289
2019-06-18,22.09748649597168
2019-06-19,22.650909423828125
2019-06-20,23.006683349609375
2019-06-21,22.927621841430664
2019-06-24,22.927621841430664
2019-06-25,22.690444946289062
2019-06-26,22.729969024658203
2019-06-27,23.08574676513672
2019-06-28,23.006683349609375
2019-07-02,23.401987075805664
2019-07-03,23.362457275390625
2019-07-04,23.362457275390625
2019-07-05,23.322927474975586
2019-07-08,22.927621841430664
2019-07-09,22.769500732421875
2019-07-10,22.848560333251953
2019-07-11,23.006683349609375
2019-07-12,23.08574676513672
2019-07-15,23.12527847290039
2019-07-16,23.164804458618164
2019-07-17,23.164804458618164
2019-07-18,23.046213150024414
2019-07-19,23.283397674560547
2019-07-22,22.927621841430664
2019-07-23,23.046213150024414
2019-07-24,23.08574676513672
2019-07-25,23.164804458618164
2019-07-26,22.967153549194336
2019-07-29,22.769500732421875
2019-07-30,22.809036254882812
2019-07-31,22.532318115234375
2019-08-01,22.37419891357422
2019-08-02,21.820770263671875
2019-08-05,21.227815628051758
2019-08-06,21.148759841918945
2019-08-07,21.148759841918945
2019-08-08,21.227815628051758
2019-08-09,21.06969451904297
2019-08-12,20.95110511779785
2019-08-13,20.55579948425293
2019-08-14,20.516267776489258
2019-08-15,20.71392059326172
2019-08-16,20.95110511779785
2019-08-19,21.3068790435791
2019-08-20,21.346410751342773
2019-08-21,21.346410751342773
2019-08-22,21.18828773498535
2019-08-23,21.26734733581543
2019-08-26,20.911577224731445
2019-08-27,20.87204360961914
2019-08-28,20.83251190185547
2019-08-29,20.911577224731445
2019-08-30,20.95110511779785
2019-09-02,20.87204360961914
2019-09-03,20.792985916137695
2019-09-04,21.58359146118164
2019-09-05,21.662649154663086
2019-09-06,21.70218276977539
2019-09-09,21.781240463256836
2019-09-10,21.781240463256836
2019-09-11,22.09748649597168
2019-09-12,22.09748649597168
2019-09-13,22.29513931274414
2019-09-16,22.09748649597168
2019-09-17,21.860300064086914
2019-09-18,21.860300064086914
2019-09-19,21.62312126159668
2019-09-20,21.62312126159668
2019-09-23,21.42546844482422
2019-09-24,21.504528045654297
2019-09-25,21.227815628051758
2019-09-26,21.26734733581543
2019-09-27,21.227815628051758
2019-09-30,21.3068790435791
2019-10-02,21.26734733581543
2019-10-03,21.346410751342773
2019-10-04,21.10922622680664
2019-10-08,21.18828773498535
2019-10-09,21.030166625976562
2019-10-10,21.030166625976562
2019-10-11,21.58359146118164
2019-10-14,21.70218276977539
2019-10-15,21.662649154663086
2019-10-16,21.781240463256836
2019-10-17,21.978893280029297
2019-10-18,21.860300064086914
2019-10-21,21.820770263671875
2019-10-22,21.899831771850586
2019-10-23,21.741708755493164
2019-10-24,21.860300064086914
2019-10-25,21.860300064086914
2019-10-28,21.978893280029297
2019-10-29,21.93936538696289
2019-10-30,21.820770263671875
2019-10-31,22.00790023803711
2019-11-01,22.2113037109375
2019-11-04,22.577423095703125
2019-11-05,22.658782958984375
2019-11-06,22.658782958984375
2019-11-07,22.78082275390625
2019-11-08,22.61810302734375
2019-11-11,22.048582077026367
2019-11-12,22.129940032958984
2019-11-13,21.723142623901367
2019-11-14,21.60110092163086
2019-11-15,21.560420989990234
2019-11-18,21.804500579833984
2019-11-19,22.170621871948242
2019-11-20,22.00790023803711
2019-11-21,21.641782760620117
2019-11-22,21.763824462890625
2019-11-25,22.089262008666992
2019-11-26,22.048582077026367
2019-11-27,22.089262008666992
2019-11-28,22.00790023803711
2019-11-29,21.560420989990234
2019-12-02,21.682458877563477
2019-12-03,21.60110092163086
2019-12-04,21.357023239135742
2019-12-05,21.519744873046875
2019-12-06,21.682458877563477
2019-12-09,21.723142623901367
2019-12-10,21.641782760620117
2019-12-11,21.804500579833984
2019-12-12,22.129940032958984
2019-12-13,22.658782958984375
2019-12-16,22.536741256713867
2019-12-17,22.78082275390625
2019-12-18,22.821496963500977
2019-12-19,22.78082275390625
2019-12-20,22.902862548828125
2019-12-23,22.862180709838867
2019-12-24,22.78082275390625
2019-12-27,23.10626220703125
2019-12-30,23.228300094604492
2019-12-31,23.228300094604492
2020-01-02,23.350345611572266
2020-01-03,23.309661865234375
2020-01-06,23.146942138671875
2020-01-07,23.146942138671875
2020-01-08,22.984222412109375
2020-01-09,23.43170166015625
2020-01-10,23.43170166015625
2020-01-13,23.716461181640625
2020-01-14,23.635103225708008
2020-01-15,23.553743362426758
2020-01-16,23.59442138671875
2020-01-17,23.757144927978516
2020-01-20,23.553743362426758
2020-01-21,22.902862548828125
2020-01-22,23.228300094604492
2020-01-23,22.78082275390625
2020-01-24,22.862180709838867
2020-01-29,22.2113037109375
2020-01-30,21.682458877563477
2020-01-31,21.560420989990234
2020-02-03,21.560420989990234
2020-02-04,21.84518051147461
2020-02-05,21.926542282104492
2020-02-06,22.536741256713867
2020-02-07,22.414701461791992
2020-02-10,22.292659759521484
2020-02-11,22.577423095703125
2020-02-12,22.821496963500977
2020-02-13,22.740142822265625
2020-02-14,22.78082275390625
2020-02-17,22.902862548828125
2020-02-18,22.536741256713867
2020-02-19,22.658782958984375
2020-02-20,22.577423095703125
2020-02-21,22.3740177154541
2020-02-24,22.00790023803711
2020-02-25,22.048582077026367
2020-02-26,21.926542282104492
2020-02-27,22.089262008666992
2020-02-28,21.519744873046875
2020-03-02,21.682458877563477
2020-03-03,21.641782760620117
2020-03-04,21.60110092163086
2020-03-05,22.00790023803711
2020-03-06,21.560420989990234
2020-03-09,21.519744873046875
2020-03-10,20.706140518188477
2020-03-11,20.95022201538086
2020-03-12,20.78749656677246
2020-03-13,20.014575958251953
2020-03-16,19.851856231689453
2020-03-17,18.99757957458496
2020-03-18,19.200979232788086
2020-03-19,17.899215698242188
2020-03-20,18.79418182373047
2020-03-23,17.899215698242188
2020-03-24,18.753498077392578
2020-03-25,19.36370277404785
2020-03-26,19.200979232788086
2020-03-27,19.323017120361328
2020-03-30,19.038257598876953
2020-03-31,19.40437889099121
2020-04-01,18.956897735595703
2020-04-02,19.119619369506836
2020-04-03,19.07893943786621
2020-04-06,19.485742568969727
2020-04-07,19.93321990966797
2020-04-08,19.689138412475586
2020-04-09,19.93321990966797
2020-04-14,20.095937728881836
2020-04-15,19.77050018310547
2020-04-16,19.729816436767578
2020-04-17,19.97389793395996
2020-04-20,20.014575958251953
2020-04-21,19.526418685913086
2020-04-22,19.60778045654297
2020-04-23,19.64845848083496
2020-04-24,19.567096710205078
2020-04-27,19.93321990966797
2020-04-28,20.210865020751953
2020-04-29,20.210865020751953
2020-05-04,19.394262313842773
2020-05-05,19.598413467407227
2020-05-06,19.884227752685547
2020-05-07,19.720903396606445
2020-05-08,19.925050735473633
2020-05-11,20.251691818237305
2020-05-12,19.96588134765625
2020-05-13,19.884227752685547
2020-05-14,19.598413467407227
2020-05-15,19.598413467407227
2020-05-18,19.76173210144043
2020-05-19,20.08837127685547
2020-05-20,20.129201889038086
2020-05-21,19.96588134765625
2020-05-22,18.904300689697266
2020-05-25,18.904300689697266
2020-05-26,19.312602996826172
2020-05-27,19.190114974975586
2020-05-28,19.067625045776367
2020-05-29,18.945133209228516
2020-06-01,19.582080841064453
2020-06-02,19.810731887817383
2020-06-03,20.153701782226562
2020-06-04,20.18636703491211
2020-06-05,20.529338836669922
2020-06-08,20.529338836669922
2020-06-09,20.77431869506836
2020-06-10,20.7906494140625
2020-06-11,20.300691604614258
2020-06-12,20.170032501220703
2020-06-15,19.76173210144043
2020-06-16,20.251691818237305
2020-06-17,20.333354949951172
2020-06-18,20.317020416259766
2020-06-19,20.464008331298828
2020-06-22,20.415014266967773
2020-06-23,20.708988189697266
2020-06-24,20.610998153686523
2020-06-26,20.415014266967773
2020-06-29,20.219030380249023
2020-06-30,20.333354949951172
2020-07-02,20.98663330078125
2020-07-03,21.166282653808594
2020-07-06,21.999217987060547
2020-07-07,21.754240036010742
2020-07-08,21.835895538330078
2020-07-09,21.95022201538086
2020-07-10,21.509260177612305
2020-07-13,21.62358283996582
2020-07-14,21.362268447875977
2020-07-15,21.378602981567383
2020-07-16,20.9539737701416
2020-07-17,21.068294525146484
2020-07-20,21.00296401977539
2020-07-21,21.46026039123535
2020-07-22,20.970300674438477
2020-07-23,21.14995574951172
2020-07-24,20.708988189697266
2020-07-27,20.708988189697266
2020-07-28,20.7906494140625
2020-07-29,20.839645385742188
2020-07-30,20.692659378051758
2020-07-31,20.62733268737793
2020-08-03,20.513004302978516
2020-08-04,20.921306610107422
2020-08-05,21.068294525146484
2020-08-06,20.90497589111328
2020-08-07,20.56200408935547
2020-08-10,20.496671676635742
2020-08-11,20.872312545776367
2020-08-12,21.133621215820312
2020-08-13,21.14995574951172
2020-08-14,21.084625244140625
2020-08-17,21.23161506652832
2020-08-18,21.247949600219727
2020-08-19,21.133621215820312
2020-08-20,20.77431869506836
2020-08-21,21.051963806152344
2020-08-24,21.378602981567383
2020-08-25,21.362268447875977
2020-08-26,21.329608917236328
2020-08-27,21.19894790649414
2020-08-28,21.329608917236328
2020-08-31,21.10095977783203
2020-09-01,21.133621215820312
2020-09-02,21.084625244140625
2020-09-03,21.00296401977539
2020-09-04,20.839645385742188
2020-09-07,20.77431869506836
2020-09-08,20.725322723388672
2020-09-09,20.610998153686523
2020-09-10,20.529338836669922
2020-09-11,20.62733268737793
2020-09-14,20.741653442382812
2020-09-15,20.839645385742188
2020-09-16,20.806982040405273
2020-09-17,20.513004302978516
2020-09-18,20.610998153686523
2020-09-21,20.18636703491211
2020-09-22,20.0067138671875
2020-09-23,20.02304458618164
2020-09-24,19.696407318115234
2020-09-25,19.64740753173828
2020-09-28,19.827062606811523
2020-09-29,19.66374397277832
2020-09-30,19.827062606811523
2020-10-05,20.02304458618164
2020-10-06,20.235363006591797
2020-10-07,20.464008331298828
2020-10-08,20.366016387939453
2020-10-09,20.398679733276367
2020-10-12,20.806982040405273
2020-10-14,20.757986068725586
2020-10-15,20.333354949951172
2020-10-16,20.57833480834961
2020-10-19,20.676328659057617
2020-10-20,20.692659378051758
2020-10-21,20.855979919433594
2020-10-22,20.872312545776367
2020-10-23,20.98663330078125
2020-10-27,20.839645385742188
2020-10-28,20.7906494140625
2020-10-29,20.725322723388672
2020-10-30,20.322885513305664
2020-11-02,20.624710083007812
2020-11-03,21.06068229675293
2020-11-04,20.96007537841797
2020-11-05,21.54695701599121
2020-11-06,21.697866439819336
2020-11-09,21.9326229095459
2020-11-10,22.133840560913086
2020-11-11,22.133840560913086
2020-11-12,22.08353614807129
2020-11-13,22.05000114440918
2020-11-16,22.251218795776367
2020-11-17,22.284751892089844
2020-11-18,22.36859130859375
2020-11-19,22.234447479248047
2020-11-20,22.284751892089844
2020-11-23,22.33505630493164
2020-11-24,22.418893814086914
2020-11-25,22.45243263244629
2020-11-26,22.586576461791992
2020-11-27,22.70395278930664
2020-11-30,22.26798439025879
2020-12-01,22.40212631225586
2020-12-02,22.36859130859375
2020-12-03,22.553041458129883
2020-12-04,22.6201114654541
2020-12-07,22.31829071044922
2020-12-08,22.18414306640625
2020-12-09,22.36859130859375
2020-12-10,22.30152130126953
2020-12-11,22.385360717773438
2020-12-14,22.284751892089844
2020-12-15,22.133840560913086
2020-12-16,22.36859130859375
2020-12-17,22.51950454711914
2020-12-18,22.30152130126953
2020-12-21,22.18414306640625
2020-12-22,22.05000114440918
2020-12-23,22.234447479248047
2020-12-24,22.30152130126953
2020-12-28,22.200908660888672
2020-12-29,22.418893814086914
2020-12-30,22.921937942504883
2020-12-31,23.005779266357422
2021-01-04,23.1734561920166
2021-01-05,23.25729751586914
2021-01-06,23.341140747070312
2021-01-07,23.22376251220703
2021-01-08,23.492050170898438
2021-01-11,23.575895309448242
2021-01-12,23.810646057128906
2021-01-13,23.810646057128906
2021-01-14,24.011863708496094
2021-01-15,24.129241943359375
2021-01-18,24.313684463500977
2021-01-19,24.98440933227539
2021-01-20,25.219161987304688
2021-01-21,25.202392578125
2021-01-22,24.833498001098633
2021-01-25,25.386838912963867
2021-01-26,24.783193588256836
2021-01-27,24.699350357055664
2021-01-28,24.06216812133789
2021-01-29,23.860946655273438
2021-02-01,24.363994598388672
2021-02-02,24.665815353393555
2021-02-03,24.699350357055664
2021-02-04,24.514904022216797
2021-02-05,24.71611976623535
2021-02-08,24.732891082763672
2021-02-09,24.79996109008789
2021-02-10,25.370073318481445
2021-02-11,25.420377731323242
2021-02-16,25.906652450561523
2021-02-17,26.191709518432617
2021-02-18,25.80604362487793
2021-02-19,25.822813034057617
2021-02-22,25.58806037902832
2021-02-23,25.822813034057617
2021-02-24,25.05147933959961
2021-02-25,25.420377731323242
2021-02-26,24.49813461303711
2021-03-01,24.79996109008789
2021-03-02,24.514904022216797
2021-03-03,25.15209197998047
2021-03-04,24.665815353393555
2021-03-05,24.514904022216797
2021-03-08,24.095699310302734
2021-03-09,24.2801456451416
2021-03-10,24.431060791015625
2021-03-11,24.79996109008789
2021-03-12,24.313684463500977
2021-03-15,24.414297103881836
2021-03-16,24.531673431396484
2021-03-17,24.56520652770996
2021-03-18,24.867034912109375
2021-03-19,24.464601516723633
2021-03-22,24.39752960205078
2021-03-23,24.146005630493164
2021-03-24,23.575895309448242
2021-03-25,23.609426498413086
2021-03-26,23.94478988647461
2021-03-29,23.99509620666504
2021-03-30,24.16277313232422
2021-03-31,24.02863121032715
2021-04-01,24.447830200195312
2021-04-07,24.229846954345703
2021-04-08,24.54844093322754
2021-04-09,24.313684463500977
2021-04-12,24.011863708496094
2021-04-13,24.246612548828125
2021-04-14,24.481369018554688
2021-04-15,24.330453872680664
2021-04-16,24.514904022216797
2021-04-19,24.632278442382812
2021-04-20,24.615509033203125
2021-04-21,24.229846954345703
2021-04-22,24.313684463500977
2021-04-23,24.615509033203125
2021-04-26,24.49813461303711
2021-04-27,24.447830200195312
2021-04-28,24.598745346069336
2021-04-29,24.80927848815918
2021-04-30,24.253467559814453
2021-05-03,23.983985900878906
2021-05-04,24.23662757873535
2021-05-05,24.118732452392578
2021-05-06,24.23662757873535
2021-05-07,24.27031135559082
2021-05-10,24.202939987182617
2021-05-11,23.680818557739258
2021-05-12,23.916616439819336
2021-05-13,23.562917709350586
2021-05-14,23.74818992614746
2021-05-17,23.89977264404297
2021-05-18,24.23662757873535
2021-05-20,24.101886749267578
2021-05-21,24.118732452392578
2021-05-24,24.135568618774414
2021-05-25,24.5734806060791
2021-05-26,24.741905212402344
2021-05-27,24.741905212402344
2021-05-28,24.77559471130371
2021-05-31,24.758747100830078
2021-06-01,25.07876205444336
2021-06-02,24.910337448120117
2021-06-03,24.640851974487305
2021-06-04,24.624008178710938
2021-06-07,24.539794921875
2021-06-08,24.5229549407959
2021-06-09,24.50611114501953
2021-06-10,24.48926544189453
2021-06-11,24.59032440185547
2021-06-15,24.42189598083496
2021-06-16,24.253467559814453
2021-06-17,24.320837020874023
2021-06-18,24.556636810302734
2021-06-21,24.303998947143555
2021-06-22,24.135568618774414
2021-06-23,24.60716438293457
2021-06-24,24.657697677612305
2021-06-25,24.944021224975586
2021-06-28,24.960861206054688
2021-06-29,24.77559471130371
2021-06-30,24.624008178710938
2021-07-02,24.202939987182617
2021-07-05,24.118732452392578
2021-07-06,24.05135726928711
2021-07-07,24.034513473510742
2021-07-08,23.360807418823242
2021-07-09,23.52923583984375
2021-07-12,23.663972854614258
2021-07-13,23.983985900878906
2021-07-14,23.83240509033203
2021-07-15,24.00082778930664
2021-07-16,24.08504295349121
2021-07-19,23.57976531982422
2021-07-20,23.377649307250977
2021-07-21,23.377649307250977
2021-07-22,23.781871795654297
2021-07-23,23.46186637878418
2021-07-26,22.484987258911133
2021-07-27,21.609169006347656
2021-07-28,21.929180145263672
2021-07-29,22.60288429260254
2021-07-30,22.333404541015625
2021-08-02,22.501829147338867
2021-08-03,22.468143463134766
2021-08-04,22.68709945678711
2021-08-05,22.501829147338867
2021-08-06,22.484987258911133
2021-08-09,22.53551483154297
2021-08-10,22.804996490478516
2021-08-11,22.855525970458984
2021-08-12,22.720783233642578
2021-08-13,22.653413772583008
2021-08-16,22.501829147338867
2021-08-17,22.114450454711914
2021-08-18,22.215503692626953
2021-08-19,21.760753631591797
2021-08-20,21.373369216918945
2021-08-23,21.62601089477539
2021-08-24,22.097606658935547
2021-08-25,22.114450454711914
2021-08-26,21.878650665283203
2021-08-27,21.861806869506836
2021-08-30,21.979707717895508
2021-08-31,22.249191284179688
2021-09-01,22.400774002075195
2021-09-02,22.484987258911133
2021-09-03,22.35024642944336
2021-09-06,22.53551483154297
2021-09-07,22.720783233642578
2021-09-08,22.653413772583008
2021-09-09,22.18181800842285
2021-09-10,22.60288429260254
2021-09-13,22.28287696838379
2021-09-14,22.030235290527344
2021-09-15,21.710222244262695
2021-09-16,21.35652732849121
2021-09-17,21.541797637939453
2021-09-20,20.851245880126953
2021-09-21,20.935462951660156
2021-09-23,21.204944610595703
2021-09-24,20.935462951660156
2021-09-27,20.901777267456055
2021-09-28,21.154417037963867
2021-09-29,21.32284164428711
2021-09-30,21.238628387451172
2021-10-04,20.817562103271484
2021-10-05,20.851245880126953
2021-10-06,20.73334503173828
2021-10-07,21.35652732849121
2021-10-08,21.457584381103516
2021-10-11,21.844966888427734
2021-10-12,21.55864143371582
2021-10-15,21.878650665283203
2021-10-18,21.979707717895508
2021-10-19,22.26603126525879
2021-10-20,22.586040496826172
2021-10-21,22.41761589050293
2021-10-22,22.53551483154297
2021-10-25,22.552356719970703
2021-10-26,22.468143463134766
2021-10-27,22.131290435791016
2021-10-28,22.04707908630371
2021-10-29,21.943891525268555
2021-11-01,21.75472068786621
2021-11-02,21.75472068786621
2021-11-03,21.634340286254883
2021-11-04,21.823511123657227
2021-11-05,21.5655460357666
2021-11-08,21.462364196777344
2021-11-09,21.462364196777344
2021-11-10,21.634340286254883
2021-11-11,21.875102996826172
2021-11-12,21.926694869995117
2021-11-15,21.978288650512695
2021-11-16,22.184659957885742
2021-11-17,22.167461395263672
2021-11-18,21.840707778930664
2021-11-19,21.651538848876953
2021-11-22,21.582746505737305
2021-11-23,21.34198760986328
2021-11-24,21.376380920410156
2021-11-25,21.427968978881836
2021-11-26,20.860458374023438
2021-11-29,20.75726890563965
2021-11-30,20.310138702392578
2021-12-01,20.499313354492188
2021-12-02,20.602493286132812
2021-12-03,20.56810188293457
2021-12-06,20.206954956054688
2021-12-07,20.75726890563965
2021-12-08,20.77446937561035
2021-12-09,20.963638305664062
2021-12-10,20.740074157714844
2021-12-13,20.75726890563965
2021-12-14,20.430522918701172
2021-12-15,20.27574348449707
2021-12-16,20.344533920288086
2021-12-17,20.069374084472656
2021-12-20,19.69103240966797
2021-12-21,19.863006591796875
2021-12-22,19.948993682861328
2021-12-23,20.069374084472656
2021-12-24,20.103769302368164
2021-12-28,20.138166427612305
2021-12-29,19.948993682861328
2021-12-30,20.017784118652344
2021-12-31,20.22415542602539
2022-01-03,20.1209659576416
2022-01-04,20.155364990234375
2022-01-05,19.811412811279297
2022-01-06,19.966188430786133
2022-01-07,20.327335357666016
2022-01-10,20.499313354492188
2022-01-11,20.516508102416992
2022-01-12,21.06682586669922
2022-01-13,21.118417739868164
2022-01-14,21.04962921142578
2022-01-17,20.92924690246582
2022-01-18,20.860458374023438
2022-01-19,20.826059341430664
2022-01-20,21.5655460357666
2022-01-21,21.54835319519043
2022-01-24,21.324785232543945
2022-01-25,20.980836868286133
2022-01-26,20.980836868286133
2022-01-27,20.56810188293457
2022-01-28,20.361732482910156
2022-01-31,20.636892318725586
2022-02-04,21.238798141479492
2022-02-07,21.221601486206055
2022-02-08,21.04962921142578
2022-02-09,21.462364196777344
2022-02-10,21.53115463256836
2022-02-11,21.513959884643555
2022-02-14,21.221601486206055
2022-02-15,21.032428741455078
2022-02-16,21.34198760986328
2022-02-17,21.427968978881836
2022-02-18,21.04962921142578
2022-02-21,20.92924690246582
2022-02-22,20.310138702392578
2022-02-23,20.464916229248047
2022-02-24,19.828611373901367
2022-02-25,19.70823097229004
2022-02-28,19.6738338470459
2022-03-01,19.6738338470459
2022-03-02,19.347082138061523
2022-03-03,19.467464447021484
2022-03-04,18.96874237060547
2022-03-07,18.246450424194336
2022-03-08,17.9540958404541
2022-03-09,17.86811065673828
2022-03-10,18.14326286315918
2022-03-11,17.88530158996582
2022-03-14,17.025432586669922
2022-03-15,16.036582946777344
2022-03-16,17.40377426147461
2022-03-17,18.641992568969727
2022-03-18,18.624792098999023
2022-03-21,18.401226043701172
2022-03-22,18.985939025878906
2022-03-23,19.192306518554688
2022-03-24,19.03753089904785
2022-03-25,18.55600357055664
2022-03-28,18.81396484375
2022-03-29,19.020334243774414
2022-03-30,19.261098861694336
2022-03-31,19.15791130065918
2022-04-01,19.140716552734375
2022-04-04,19.519058227539062
2022-04-06,19.140716552734375
2022-04-07,18.934349060058594
2022-04-08,19.003137588500977
2022-04-11,18.418426513671875
2022-04-12,18.504411697387695
2022-04-13,18.55600357055664
2022-04-14,18.67638397216797
2022-04-19,18.246450424194336
2022-04-20,18.160463333129883
2022-04-21,17.9540958404541
2022-04-22,17.91969871520996
2022-04-25,17.33498191833496
2022-04-26,17.317790985107422
2022-04-27,17.317790985107422
2022-04-28,17.594045639038086
2022-04-29,18.319217681884766
2022-05-03,18.319217681884766
2022-05-04,18.112024307250977
2022-05-05,18.025693893432617
2022-05-06,17.38685417175293
2022-05-10,17.024269104003906
2022-05-11,17.23145866394043
2022-05-12,16.80844497680664
2022-05-13,17.2659912109375
2022-05-16,17.317790985107422
2022-05-17,17.8875675201416
2022-05-18,17.90483283996582
2022-05-19,17.507715225219727
2022-05-20,18.008432388305664
2022-05-23,17.801237106323242
2022-05-24,17.542245864868164
2022-05-25,17.594045639038086
2022-05-26,17.524980545043945
2022-05-27,18.060226440429688
2022-05-30,18.405548095703125
2022-05-31,18.664539337158203
2022-06-01,18.57820701599121
2022-06-02,18.422815322875977
2022-06-06,18.906259536743164
2022-06-07,18.81993293762207
2022-06-08,19.21704864501953
2022-06-09,19.130718231201172
2022-06-10,19.096189498901367
2022-06-13,18.422815322875977
2022-06-14,18.440080642700195
2022-06-15,18.68180274963379
2022-06-16,18.267417907714844
2022-06-17,18.526411056518555
2022-06-20,18.57820701599121
2022-06-21,18.888994216918945
2022-06-22,18.422815322875977
2022-06-23,18.664539337158203
2022-06-24,19.02712059020996
2022-06-27,19.493301391601562
2022-06-28,19.614166259765625
2022-06-29,19.320640563964844
2022-06-30,19.23431396484375
2022-07-04,19.23431396484375
2022-07-05,19.26884651184082
2022-07-06,19.00986099243164
2022-07-07,19.147985458374023
2022-07-08,19.18251609802246
2022-07-11,18.68180274963379
2022-07-12,18.440080642700195
2022-07-13,18.422815322875977
2022-07-14,18.336483001708984
2022-07-15,17.991161346435547
2022-07-18,18.440080642700195
2022-07-19,18.319217681884766
2022-07-20,18.50914192199707
2022-07-21,18.198352813720703
2022-07-22,18.215620040893555
2022-07-25,18.23288917541504
2022-07-26,18.526411056518555
2022-07-27,18.30195426940918
2022-07-28,18.23288917541504
2022-07-29,17.8530330657959
2022-08-01,17.8530330657959
2022-08-02,17.43865203857422
2022-08-03,17.507715225219727
2022-08-04,17.8530330657959
2022-08-05,17.870304107666016
2022-08-08,17.749439239501953
2022-08-09,17.697641372680664
2022-08-10,17.38685417175293
2022-08-11,17.766704559326172
2022-08-12,17.8875675201416
2022-08-15,17.766704559326172
2022-08-16,17.55951499938965
2022-08-17,17.628576278686523
2022-08-18,17.507715225219727
2022-08-19,17.542245864868164
2022-08-22,17.507715225219727
2022-08-23,17.300525665283203
2022-08-24,17.093332290649414
2022-08-25,17.697641372680664
2022-08-26,17.870304107666016
2022-08-29,17.714906692504883
2022-08-30,17.697641372680664
2022-08-31,17.697641372680664
2022-09-01,17.43865203857422
2022-09-02,17.300525665283203
2022-09-05,17.093332290649414
2022-09-06,17.101964950561523
2022-09-07,16.981103897094727
2022-09-08,16.817075729370117
2022-09-09,17.2659912109375
2022-09-13,17.240093231201172
2022-09-14,16.83434295654297
2022-09-15,16.886140823364258
2022-09-16,16.74801254272461
2022-09-19,16.56671905517578
2022-09-20,16.782543182373047
2022-09-21,16.497655868530273
2022-09-22,16.238662719726562
2022-09-23,16.04010772705078
2022-09-26,15.971039772033691
2022-09-27,15.988308906555176
2022-09-28,15.453063011169434
2022-09-29,15.366731643676758
2022-09-30,15.444430351257324
2022-10-03,15.289034843444824
2022-10-05,16.16960334777832
2022-10-06,16.10917091369629
2022-10-07,15.867443084716797
2022-10-10,15.409897804260254
2022-10-11,15.09911060333252
2022-10-12,14.97824764251709
2022-10-13,14.727890968322754
2022-10-14,14.874649047851562
2022-10-17,14.883284568786621
2022-10-18,15.159540176391602
2022-10-19,14.822853088378906
2022-10-20,14.607028007507324
2022-10-21,14.563864707946777
2022-10-24,13.65739917755127
2022-10-25,13.65739917755127
2022-10-26,13.786893844604492
2022-10-27,13.873224258422852
2022-10-28,13.363375663757324
2022-10-31,13.256040573120117
2022-11-01,13.909003257751465
2022-11-02,14.231012344360352
2022-11-03,13.792722702026367
2022-11-04,14.517242431640625
2022-11-07,14.919754981994629
2022-11-08,14.910812377929688
2022-11-09,14.722970008850098
2022-11-10,14.490410804748535
2022-11-11,15.581661224365234
2022-11-14,15.832115173339844
2022-11-15,16.502965927124023
2022-11-16,16.42246437072754
2022-11-17,16.2346248626709
2022-11-18,16.17201042175293
2022-11-21,15.89472770690918
2022-11-22,15.671110153198242
2022-11-23,15.760554313659668
2022-11-24,15.903669357299805
2022-11-25,15.814224243164062
2022-11-28,15.581661224365234
2022-11-29,16.38668441772461
2022-11-30,16.72658348083496
2022-12-01,16.92336654663086
2022-12-02,16.78919792175293
2022-12-05,17.50477409362793
2022-12-06,17.513715744018555
2022-12-07,16.977033615112305
2022-12-08,17.495826721191406
2022-12-09,17.889394760131836
2022-12-12,17.513715744018555
2022-12-13,17.64788818359375
2022-12-14,17.710498809814453
2022-12-15,17.45110511779785
2022-12-16,17.54949378967285
2022-12-19,17.45110511779785
2022-12-20,17.182762145996094
2022-12-21,17.25432014465332
2022-12-22,17.701557159423828
2022-12-23,17.621049880981445
2022-12-28,17.925172805786133
2022-12-29,17.75522232055664
2022-12-30,17.81783676147461
2023-01-03,18.12195587158203
2023-01-04,18.712305068969727
2023-01-05,18.944868087768555
2023-01-06,18.89120101928711
2023-01-09,19.231098175048828
2023-01-10,19.19532012939453
2023-01-11,19.302656173706055
2023-01-12,19.356325149536133
2023-01-13,19.5531063079834
2023-01-16,19.535215377807617
2023-01-17,19.409992218017578
2023-01-18,19.5173282623291
2023-01-19,19.481550216674805
2023-01-20,19.839338302612305
2023-01-26,20.322349548339844
2023-01-27,20.376020431518555
2023-01-30,19.875118255615234
2023-01-31,19.67833137512207
2023-02-01,19.839338302612305
2023-02-02,19.749889373779297
2023-02-03,19.481550216674805
2023-02-06,19.105873107910156
2023-02-07,19.1595401763916
2023-02-08,19.1595401763916
2023-02-09,19.463659286499023
2023-02-10,19.052202224731445
2023-02-13,19.087982177734375
2023-02-14,18.99853515625
2023-02-15,18.730195999145508
2023-02-16,18.909090042114258
2023-02-17,18.676525115966797
2023-02-20,18.783863067626953
2023-02-21,18.497631072998047
2023-02-22,18.372407913208008
2023-02-23,18.31873893737793
2023-02-24,18.104063034057617
2023-02-27,17.960952758789062
2023-02-28,17.88044548034668
2023-03-01,18.569189071655273
2023-03-02,18.426076889038086
2023-03-03,18.587080001831055
2023-03-06,18.604969024658203
2023-03-07,18.533409118652344
2023-03-08,18.104063034057617
2023-03-09,18.032508850097656
2023-03-10,17.433212280273438
2023-03-13,17.81783676147461
2023-03-14,17.406381607055664
2023-03-15,17.692609786987305
2023-03-16,17.379547119140625
2023-03-17,17.656829833984375
2023-03-20,17.182762145996094
2023-03-21,17.406381607055664
2023-03-22,17.710498809814453
2023-03-23,18.12195587158203
2023-03-24,17.97884178161621
2023-03-27,17.683666229248047
2023-03-28,17.889394760131836
2023-03-29,18.229290008544922
2023-03-30,18.354516983032227
2023-03-31,18.408185958862305
2023-04-03,18.426076889038086
2023-04-04,18.31873893737793
2023-04-06,18.372407913208008
2023-04-11,18.533409118652344
2023-04-12,18.354516983032227
2023-04-13,18.390296936035156
2023-04-14,18.51552391052246
2023-04-17,18.801753997802734
2023-04-18,18.640748977661133
2023-04-19,18.390296936035156
2023-04-20,18.426076889038086
2023-04-21,18.104063034057617
2023-04-24,18.032508850097656
2023-04-25,17.728389739990234
2023-04-26,17.826778411865234
2023-04-27,17.925172805786133
2023-04-28,17.979110717773438
2023-05-02,17.970117568969727
2023-05-03,17.781339645385742
2023-05-04,18.03304672241211
2023-05-05,18.122943878173828
2023-05-08,18.33868980407715
2023-05-09,17.943151473999023
2023-05-10,17.862247467041016
2023-05-11,17.85325813293457
2023-05-12,17.754371643066406
2023-05-15,18.086986541748047
2023-05-16,18.086986541748047
2023-05-17,17.7004337310791
2023-05-18,17.871234893798828
2023-05-19,17.619525909423828
2023-05-22,17.835277557373047
2023-05-23,17.619525909423828
2023-05-24,17.358829498291016
2023-05-25,17.053186416625977
2023-05-29,16.88238525390625
2023-05-30,16.91834259033203
2023-05-31,16.61269760131836
2023-06-01,16.567750930786133
2023-06-02,17.25095558166504
2023-06-05,17.394786834716797
2023-06-06,17.358829498291016
2023-06-07,17.520641326904297
2023-06-08,17.5745792388916
2023-06-09,17.673465728759766
2023-06-12,17.709421157836914
2023-06-13,17.82628631591797
2023-06-14,17.709421157836914
2023-06-15,18.104963302612305
2023-06-16,18.284753799438477
2023-06-19,18.158903121948242
2023-06-20,17.907194137573242
2023-06-21,17.5745792388916
2023-06-23,17.277925491333008
2023-06-26,17.214996337890625
2023-06-27,17.511653900146484
2023-06-28,17.55660057067871
2023-06-29,17.322872161865234
2023-06-30,17.304893493652344
2023-07-03,17.65548324584961
2023-07-04,17.76336097717285
2023-07-05,17.50266456604004
2023-07-06,17.098134994506836
2023-07-07,16.954299926757812
2023-07-10,17.06217384338379
2023-07-11,17.206008911132812
2023-07-12,17.403779983520508
2023-07-13,17.844266891479492
2023-07-14,17.88921546936035
2023-07-18,17.538623809814453
2023-07-19,17.47569465637207
2023-07-20,17.439735412597656
2023-07-21,17.610538482666016
2023-07-24,17.223987579345703
2023-07-25,17.907194137573242
2023-07-26,17.85325813293457
2023-07-27,18.086986541748047
2023-07-28,18.356670379638672
2023-07-31,18.46454620361328
2023-08-01,18.46454620361328
2023-08-02,17.970117568969727
2023-08-03,17.88921546936035
2023-08-04,18.01506805419922
2023-08-07,18.01506805419922
2023-08-08,17.7004337310791
2023-08-09,17.76336097717285
2023-08-10,17.781339645385742
2023-08-11,17.63750648498535
2023-08-14,17.34984016418457
2023-08-15,17.179039001464844
2023-08-16,16.945310592651367
2023-08-17,16.972280502319336
2023-08-18,16.61269760131836
2023-08-21,16.316041946411133
2023-08-22,16.46886444091797
2023-08-23,16.54977035522461
2023-08-24,16.864402770996094
2023-08-25,16.639663696289062
2023-08-28,16.765520095825195
2023-08-29,17.10712432861328
2023-08-30,17.080156326293945
2023-08-31,17.017229080200195
2023-09-04,17.457714080810547
2023-09-05,17.098134994506836
2023-09-06,17.098134994506836
2023-09-07,16.891374588012695
2023-09-11,16.828447341918945
2023-09-12,16.774507522583008
2023-09-13,16.765520095825195
2023-09-14,16.810468673706055
2023-09-15,16.900362014770508
2023-09-18,16.666635513305664
2023-09-19,16.747541427612305
2023-09-20,16.639663696289062
2023-09-21,16.43290901184082
2023-09-22,16.810468673706055
2023-09-25,16.486846923828125
2023-09-26,16.262107849121094
2023-09-27,16.40593719482422
2023-09-28,16.181198120117188
2023-09-29,16.576738357543945
2023-10-03,16.127262115478516
2023-10-04,16.01039695739746
2023-10-05,16.03736686706543
2023-10-06,16.307052612304688
2023-10-09,16.334020614624023
2023-10-10,16.46886444091797
2023-10-11,16.675622940063477
2023-10-12,16.954299926757812
2023-10-13,16.576738357543945
2023-10-16,16.423917770385742
2023-10-17,16.540781021118164
2023-10-18,16.522802352905273
2023-10-19,16.10029411315918
2023-10-20,15.992419242858887
2023-10-24,15.821616172790527
2023-10-25,15.947471618652344
2023-10-26,15.9025239944458
2023-10-27,16.253114700317383
2023-10-30,16.253114700317383
2023-10-31,15.965696334838867
2023-11-01,15.937881469726562
2023-11-02,16.06768226623535
2023-11-03,16.46636390686035
2023-11-06,16.753782272338867
2023-11-07,16.46636390686035
2023-11-08,16.364377975463867
2023-11-09,16.3458309173584
2023-11-10,16.04913902282715
2023-11-13,16.280929565429688
2023-11-14,16.253114700317383
2023-11-15,16.874313354492188
2023-11-16,16.64252471923828
2023-11-17,16.290203094482422
2023-11-20,16.59616470336914
2023-11-21,16.540536880493164
2023-11-22,16.559078216552734
2023-11-23,16.7445125579834
2023-11-24,16.40146255493164
2023-11-27,16.382917404174805
2023-11-28,16.225299835205078
2023-11-29,15.88224983215332
2023-11-30,15.937881469726562
2023-12-01,15.733904838562012
2023-12-04,15.567017555236816
2023-12-05,15.261053085327148
2023-12-06,15.381586074829102
2023-12-07,15.27032470703125
2023-12-08,15.261053085327148
2023-12-11,15.149796485900879
2023-12-12,15.307411193847656
2023-12-13,15.168338775634766
2023-12-14,15.335227966308594
2023-12-15,15.706090927124023
2023-12-18,15.539201736450195
2023-12-19,15.418670654296875
2023-12-20,15.539201736450195
2023-12-21,15.557745933532715
2023-12-22,15.27032470703125
2023-12-27,15.539201736450195
2023-12-28,15.974966049194336
2023-12-29,15.937881469726562
2024-01-02,15.706090927124023
2024-01-03,15.567017555236816
2024-01-04,15.585559844970703
2024-01-05,15.465030670166016
2024-01-08,15.168338775634766
2024-01-09,15.149796485900879
2024-01-10,15.066350936889648
2024-01-11,15.261053085327148
2024-01-12,15.196151733398438
2024-01-15,15.177611351013184
2024-01-16,14.83456039428711
2024-01-17,14.278264045715332
2024-01-18,14.398796081542969
2024-01-19,14.315350532531738
2024-01-22,14.009387969970703
2024-01-23,14.352437973022461
2024-01-24,14.890190124511719
2024-01-25,15.15906810760498
2024-01-26,14.927277565002441
2024-01-29,15.047806739807129
2024-01-30,14.6769437789917
2024-01-31,14.482239723205566
2024-02-01,14.593499183654785
2024-02-02,14.519325256347656
2024-02-05,14.491512298583984
2024-02-06,15.09416675567627
2024-02-07,15.019993782043457
2024-02-08,14.83456039428711
2024-02-09,14.723301887512207
2024-02-14,14.853103637695312
2024-02-15,14.908733367919922
2024-02-16,15.298141479492188
2024-02-19,15.103438377380371
2024-02-20,15.186880111694336
2024-02-21,15.437213897705078
2024-02-22,15.68754768371582
2024-02-23,15.650460243225098
2024-02-26,15.548474311828613
2024-02-27,15.72463321685791
2024-02-28,15.465030670166016
2024-02-29,15.418670654296875
2024-03-01,15.502116203308105
2024-03-04,15.520659446716309
2024-03-05,15.11270809173584
2024-03-06,15.390856742858887
2024-03-07,15.223967552185059
2024-03-08,15.353769302368164
2024-03-11,15.567017555236816
2024-03-12,16.058412551879883
2024-03-13,16.058412551879883
2024-03-14,15.919337272644043
2024-03-15,15.715362548828125
2024-03-18,15.72463321685791
2024-03-19,15.529932022094727
2024-03-20,15.548474311828613
2024-03-21,15.854436874389648
2024-03-22,15.492842674255371
2024-03-25,15.465030670166016
2024-03-26,15.613374710083008
2024-03-27,15.40939998626709
2024-03-28,15.529932022094727
2024-04-02,15.90079402923584
2024-04-03,15.706090927124023
2024-04-05,15.706090927124023
2024-04-08,15.733904838562012
2024-04-09,15.835894584655762
2024-04-10,16.12331199645996
2024-04-11,16.076955795288086
2024-04-12,15.733904838562012
2024-04-15,15.594831466674805
2024-04-16,15.28886890411377
2024-04-17,15.279596328735352
2024-04-18,15.418670654296875
2024-04-19,15.27032470703125
2024-04-22,15.492842674255371
2024-04-23,15.817349433898926
2024-04-24,16.160400390625
2024-04-25,16.234573364257812
2024-04-26,16.59616470336914
2024-04-29,16.66161346435547
2024-04-30,16.680315017700195
2024-05-02,17.119762420654297
2024-05-03,17.353511810302734
2024-05-06,17.465709686279297
2024-05-07,17.353511810302734
2024-05-08,17.213260650634766
2024-05-09,17.45635986328125
2024-05-10,17.877107620239258
2024-05-13,18.017358779907227
2024-05-14,17.97995948791504
2024-05-16,18.260456085205078
2024-05-17,18.4381046295166
2024-05-20,18.522254943847656
2024-05-21,18.09215545654297
2024-05-22,18.082807540893555
2024-05-23,17.78360939025879
2024-05-24,17.568561553955078
2024-05-27,17.764907836914062
2024-05-28,17.78360939025879
2024-05-29,17.493759155273438
2024-05-30,17.260009765625
2024-05-31,17.110410690307617
2024-06-03,17.409610748291016
2024-06-04,17.447010040283203
2024-06-05,17.447010040283203
2024-06-06,17.540508270263672
2024-06-07,17.447010040283203
2024-06-11,17.29741096496582
2024-06-12,17.101062774658203
2024-06-13,17.260009765625
2024-06-14,17.08236312866211
2024-06-17,17.110410690307617
2024-06-18,17.101062774658203
2024-06-19,17.58725929260254
2024-06-20,17.493759155273438
2024-06-21,17.20391082763672
2024-06-24,17.20391082763672
2024-06-25,17.231962203979492
2024-06-26,17.269363403320312
2024-06-27,16.951461791992188
2024-06-28,16.942113876342773
2024-07-02,17.0075626373291
2024-07-03,17.20391082763672
2024-07-04,17.306760787963867
2024-07-05,17.07301139831543
2024-07-08,16.904712677001953
2024-07-09,16.87666130065918
2024-07-10,16.848613739013672
2024-07-11,17.20391082763672
2024-07-12,17.634010314941406
2024-07-15,17.372209548950195
2024-07-16,17.091712951660156
2024-07-17,17.091712951660156
2024-07-18,17.138460159301758
2024-07-19,16.81121253967285
2024-07-22,17.035612106323242
2024-07-23,16.848613739013672
2024-07-24,16.717714309692383
2024-07-25,16.427865982055664
2024-07-26,16.409164428710938
2024-07-29,16.680315017700195
2024-07-30,16.409164428710938
2024-07-31,16.792512893676758
2024-08-01,16.689664840698242
2024-08-02,16.37176513671875
2024-08-05,16.1286678314209
2024-08-06,16.081918716430664
2024-08-07,16.296966552734375
2024-08-08,16.306316375732422
2024-08-09,16.512014389038086
2024-08-12,16.512014389038086
2024-08-13,16.577465057373047
2024-08-14,16.512014389038086
2024-08-15,16.54006576538086
2024-08-16,16.839262008666992
2024-08-19,16.97016143798828
2024-08-20,16.904712677001953
2024-08-21,16.792512893676758
2024-08-22,17.035612106323242
2024-08-23,17.026260375976562
2024-08-26,17.175861358642578
2024-08-27,17.269363403320312
2024-08-28,17.110410690307617
2024-08-29,17.175861358642578
2024-08-30,17.40026092529297
2024-09-02,17.110410690307617
2024-09-03,17.091712951660156
2024-09-04,16.904712677001953
2024-09-05,16.9140625
2024-09-09,16.680315017700195
2024-09-10,16.745763778686523
2024-09-11,16.614866256713867
2024-09-12,16.773813247680664
2024-09-13,16.895362854003906
2024-09-16,16.951461791992188
2024-09-17,17.157161712646484
2024-09-19,17.503108978271484
2024-09-20,17.70880889892578
2024-09-23,17.71816062927246
2024-09-24,18.456804275512695
2024-09-25,18.550304412841797
2024-09-26,19.317001342773438
2024-09-27,19.952795028686523
2024-09-30,20.401596069335938
2024-10-02,21.635786056518555
2024-10-03,21.336589813232422
2024-10-04,21.93498420715332
2024-10-07,22.252883911132812
2024-10-08,20.233295440673828
2024-10-09,19.934099197387695
2024-10-10,20.532493591308594
2024-10-14,20.38289451599121
2024-10-15,19.690998077392578
2024-10-16,19.616199493408203
2024-10-17,19.410499572753906
2024-10-18,20.10239601135254
2024-10-21,19.8218994140625
2024-10-22,19.84059715270996
2024-10-23,20.083696365356445
2024-10-24,19.84059715270996
2024-10-25,19.952795028686523
2024-10-28,19.934099197387695
2024-10-29,20.02759552001953
2024-10-30,19.70022201538086
2024-10-31,19.70022201538086
2024-11-01,19.85428237915039
2024-11-04,19.912052154541016
2024-11-05,20.335716247558594
2024-11-06,19.873538970947266
2024-11-07,20.297199249267578
2024-11-08,20.04685401916504
2024-11-11,19.7965087890625
2024-11-12,19.228418350219727
2024-11-13,19.199533462524414
2024-11-14,18.82401466369629
2024-11-15,18.82401466369629
2024-11-18,18.978073120117188
2024-11-19,19.055103302001953
2024-11-20,19.0839900970459
2024-11-21,18.987701416015625
2024-11-22,18.621814727783203
2024-11-25,18.57366943359375
2024-11-26,18.554414749145508
2024-11-27,19.026216506958008
2024-11-28,18.7758731842041
2024-11-29,18.87215805053711
2024-12-02,19.006959915161133
2024-12-03,19.141759872436523
2024-12-04,19.141759872436523
2024-12-05,18.987701416015625
2024-12-06,19.295820236206055
2024-12-09,19.7965087890625
2024-12-10,19.719480514526367
2024-12-11,19.56542205810547
2024-12-12,19.777252197265625
2024-12-13,19.334333419799805
2024-12-16,19.189905166625977
2024-12-17,19.16101837158203
2024-12-18,19.295820236206055
2024-12-19,19.180274963378906
2024-12-20,19.151390075683594
2024-12-23,19.276561737060547
2024-12-24,19.52690887451172
2024-12-27,19.469133377075195
2024-12-30,19.430620193481445
2024-12-31,19.488391876220703
2025-01-02,19.045475006103516
2025-01-03,19.199533462524414
2025-01-06,19.141759872436523
2025-01-07,18.901042938232422
2025-01-08,18.746984481811523
2025-01-09,18.708471298217773
2025-01-10,18.554414749145508
2025-01-13,18.3810977935791
2025-01-14,18.71809959411621
2025-01-15,18.756614685058594
2025-01-16,19.01658821105957
2025-01-17,19.055103302001953
2025-01-20,19.37285041809082
2025-01-21,19.56542205810547
2025-01-22,19.228418350219727
2025-01-23,19.16101837158203
2025-01-24,19.507648468017578
2025-01-27,19.6424503326416
2025-01-28,19.70022201538086
2025-02-03,19.680965423583984
2025-02-04,20.220170974731445
2025-02-05,20.027597427368164
2025-02-06,20.316455841064453
2025-02-07,20.547542572021484
2025-02-10,20.91343116760254
2025-02-11,20.72085952758789
2025-02-12,21.240806579589844
2025-02-13,21.183032989501953
2025-02-14,21.972583770751953
2025-02-17,21.972583770751953
2025-02-18,22.319215774536133
2025-02-19,22.280698776245117
2025-02-20,21.914813995361328
2025-02-21,22.800649642944336
2025-02-24,22.665847778320312
2025-02-25,22.376989364624023
2025-02-26,23.070249557495117
2025-02-27,23.050994873046875
2025-02-28,22.299959182739258
2025-03-03,22.357728958129883
2025-03-04,22.280698776245117
2025-03-05,22.91619110107422
2025-03-06,23.70574188232422
2025-03-07,23.609455108642578
2025-03-10,23.1857967376709
2025-03-11,23.147281646728516
2025-03-12,23.089508056640625
2025-03-13,22.8776798248291
2025-03-14,23.359111785888672
2025-03-17,23.551681518554688
2025-03-18,24.110145568847656
2025-03-19,24.14866065979004
2025-03-20,23.628713607788086
2025-03-21,23.108766555786133
2025-03-24,23.301340103149414
2025-03-25,22.781391143798828
2025-03-26,22.896936416625977
2025-03-27,22.993221282958984
2025-03-28,22.839162826538086
2025-03-31,22.588815689086914
2025-04-01,22.62733268737793
2025-04-02,22.646591186523438
2025-04-03,22.280698776245117
2025-04-07,19.295820236206055
2025-04-08,19.56542205810547
2025-04-09,19.777252197265625
2025-04-10,20.220170974731445
2025-04-11,20.43199920654297
2025-04-14,20.91343116760254
2025-04-15,20.951948165893555
2025-04-16,20.547542572021484
2025-04-17,20.91343116760254
2025-04-22,21.086748123168945
2025-04-23,21.568180084228516
2025-04-24,21.394865036010742
2025-04-25,21.49114990234375
2025-04-28,21.49114990234375
2025-04-29,21.53005027770996
2025-04-30,21.646745681762695
2025-05-02,22.035722732543945
2025-05-06,22.210765838623047
2025-05-07,22.210765838623047
2025-05-08,22.308012008666992
2025-05-09,22.42470359802246
2025-05-12,23.08597183227539
2025-05-13,22.61919593811035
2025-05-14,23.163766860961914
2025-05-15,23.008174896240234
2025-05-16,22.91092872619629
2025-05-19,22.891481399536133
2025-05-20,23.22211265563965
2025-05-21,23.397153854370117
2025-05-22,23.10542106628418
2025-05-23,23.163766860961914
2025-05-26,22.872032165527344
2025-05-27,23.008174896240234
2025-05-28,22.91092872619629
2025-05-29,23.202665328979492
2025-05-30,22.93037986755371
2025-06-02,22.833131790161133
2025-06-03,23.163766860961914
2025-06-04,23.299907684326172
2025-06-05,23.53329849243164
2025-06-06,23.494400024414062
2025-06-09,23.82503318786621
2025-06-10,23.82503318786621
2025-06-11,24.058422088623047
2025-06-12,23.7861328125
2025-06-13,23.591646194458008
2025-06-16,23.805583953857422
2025-06-17,23.7277889251709
2025-06-18,23.455501556396484
2025-06-19,22.988723754882812
2025-06-20,23.26101303100586
2025-06-23,23.436054229736328
2025-06-24,23.922279357910156
2025-06-25,24.214014053344727
2025-06-26,24.077871322631836
2025-06-27,24.01952362060547
2025-06-30,23.844482421875
2025-07-02,23.9611759185791
2025-07-03,23.86393165588379
2025-07-04,23.7277889251709
2025-07-07,23.68889045715332
2025-07-08,23.9611759185791
2025-07-09,23.708337783813477
2025-07-10,23.844482421875
2025-07-11,23.941726684570312
2025-07-14,24.01952362060547
2025-07-15,24.389055252075195
2025-07-16,24.29180908203125
2025-07-17,24.31125831604004
2025-07-18,24.6224422454834
2025-07-21,24.75858497619629
2025-07-22,24.89472770690918
2025-07-23,25.303157806396484
2025-07-24,25.439300537109375
2025-07-25,25.167015075683594
2025-07-28,25.342056274414062
2025-07-29,25.303157806396484
2025-07-30,24.953075408935547
2025-07-31,24.56409454345703
2025-08-01,24.29180908203125
2025-08-04,24.505748748779297
2025-08-05,24.661340713500977
2025-08-06,24.71968650817871
2025-08-07,24.855831146240234
2025-08-08,24.680789947509766
2025-08-11,24.700239181518555
2025-08-12,24.778034210205078
2025-08-13,25.36150360107422
2025-08-14,25.303157806396484
2025-08-15,25.089218139648438
2025-08-18,24.953075408935547
2025-08-19,24.91417694091797
2025-08-20,24.953075408935547
2025-08-21,24.91417694091797
2025-08-22,25.128116607666016
2025-08-25,25.633790969848633
2025-08-26,25.303157806396484
2025-08-27,24.991973876953125
2025-08-28,24.797483444213867
2025-08-29,24.91417694091797
2025-09-01,25.439300537109375
2025-09-02,25.322608947753906
2025-09-03,25.186464309692383
2025-09-04,24.91417694091797
2025-09-05,25.264259338378906
2025-09-08,25.478199005126953
2025-09-09,25.808834075927734
2025-09-10,26.061668395996094
2025-09-11,25.98387336730957
2025-09-12,26.25615882873535
2025-09-15,26.333953857421875
2025-09-16,26.314504623413086
2025-09-17,26.7618350982666
2025-09-18,26.43120002746582
2025-09-19,26.450651168823242
2025-09-22,26.217260360717773
2025-09-23,26.061668395996094
2025-09-24,26.43120002746582
2025-09-25,26.392301559448242
2025-09-26,26.042221069335938
2025-09-29,26.489545822143555
2025-09-30,26.7618350982666
2025-10-02,27.18971061706543
2025-10-03,27.014671325683594
2025-10-06,26.820178985595703
2025-10-08,26.7034854888916
2025-10-09,26.645137786865234
2025-10-10,26.217260360717773
2025-10-13,25.808834075927734
2025-10-14,25.40040397644043
2025-10-15,25.82828140258789
2025-10-16,25.808834075927734
2025-10-17,25.147565841674805
2025-10-20,25.789382934570312
2025-10-21,25.964426040649414
2025-10-22,25.692136764526367
2025-10-23,25.867177963256836
2025-10-27,26.295059204101562
2025-10-28,26.236709594726562
2025-10-30,26.206928253173828
2025-10-31,25.869415283203125
2025-11-03,26.06795310974121
2025-11-04,25.84956169128418
2025-11-05,25.84956169128418
2025-11-06,26.405466079711914
2025-11-07,26.147367477416992
2025-11-10,26.604001998901367
2025-11-11,26.64371109008789
2025-11-12,26.842248916625977
2025-11-13,26.981224060058594
2025-11-14,26.524587631225586
2025-11-17,26.326051712036133
2025-11-18,25.869415283203125
2025-11-19,25.78999900817871
2025-11-20,25.80985450744629
2025-11-21,25.174535751342773
2025-11-24,25.63117027282715
2025-11-25,25.84956169128418
2025-11-26,25.88926887512207
2025-11-27,25.869415283203125
2025-11-28,25.84956169128418
2025-12-01,26.008392333984375
2025-12-02,26.048097610473633
2025-12-03,25.750293731689453
2025-12-04,25.948829650878906
2025-12-05,26.087806701660156
2025-12-08,25.78999900817871
2025-12-09,25.432634353637695
2025-12-10,25.512048721313477
2025-12-11,25.571609497070312
2025-12-12,25.96868324279785
2025-12-15,25.651023864746094
2025-12-16,25.253950119018555
2025-12-17,25.472339630126953
2025-12-18,25.512048721313477
2025-12-19,25.71058464050293
2025-12-22,25.80985450744629
2025-12-23,25.770145416259766
2025-12-24,25.80985450744629
2025-12-29,25.63117027282715
2025-12-30,25.869415283203125
2025-12-31,25.63117027282715
2026-01-02,26.345905303955078
2026-01-05,26.326051712036133
2026-01-06,26.68341827392578
2026-01-07,26.46502685546875
2026-01-08,26.127513885498047
2026-01-09,26.206928253173828
2026-01-12,26.604001998901367
2026-01-13,26.842248916625977
2026-01-14,27.001079559326172
2026-01-15,26.921663284301758
2026-01-16,26.842248916625977
2026-01-19,26.56429672241211
2026-01-20,26.484880447387695
2026-01-21,26.604001998901367
2026-01-22,26.663564682006836
2026-01-23,26.762832641601562
2026-01-26,26.782686233520508
2026-01-27,27.12019920349121
2026-01-28,27.834936141967773
2026-01-29,27.97391128540039
2026-01-30,27.39815330505371
2026-02-02,26.742979049682617
2026-02-03,26.802539825439453
2026-02-04,26.881956100463867
2026-02-05,26.901809692382812
2026-02-06,26.56429672241211
2026-02-09,27.020931243896484
2026-02-10,27.179759979248047
2026-02-11,27.279029846191406
2026-02-12,27.04078483581543
2026-02-13,26.584150314331055
2026-02-16,26.762832641601562
2026-02-20,26.445173263549805
2026-02-23,27.100345611572266
2026-02-24,26.604001998901367
2026-02-25,26.782686233520508
2026-02-26,26.38561248779297
2026-02-27,26.703271865844727
2026-03-02,26.087806701660156
2026-03-03,25.770145416259766
2026-03-04,25.31351089477539
2026-03-05,25.31351089477539
2026-03-06,25.730438232421875
2026-03-09,25.432634353637695
2026-03-10,25.98853874206543
2026-03-11,25.909122467041016
2026-03-12,25.84956169128418
2026-03-13,25.53190040588379
2026-03-16,25.928977966308594
2026-03-17,26.008392333984375
2026-03-18,26.087806701660156
2026-03-19,25.571609497070312
2026-03-20,25.373071670532227
2026-03-23,24.51936149597168
2026-03-24,25.174535751342773
2026-03-25,25.472339630126953
2026-03-26,24.95614242553711
2026-03-27,25.015705108642578
2026-03-30,24.817167282104492
2026-03-31,24.896581649780273
2026-04-01,25.35321807861328
2026-04-02,25.21424102783203
2026-04-08,26.008392333984375
2026-04-09,25.829708099365234
2026-04-10,25.96868324279785
2026-04-13,25.770145416259766
2026-04-14,26.008392333984375
2026-04-15,26.048097610473633
2026-04-16,26.504735946655273
2026-04-17,26.24663734436035
2026-04-20,26.46502685546875
2026-04-21,26.56429672241211
2026-04-22,26.266489028930664
2026-04-23,26.008392333984375
2026-04-24,26.06795310974121
2026-04-27,26.048097610473633
2026-04-28,25.78999900817871
2026-04-29,26.239999771118164
2026-04-30,25.899999618530273
2026-05-04,26.239999771118164
2026-05-05,26.020000457763672
2026-05-06,26.299999237060547
2026-05-07,26.760000228881836
2026-05-08,26.5
2026-05-11,26.540000915527344
2026-05-12,26.479999542236328
2026-05-13,26.520000457763672
2026-05-14,26.559999465942383
2026-05-15,26.1200008392334
2026-05-18,25.81999969482422
2026-05-19,25.979999542236328
2026-05-20,25.860000610351562
2026-05-21,25.6200008392334
2026-05-22,25.799999237060547
2026-05-26,25.81999969482422
2026-05-27,25.559999465942383
2026-05-28,25.260000228881836
2026-05-29,25.399999618530273
2026-06-01,25.68000030517578
2026-06-02,26.31999969482422
2026-06-03,25.940000534057617
2026-06-04,25.540000915527344
2026-06-05,25.280000686645508
2026-06-08,24.979999542236328
2026-06-09,24.899999618530273
2026-06-10,24.739999771118164
2026-06-11,24.600000381469727
2026-06-12,25.079999923706055
2026-06-15,25.239999771118164
2026-06-16,24.860000610351562
2026-06-17,24.68000030517578
2026-06-18,24.280000686645508
2026-06-22,24.15999984741211
2026-06-23,23.700000762939453
2026-06-24,23.799999237060547
2026-06-25,23.5
2026-06-26,23.079999923706055
2026-06-29,23.399999618530273
2026-06-30,23.280000686645508
2026-07-02,23.5
2026-07-03,23.799999237060547
2026-07-06,24.079999923706055
2026-07-07,23.920000076293945
2026-07-08,24.65999984741211
2026-07-09,24.459999084472656
2026-07-10,24.6200008392334
2026-07-13,24.68000030517578
2026-07-14,24.84000015258789
2026-07-15,25.100000381469727
2026-07-16,25.459999084472656
2026-07-17,24.979999542236328
2026-07-20,25.579999923706055
2026-07-21,25.600000381469727
2026-07-22,25.34000015258789
2026-07-23,25.68000030517578
2026-07-24,25.420000076293945
2026-07-27,25.700000762939453
2026-07-28,25.799999237060547
2026-07-29,26.280000686645508
2026-07-30,26.360000610351562
2026-07-31,26.399999618530273
