date,close
1999-03-10,43.02705764770508
1999-03-11,43.23771667480469
1999-03-12,42.18442153930664
1999-03-15,43.39570999145508
1999-03-16,43.76436996459961
1999-03-17,43.44837951660156
1999-03-18,44.290985107421875
1999-03-19,43.158714294433594
1999-03-22,42.63207244873047
1999-03-23,41.13113021850586
1999-03-24,42.526737213134766
1999-03-25,44.080360412597656
1999-03-26,43.606346130371094
1999-03-29,45.18629837036133
1999-03-30,44.87031936645508
1999-03-31,44.21200180053711
1999-04-01,45.133636474609375
1999-04-05,46.76624298095703
1999-04-06,46.8584098815918
1999-04-07,46.371253967285156
1999-04-08,46.739925384521484
1999-04-09,47.02958297729492
1999-04-12,46.713592529296875
1999-04-13,46.081626892089844
1999-04-14,44.50165557861328
1999-04-15,45.1073112487793
1999-04-16,43.79069519042969
1999-04-19,41.736778259277344
1999-04-20,42.68473434448242
1999-04-21,44.791324615478516
1999-04-22,46.002601623535156
1999-04-23,46.60823440551758
1999-04-26,47.68128967285156
1999-04-27,46.95058059692383
1999-04-28,45.34431457519531
1999-04-29,44.97565460205078
1999-04-30,45.26530456542969
1999-05-03,45.028324127197266
1999-05-04,44.31733703613281
1999-05-05,45.660282135009766
1999-05-06,44.0013542175293
1999-05-07,44.63334274291992
1999-05-10,45.08098220825195
1999-05-11,45.79194259643555
1999-05-12,46.739925384521484
1999-05-13,45.8709602355957
1999-05-14,45.001983642578125
1999-05-17,45.81169891357422
1999-05-18,45.607601165771484
1999-05-19,46.23960876464844
1999-05-20,44.969058990478516
1999-05-21,44.5543327331543
1999-05-24,43.42202377319336
1999-05-25,42.00008010864258
1999-05-26,43.17188262939453
1999-05-27,43.13237762451172
1999-05-28,43.843379974365234
1999-06-01,42.86906051635742
1999-06-02,43.59318161010742
1999-06-03,42.97439956665039
1999-06-04,44.290985107421875
1999-06-07,45.212646484375
1999-06-08,44.080360412597656
1999-06-09,44.8176383972168
1999-06-10,44.30419158935547
1999-06-11,43.63270568847656
1999-06-14,42.80982208251953
1999-06-15,43.44837951660156
1999-06-16,45.6800422668457
1999-06-17,46.18692398071289
1999-06-18,46.39759826660156
1999-06-21,47.78663635253906
1999-06-22,46.34493637084961
1999-06-23,47.07564926147461
1999-06-24,46.14086151123047
1999-06-25,46.081626892089844
1999-06-28,47.17440414428711
1999-06-29,47.819541931152344
1999-06-30,48.55683898925781
1999-07-01,48.88600540161133
1999-07-02,49.50481033325195
1999-07-06,49.18882751464844
1999-07-07,49.26783752441406
1999-07-08,49.92613220214844
1999-07-09,50.42643737792969
1999-07-12,50.16312789916992
1999-07-13,49.92613220214844
1999-07-14,50.77535629272461
1999-07-15,51.24275588989258
1999-07-16,51.716739654541016
1999-07-19,51.190093994140625
1999-07-20,49.21515655517578
1999-07-21,49.4521598815918
1999-07-22,48.19477844238281
1999-07-23,48.267208099365234
1999-07-26,47.08223342895508
1999-07-27,48.03021240234375
1999-07-28,48.97157669067383
1999-07-29,47.92487335205078
1999-07-30,47.68788146972656
1999-08-02,47.55621337890625
1999-08-03,47.24681091308594
1999-08-04,46.391021728515625
1999-08-05,47.12832260131836
1999-08-06,46.621421813964844
1999-08-09,46.02234649658203
1999-08-10,45.607601165771484
1999-08-11,47.10854721069336
1999-08-12,46.555572509765625
1999-08-13,48.58318328857422
1999-08-16,48.97157669067383
1999-08-17,49.21515655517578
1999-08-18,48.66216278076172
1999-08-19,48.08287048339844
1999-08-20,48.84651184082031
1999-08-23,50.40011215209961
1999-08-24,50.7424201965332
1999-08-25,51.82206726074219
1999-08-26,50.95967483520508
1999-08-27,50.452781677246094
1999-08-30,49.7418212890625
1999-08-31,50.2947883605957
1999-09-01,50.6568603515625
1999-09-02,50.4791259765625
1999-09-03,52.796356201171875
1999-09-07,52.559364318847656
1999-09-08,51.848392486572266
1999-09-09,52.58571243286133
1999-09-10,53.19133758544922
1999-09-13,52.552764892578125
1999-09-14,52.842445373535156
1999-09-15,51.82206726074219
1999-09-16,51.795719146728516
1999-09-17,53.349342346191406
1999-09-20,53.474422454833984
1999-09-21,52.190711975097656
1999-09-22,52.743682861328125
1999-09-23,50.558109283447266
1999-09-24,50.623931884765625
1999-09-27,50.979434967041016
1999-09-28,51.216434478759766
1999-09-29,50.18943405151367
1999-09-30,50.71609878540039
1999-10-01,50.73584747314453
1999-10-04,51.87472152709961
1999-10-05,52.24336624145508
1999-10-06,53.29007339477539
1999-10-07,53.16501235961914
1999-10-08,53.724571228027344
1999-10-11,54.48161315917969
1999-10-12,53.24400329589844
1999-10-13,51.66408157348633
1999-10-14,51.986637115478516
1999-10-15,50.452781677246094
1999-10-18,49.81422805786133
1999-10-19,50.08412551879883
1999-10-20,51.61140823364258
1999-10-21,52.45402145385742
1999-10-22,52.21703338623047
1999-10-25,52.24336624145508
1999-10-26,51.82206726074219
1999-10-27,51.743064880371094
1999-10-28,53.533668518066406
1999-10-29,55.40325927734375
1999-11-01,55.11358642578125
1999-11-02,55.14653015136719
1999-11-03,56.24589157104492
1999-11-04,56.87786102294922
1999-11-05,57.45718002319336
1999-11-08,58.615806579589844
1999-11-09,58.220821380615234
1999-11-10,58.98444366455078
1999-11-11,60.037723541259766
1999-11-12,60.82771301269531
1999-11-15,60.709224700927734
1999-11-16,62.24967575073242
1999-11-17,61.40702819824219
1999-11-18,63.289756774902344
1999-11-19,63.855918884277344
1999-11-22,62.88166809082031
1999-11-23,63.17129898071289
1999-11-24,65.25157928466797
1999-11-26,65.46221923828125
1999-11-29,64.382568359375
1999-11-30,61.93367004394531
1999-12-01,63.27662658691406
1999-12-02,65.28446960449219
1999-12-03,66.67351531982422
1999-12-06,67.27909851074219
1999-12-07,67.27909851074219
1999-12-08,66.46282196044922
1999-12-09,66.77882385253906
1999-12-10,67.33181762695312
1999-12-13,68.24686431884766
1999-12-14,67.01586151123047
1999-12-15,68.30606842041016
1999-12-16,69.99137115478516
1999-12-17,70.5970230102539
1999-12-20,71.51866149902344
1999-12-21,75.36314392089844
1999-12-22,75.12619018554688
1999-12-23,76.02153778076172
1999-12-27,75.57382202148438
1999-12-28,75.0998306274414
1999-12-29,77.94378662109375
1999-12-30,77.10108947753906
1999-12-31,76.99578094482422
2000-01-03,79.83967590332031
2000-01-04,74.36253356933594
2000-01-05,72.466552734375
2000-01-06,67.48981475830078
2000-01-07,75.83715057373047
2000-01-10,77.94378662109375
2000-01-11,74.15191650390625
2000-01-12,72.51927185058594
2000-01-13,76.89044952392578
2000-01-14,78.68107604980469
2000-01-18,79.10237884521484
2000-01-19,80.89299011230469
2000-01-20,80.10299682617188
2000-01-21,81.10359954833984
2000-01-24,77.2064437866211
2000-01-25,78.36505126953125
2000-01-26,75.20520782470703
2000-01-27,76.31114959716797
2000-01-28,72.466552734375
2000-01-31,75.57382202148438
2000-02-01,77.60140228271484
2000-02-02,78.25977325439453
2000-02-03,81.31425476074219
2000-02-04,81.86727142333984
2000-02-07,82.99955749511719
2000-02-08,86.47543334960938
2000-02-09,83.4208984375
2000-02-10,86.1594467163086
2000-02-11,84.15817260742188
2000-02-14,84.05282592773438
2000-02-15,84.65853881835938
2000-02-16,84.26349639892578
2000-02-17,86.05411529541016
2000-02-18,82.9468994140625
2000-02-22,83.21025085449219
2000-02-23,87.84468078613281
2000-02-24,89.74063873291016
2000-02-25,87.68675994873047
2000-02-28,87.63406372070312
2000-02-29,89.95130920410156
2000-03-01,90.68862915039062
2000-03-02,88.58861541748047
2000-03-03,93.58519744873047
2000-03-06,94.3224868774414
2000-03-07,92.9005355834961
2000-03-08,93.7431640625
2000-03-09,96.90306091308594
2000-03-10,96.48171997070312
2000-03-13,93.95381164550781
2000-03-14,90.47793579101562
2000-03-15,86.68606567382812
2000-03-16,91.6365737915039
2000-03-17,93.37449645996094
2000-03-20,90.74126434326172
2000-03-21,94.16446685791016
2000-03-22,96.0604248046875
2000-03-23,97.74566650390625
2000-03-24,99.06226348876953
2000-03-27,99.22026824951172
2000-03-28,96.69242095947266
2000-03-29,92.68987274169922
2000-03-30,90.37259674072266
2000-03-31,92.26856231689453
2000-04-03,86.7387466430664
2000-04-04,85.8961181640625
2000-04-05,84.36884307861328
2000-04-06,86.37010192871094
2000-04-07,89.84598541259766
2000-04-10,84.36884307861328
2000-04-11,82.36758422851562
2000-04-12,77.52243041992188
2000-04-13,74.15191650390625
2000-04-14,67.72682189941406
2000-04-17,75.52115631103516
2000-04-18,77.52243041992188
2000-04-19,75.15252685546875
2000-04-20,73.5199203491211
2000-04-24,71.413330078125
2000-04-25,76.23216247558594
2000-04-26,73.625244140625
2000-04-27,76.89044952392578
2000-04-28,79.83967590332031
2000-05-01,80.57698059082031
2000-05-02,75.9425048828125
2000-05-03,75.0998306274414
2000-05-04,75.25786590576172
2000-05-05,77.04845428466797
2000-05-08,74.04655456542969
2000-05-09,72.466552734375
2000-05-10,67.20016479492188
2000-05-11,71.3079833984375
2000-05-12,71.3079833984375
2000-05-15,74.41522216796875
2000-05-16,76.52179718017578
2000-05-17,74.94187927246094
2000-05-18,72.25598907470703
2000-05-19,68.83275604248047
2000-05-22,68.78008270263672
2000-05-23,63.03964614868164
2000-05-24,66.989501953125
2000-05-25,65.5148696899414
2000-05-26,65.5148696899414
2000-05-30,72.09796905517578
2000-05-31,70.04403686523438
2000-06-01,73.625244140625
2000-06-02,78.89168548583984
2000-06-05,79.0892333984375
2000-06-06,76.89044952392578
2000-06-07,78.9443588256836
2000-06-08,78.57569885253906
2000-06-09,78.9970474243164
2000-06-12,76.46912384033203
2000-06-13,79.4183578491211
2000-06-14,77.62774658203125
2000-06-15,78.9970474243164
2000-06-16,79.4183578491211
2000-06-19,82.5782241821289
2000-06-20,82.26226043701172
2000-06-21,83.31552124023438
2000-06-22,80.26099395751953
2000-06-23,77.10108947753906
2000-06-26,79.20770263671875
2000-06-27,78.25977325439453
2000-06-28,79.20770263671875
2000-06-29,77.21956634521484
2000-06-30,78.73373413085938
2000-07-03,80.26099395751953
2000-07-05,77.15376281738281
2000-07-06,79.20770263671875
2000-07-07,80.84030151367188
2000-07-10,79.61581420898438
2000-07-11,80.05033111572266
2000-07-12,81.9462661743164
2000-07-13,82.99955749511719
2000-07-14,84.79015350341797
2000-07-17,85.73812103271484
2000-07-18,83.84215545654297
2000-07-19,81.9462661743164
2000-07-20,84.57949829101562
2000-07-21,81.7355728149414
2000-07-24,80.05033111572266
2000-07-25,80.68226623535156
2000-07-26,80.57698059082031
2000-07-27,77.41712188720703
2000-07-28,73.2039566040039
2000-07-31,75.36314392089844
2000-08-01,74.36253356933594
2000-08-02,73.04591369628906
2000-08-03,76.20580291748047
2000-08-04,75.9425048828125
2000-08-07,77.73309326171875
2000-08-08,79.31302642822266
2000-08-09,77.2064437866211
2000-08-10,75.67914581298828
2000-08-11,76.73246765136719
2000-08-14,78.36505126953125
2000-08-15,78.36505126953125
2000-08-16,79.1550521850586
2000-08-17,80.68226623535156
2000-08-18,80.26099395751953
2000-08-21,80.4716567993164
2000-08-22,80.4716567993164
2000-08-23,81.78826141357422
2000-08-24,83.05223083496094
2000-08-25,82.60456848144531
2000-08-28,82.99955749511719
2000-08-29,83.4208984375
2000-08-30,83.31552124023438
2000-08-31,85.63277435302734
2000-09-01,86.47543334960938
2000-09-05,83.84215545654297
2000-09-06,80.89299011230469
2000-09-07,82.68357849121094
2000-09-08,80.15567016601562
2000-09-11,78.20706939697266
2000-09-12,76.99578094482422
2000-09-13,78.78643798828125
2000-09-14,78.36505126953125
2000-09-15,76.94312286376953
2000-09-18,75.7318344116211
2000-09-19,78.5230712890625
2000-09-20,79.73434448242188
2000-09-21,73.94121551513672
2000-09-22,78.31237030029297
2000-09-25,76.23216247558594
2000-09-26,75.36314392089844
2000-09-27,75.46849822998047
2000-09-28,77.15376281738281
2000-09-29,74.78385925292969
2000-10-02,73.09859466552734
2000-10-03,70.78135681152344
2000-10-04,72.15064239501953
2000-10-05,72.36125183105469
2000-10-06,69.93873596191406
2000-10-09,69.62274169921875
2000-10-10,65.98884582519531
2000-10-11,64.93556213378906
2000-10-12,63.30299377441406
2000-10-13,68.464111328125
2000-10-16,69.0960464477539
2000-10-17,65.93621826171875
2000-10-18,65.72553253173828
2000-10-19,71.6766357421875
2000-10-20,72.72991943359375
2000-10-23,72.6246109008789
2000-10-24,69.51741027832031
2000-10-25,65.6202163696289
2000-10-26,67.30548095703125
2000-10-27,67.173828125
2000-10-30,64.6854019165039
2000-10-31,68.8459243774414
2000-11-01,68.25342559814453
2000-11-02,69.0960464477539
2000-11-03,69.99137115478516
2000-11-06,69.46470642089844
2000-11-07,69.20140838623047
2000-11-08,63.79010772705078
2000-11-09,63.77694320678711
2000-11-10,60.45907211303711
2000-11-13,60.551231384277344
2000-11-14,63.90858840942383
2000-11-15,65.19889068603516
2000-11-16,61.40702819824219
2000-11-17,61.36752700805664
2000-11-20,58.865970611572266
2000-11-21,58.77376937866211
2000-11-22,56.14057922363281
2000-11-24,59.35310745239258
2000-11-27,58.615806579589844
2000-11-28,55.15309143066406
2000-11-29,53.033348083496094
2000-11-30,53.07284927368164
2000-12-01,53.928646087646484
2000-12-04,54.771278381347656
2000-12-05,59.563785552978516
2000-12-06,57.299171447753906
2000-12-07,56.03522491455078
2000-12-08,57.299171447753906
2000-12-11,62.671016693115234
2000-12-12,60.380069732666016
2000-12-13,57.91801834106445
2000-12-14,55.08725357055664
2000-12-15,53.82333755493164
2000-12-18,53.928646087646484
2000-12-19,49.82079315185547
2000-12-20,46.9637336730957
2000-12-21,47.240234375
2000-12-22,50.979434967041016
2000-12-26,51.29540252685547
2000-12-27,51.87472152709961
2000-12-28,51.769386291503906
2000-12-29,49.18882751464844
2001-01-02,45.028324127197266
2001-01-03,52.61202621459961
2001-01-04,51.66408157348633
2001-01-05,47.714210510253906
2001-01-08,48.24085998535156
2001-01-09,48.24085998535156
2001-01-10,50.71609878540039
2001-01-11,52.190711975097656
2001-01-12,52.8621711730957
2001-01-16,52.230224609375
2001-01-17,53.82333755493164
2001-01-18,56.087890625
2001-01-19,55.877235412597656
2001-01-22,55.92989730834961
2001-01-23,57.1016845703125
2001-01-24,56.561866760253906
2001-01-25,54.34995651245117
2001-01-26,55.23210525512695
2001-01-29,56.4565544128418
2001-01-30,56.24589157104492
2001-01-31,54.18144607543945
2001-02-01,54.89767074584961
2001-02-02,51.864166259765625
2001-02-05,51.82206726074219
2001-02-06,51.90632247924805
2001-02-07,51.06368637084961
2001-02-08,49.53852462768555
2001-02-09,47.52461242675781
2001-02-12,48.09760284423828
2001-02-13,46.555572509765625
2001-02-14,48.40940475463867
2001-02-15,49.209896087646484
2001-02-16,46.454471588134766
2001-02-20,44.65122604370117
2001-02-21,43.39570999145508
2001-02-22,42.97439956665039
2001-02-23,43.12604522705078
2001-02-26,43.94343185424805
2001-02-27,41.28911209106445
2001-02-28,39.98303985595703
2001-03-01,41.12058639526367
2001-03-02,39.3510627746582
2001-03-05,40.06731033325195
2001-03-06,41.62617492675781
2001-03-07,41.64302062988281
2001-03-08,40.8677864074707
2001-03-09,38.002838134765625
2001-03-12,35.643470764160156
2001-03-13,37.45513916015625
2001-03-14,36.86528778076172
2001-03-15,35.51706314086914
2001-03-16,34.716583251953125
2001-03-19,36.45241165161133
2001-03-20,34.00032043457031
2001-03-21,34.00032043457031
2001-03-22,36.06479263305664
2001-03-23,36.06479263305664
2001-03-26,35.2305908203125
2001-03-27,36.443973541259766
2001-03-28,33.452606201171875
2001-03-29,32.82062530517578
2001-03-30,32.98917007446289
2001-04-02,31.51455307006836
2001-04-03,29.205732345581055
2001-04-04,28.69171905517578
2001-04-05,31.438735961914062
2001-04-06,30.292722702026367
2001-04-09,31.219623565673828
2001-04-10,33.536869049072266
2001-04-11,34.54802322387695
2001-04-12,36.06479263305664
2001-04-16,33.91605758666992
2001-04-17,34.758705139160156
2001-04-18,38.38200759887695
2001-04-19,40.699283599853516
2001-04-20,40.783538818359375
2001-04-23,38.044979095458984
2001-04-24,37.3287467956543
2001-04-25,38.002838134765625
2001-04-26,37.03379440307617
2001-04-27,38.044979095458984
2001-04-30,38.88761520385742
2001-05-01,40.48861312866211
2001-05-02,41.27227020263672
2001-05-03,39.43532943725586
2001-05-04,40.61502456665039
2001-05-07,39.77237319946289
2001-05-08,40.61502456665039
2001-05-09,39.22465515136719
2001-05-10,38.567405700683594
2001-05-11,38.38200759887695
2001-05-14,37.76691818237305
2001-05-15,38.044979095458984
2001-05-16,39.73024368286133
2001-05-17,40.362220764160156
2001-05-18,40.480201721191406
2001-05-21,43.01651382446289
2001-05-22,42.8901252746582
2001-05-23,40.994197845458984
2001-05-24,42.047481536865234
2001-05-25,41.28070068359375
2001-05-29,38.862327575683594
2001-05-30,37.43828582763672
2001-05-31,37.69106674194336
2001-06-01,38.80333709716797
2001-06-04,38.61795425415039
2001-06-05,40.320072174072266
2001-06-06,40.00831604003906
2001-06-07,41.03632354736328
2001-06-08,39.898780822753906
2001-06-11,38.80333709716797
2001-06-12,38.59270095825195
2001-06-13,37.53938293457031
2001-06-14,35.60133361816406
2001-06-15,35.896244049072266
2001-06-18,35.41593551635742
2001-06-19,35.2390022277832
2001-06-20,36.03949737548828
2001-06-21,36.52823257446289
2001-06-22,36.443973541259766
2001-06-25,36.53665542602539
2001-06-26,36.66304397583008
2001-06-27,36.89897537231445
2001-06-28,37.37086486816406
2001-06-29,38.50840759277344
2001-07-02,38.297767639160156
2001-07-03,38.45785903930664
2001-07-05,36.61248779296875
2001-07-06,35.095767974853516
2001-07-09,35.399070739746094
2001-07-10,34.126712799072266
2001-07-11,34.54802322387695
2001-07-12,36.73888397216797
2001-07-13,36.35969161987305
2001-07-16,35.68559646606445
2001-07-17,36.486106872558594
2001-07-18,35.095767974853516
2001-07-19,35.92995834350586
2001-07-20,35.095767974853516
2001-07-23,34.219417572021484
2001-07-24,33.83180618286133
2001-07-25,34.126712799072266
2001-07-26,34.63229751586914
2001-07-27,35.34853744506836
2001-07-30,35.13787841796875
2001-07-31,35.188438415527344
2001-08-01,36.31755828857422
2001-08-02,37.00010681152344
2001-08-03,36.384971618652344
2001-08-06,35.81196975708008
2001-08-07,35.626617431640625
2001-08-08,34.126712799072266
2001-08-09,34.26995086669922
2001-08-10,33.941349029541016
2001-08-13,34.63229751586914
2001-08-14,34.21098709106445
2001-08-15,32.947021484375
2001-08-16,33.33462905883789
2001-08-17,31.817895889282227
2001-08-20,32.256065368652344
2001-08-21,30.91629409790039
2001-08-22,31.758926391601562
2001-08-23,31.447147369384766
2001-08-24,33.115543365478516
2001-08-27,33.15768814086914
2001-08-28,32.121246337890625
2001-08-29,31.64937400817871
2001-08-30,30.478103637695312
2001-08-31,30.86573028564453
2001-09-04,29.888259887695312
2001-09-05,29.77029800415039
2001-09-06,28.56531524658203
2001-09-07,28.396808624267578
2001-09-10,28.733844757080078
2001-09-17,26.29021644592285
2001-09-18,25.700376510620117
2001-09-19,25.253768920898438
2001-09-20,24.4111328125
2001-09-21,23.75388526916504
2001-09-24,24.95042610168457
2001-09-25,25.026256561279297
2001-09-26,24.15834617614746
2001-09-27,23.998245239257812
2001-09-28,24.419565200805664
2001-10-01,24.208906173706055
2001-10-02,24.28473663330078
2001-10-03,26.12168312072754
2001-10-04,26.37447166442871
2001-10-05,26.762094497680664
2001-10-08,26.84635353088379
2001-10-09,26.197525024414062
2001-10-10,27.385639190673828
2001-10-11,29.23944664001465
2001-10-12,29.113039016723633
2001-10-15,28.98664665222168
2001-10-16,29.458518981933594
2001-10-17,27.34351348876953
2001-10-18,28.085039138793945
2001-10-19,28.270404815673828
2001-10-22,29.028783798217773
2001-10-23,29.180438995361328
2001-10-24,29.812414169311523
2001-10-25,31.00897979736328
2001-10-26,30.343280792236328
2001-10-29,28.683305740356445
2001-10-30,28.127166748046875
2001-10-31,28.56531524658203
2001-11-01,29.778732299804688
2001-11-02,29.99781036376953
2001-11-05,30.975263595581055
2001-11-06,32.18024826049805
2001-11-07,32.138118743896484
2001-11-08,31.809473037719727
2001-11-09,31.79262351989746
2001-11-12,32.02012252807617
2001-11-13,33.16611099243164
2001-11-14,33.40205001831055
2001-11-15,33.267250061035156
2001-11-16,33.1745491027832
2001-11-19,34.118282318115234
2001-11-20,32.54256057739258
2001-11-21,32.37403869628906
2001-11-23,33.098697662353516
2001-11-26,33.91605758666992
2001-11-27,33.87394332885742
2001-11-28,32.652122497558594
2001-11-29,33.66326141357422
2001-11-30,33.41048049926758
2001-12-03,32.837493896484375
2001-12-04,34.40480041503906
2001-12-05,36.1069221496582
2001-12-06,36.15747833251953
2001-12-07,35.16316604614258
2001-12-10,34.54802322387695
2001-12-11,34.741844177246094
2001-12-12,35.019920349121094
2001-12-13,33.50318145751953
2001-12-14,33.798091888427734
2001-12-17,34.3795166015625
2001-12-18,34.767120361328125
2001-12-19,34.13515853881836
2001-12-20,32.68581008911133
2001-12-21,33.267250061035156
2001-12-24,33.132415771484375
2001-12-26,33.44417953491211
2001-12-27,33.71382522583008
2001-12-28,33.983463287353516
2001-12-31,32.78693389892578
2002-01-02,33.798091888427734
2002-01-03,34.96936798095703
2002-01-04,35.112586975097656
2002-01-07,34.7249870300293
2002-01-08,34.960933685302734
2002-01-09,34.640716552734375
2002-01-10,34.86823654174805
2002-01-11,34.421634674072266
2002-01-14,33.67170333862305
2002-01-15,33.99190139770508
2002-01-16,32.677371978759766
2002-01-17,33.41048049926758
2002-01-18,32.51728820800781
2002-01-22,31.51455307006836
2002-01-23,32.38246154785156
2002-01-24,32.81218719482422
2002-01-25,32.71952819824219
2002-01-28,32.90489959716797
2002-01-29,32.00328063964844
2002-01-30,32.247650146484375
2002-01-31,32.449886322021484
2002-02-01,32.138118743896484
2002-02-04,31.110088348388672
2002-02-05,30.596073150634766
2002-02-06,30.385412216186523
2002-02-07,29.652339935302734
2002-02-08,30.478103637695312
2002-02-11,30.86573028564453
2002-02-12,30.612924575805664
2002-02-13,31.13536834716797
2002-02-14,31.076391220092773
2002-02-15,30.149478912353516
2002-02-19,29.22258758544922
2002-02-20,29.618629455566406
2002-02-21,28.21142578125
2002-02-22,28.354671478271484
2002-02-25,29.50064468383789
2002-02-26,29.39112091064453
2002-02-27,28.98664665222168
2002-02-28,28.46421241760254
2002-03-01,30.11577606201172
2002-03-04,31.30389404296875
2002-03-05,31.53140640258789
2002-03-06,31.683082580566406
2002-03-07,31.75049591064453
2002-03-08,32.5847053527832
2002-03-11,32.466739654541016
2002-03-12,32.02012252807617
2002-03-13,31.244901657104492
2002-03-14,31.05954360961914
2002-03-15,31.371294021606445
2002-03-18,31.548261642456055
2002-03-19,31.497713088989258
2002-03-20,30.385412216186523
2002-03-21,31.19436264038086
2002-03-22,30.907861709594727
2002-03-25,29.964109420776367
2002-03-26,30.242189407348633
2002-03-27,30.006244659423828
2002-03-28,30.385412216186523
2002-04-01,30.966835021972656
2002-04-02,29.568063735961914
2002-04-03,29.51751708984375
2002-04-04,29.289987564086914
2002-04-05,28.96137046813965
2002-04-08,29.323698043823242
2002-04-09,28.30411720275879
2002-04-10,28.514774322509766
2002-04-11,27.80695152282715
2002-04-12,28.2451229095459
2002-04-15,28.472637176513672
2002-04-16,29.6607608795166
2002-04-17,29.509098052978516
2002-04-18,28.94451904296875
2002-04-19,29.037199020385742
2002-04-22,28.30411720275879
2002-04-23,27.81538963317871
2002-04-24,27.385639190673828
2002-04-25,27.31822967529297
2002-04-26,26.1554012298584
2002-04-29,26.222810745239258
2002-04-30,26.73680877685547
2002-05-01,26.593563079833984
2002-05-02,25.70880699157715
2002-05-03,25.05997085571289
2002-05-06,24.4111328125
2002-05-07,24.18362808227539
2002-05-08,26.770523071289062
2002-05-09,26.07955551147461
2002-05-10,24.90829086303711
2002-05-13,25.919456481933594
2002-05-14,27.444622039794922
2002-05-15,27.646862030029297
2002-05-16,27.688989639282227
2002-05-17,27.74797248840332
2002-05-20,27.141273498535156
2002-05-21,26.399763107299805
2002-05-22,26.458738327026367
2002-05-23,26.989601135253906
2002-05-24,26.32392120361328
2002-05-28,26.20595359802246
2002-05-29,25.514997482299805
2002-05-30,25.734079360961914
2002-05-31,25.312763214111328
2002-06-03,24.419565200805664
2002-06-04,24.739763259887695
2002-06-05,24.992555618286133
2002-06-06,24.335302352905273
2002-06-07,23.846574783325195
2002-06-10,23.804445266723633
2002-06-11,23.138761520385742
2002-06-12,23.475814819335938
2002-06-13,23.324138641357422
2002-06-14,23.273576736450195
2002-06-17,24.06566047668457
2002-06-18,24.453264236450195
2002-06-19,23.037649154663086
2002-06-20,22.2961368560791
2002-06-21,21.7568302154541
2002-06-24,22.186586380004883
2002-06-25,21.453495025634766
2002-06-26,21.613582611083984
2002-06-27,22.08546257019043
2002-06-28,21.992778778076172
2002-07-01,20.93947982788086
2002-07-02,20.181110382080078
2002-07-03,20.855224609375
2002-07-05,22.19500160217285
2002-07-08,21.386077880859375
2002-07-09,20.779380798339844
2002-07-10,20.138973236083984
2002-07-11,20.897348403930664
2002-07-12,20.897348403930664
2002-07-15,21.54618263244629
2002-07-16,21.225984573364258
2002-07-17,21.613582611083984
2002-07-18,20.83837127685547
2002-07-19,20.214813232421875
2002-07-22,19.71766471862793
2002-07-23,18.87502670288086
2002-07-24,19.903043746948242
2002-07-25,18.748628616333008
2002-07-26,19.10253143310547
2002-07-29,20.07999610900879
2002-07-30,20.484460830688477
2002-07-31,20.09684944152832
2002-08-01,19.15310287475586
2002-08-02,18.748628616333008
2002-08-05,18.066104888916016
2002-08-06,18.959287643432617
2002-08-07,19.212080001831055
2002-08-08,19.86090660095215
2002-08-09,19.658672332763672
2002-08-12,19.71766471862793
2002-08-13,19.043556213378906
2002-08-14,20.256948471069336
2002-08-15,20.669841766357422
2002-08-16,20.813087463378906
2002-08-19,21.318655014038086
2002-08-20,21.225984573364258
2002-08-21,21.69785499572754
2002-08-22,22.043331146240234
2002-08-23,21.1922664642334
2002-08-26,21.276535034179688
2002-08-27,20.535018920898438
2002-08-28,19.785070419311523
2002-08-29,20.046287536621094
2002-08-30,19.793498992919922
2002-09-03,19.077253341674805
2002-09-04,19.15310287475586
2002-09-05,18.681222915649414
2002-09-06,19.25420379638672
2002-09-09,19.448026657104492
2002-09-10,19.928312301635742
2002-09-11,19.759798049926758
2002-09-12,19.22050666809082
2002-09-13,19.372175216674805
2002-09-16,19.0941162109375
2002-09-17,18.689647674560547
2002-09-18,18.478986740112305
2002-09-19,18.18406105041504
2002-09-20,18.25990104675293
2002-09-23,17.712190628051758
2002-09-24,17.720617294311523
2002-09-25,18.428428649902344
2002-09-26,18.200927734375
2002-09-27,17.956558227539062
2002-09-30,17.459388732910156
2002-10-01,18.5211181640625
2002-10-02,17.90598487854004
2002-10-03,17.47625160217285
2002-10-04,17.147621154785156
2002-10-07,16.987529754638672
2002-10-08,17.02122688293457
2002-10-09,16.90326499938965
2002-10-10,17.76274299621582
2002-10-11,18.72335433959961
2002-10-14,18.942432403564453
2002-10-15,19.852481842041016
2002-10-16,19.195228576660156
2002-10-17,19.844057083129883
2002-10-18,20.063148498535156
2002-10-21,20.467607498168945
2002-10-22,20.341211318969727
2002-10-23,20.72883415222168
2002-10-24,20.206401824951172
2002-10-25,20.813087463378906
2002-10-28,20.63613510131836
2002-10-29,20.155832290649414
2002-10-30,20.69511604309082
2002-10-31,20.686691284179688
2002-11-01,21.276535034179688
2002-11-04,21.824249267578125
2002-11-05,21.992778778076172
2002-11-06,22.304561614990234
2002-11-07,21.52090072631836
2002-11-08,21.124862670898438
2002-11-11,20.484460830688477
2002-11-12,21.006887435913086
2002-11-13,21.259685516357422
2002-11-14,21.992778778076172
2002-11-15,22.27927017211914
2002-11-18,21.950637817382812
2002-11-19,21.613582611083984
2002-11-20,22.532054901123047
2002-11-21,23.36627197265625
2002-11-22,23.35784912109375
2002-11-25,23.58535385131836
2002-11-26,22.793283462524414
2002-11-27,23.517942428588867
2002-11-29,23.35784912109375
2002-12-02,23.593788146972656
2002-12-03,22.894399642944336
2002-12-04,22.38881492614746
2002-12-05,22.07703971862793
2002-12-06,22.304561614990234
2002-12-09,21.251251220703125
2002-12-10,21.571455001831055
2002-12-11,21.672576904296875
2002-12-12,21.790552139282227
2002-12-13,21.099586486816406
2002-12-16,21.782123565673828
2002-12-17,21.84952735900879
2002-12-18,21.386077880859375
2002-12-19,21.11642837524414
2002-12-20,21.33551788330078
2002-12-23,21.630443572998047
2002-12-24,21.360801696777344
2002-12-26,21.30182456970215
2002-12-27,20.914196014404297
2002-12-30,20.754104614257812
2002-12-31,20.535018920898438
2003-01-02,21.402929306030273
2003-01-03,21.638877868652344
2003-01-06,22.17814826965332
2003-01-07,22.456220626831055
2003-01-08,21.824249267578125
2003-01-09,22.49835968017578
2003-01-10,22.835411071777344
2003-01-13,22.700586318969727
2003-01-14,22.818559646606445
2003-01-15,22.532054901123047
2003-01-16,22.27927017211914
2003-01-17,21.32709503173828
2003-01-21,21.091163635253906
2003-01-22,21.006887435913086
2003-01-23,21.49561882019043
2003-01-24,20.914196014404297
2003-01-27,20.669841766357422
2003-01-28,20.88050079345703
2003-01-29,21.1922664642334
2003-01-30,20.644556045532227
2003-01-31,20.594005584716797
2003-02-03,20.63613510131836
2003-02-04,20.383342742919922
2003-02-05,20.290651321411133
2003-02-06,20.400197982788086
2003-02-07,20.063148498535156
2003-02-10,20.240100860595703
2003-02-11,20.349641799926758
2003-02-12,20.071569442749023
2003-02-13,20.17267417907715
2003-02-14,20.63613510131836
2003-02-18,21.276535034179688
2003-02-19,21.133285522460938
2003-02-20,21.049026489257812
2003-02-21,21.209125518798828
2003-02-24,20.84679412841797
2003-02-25,20.87206268310547
2003-02-26,20.40861701965332
2003-02-27,20.87206268310547
2003-02-28,21.200698852539062
2003-03-03,20.770952224731445
2003-03-04,20.644556045532227
2003-03-05,20.686691284179688
2003-03-06,20.63613510131836
2003-03-07,20.678264617919922
2003-03-10,20.231664657592773
2003-03-11,20.054712295532227
2003-03-12,20.41704559326172
2003-03-13,21.58831214904785
2003-03-14,21.672576904296875
2003-03-17,22.414093017578125
2003-03-18,22.69215965270996
2003-03-19,22.49835968017578
2003-03-20,22.582624435424805
2003-03-21,22.894399642944336
2003-03-24,21.942222595214844
2003-03-25,22.254003524780273
2003-03-26,22.380390167236328
2003-03-27,22.220287322998047
2003-03-28,21.975923538208008
2003-03-31,21.276535034179688
2003-04-01,21.4450626373291
2003-04-02,22.034908294677734
2003-04-03,22.31297492980957
2003-04-04,21.950637817382812
2003-04-07,21.984352111816406
2003-04-08,21.95906639099121
2003-04-09,21.453495025634766
2003-04-10,21.714696884155273
2003-04-11,21.49561882019043
2003-04-14,21.93379783630371
2003-04-15,22.14446258544922
2003-04-16,22.093889236450195
2003-04-17,22.599477767944336
2003-04-21,22.683740615844727
2003-04-22,23.113479614257812
2003-04-23,23.28201675415039
2003-04-24,23.155609130859375
2003-04-25,22.70902442932129
2003-04-28,23.155609130859375
2003-04-29,23.36627197265625
2003-04-30,23.130340576171875
2003-05-01,23.332561492919922
2003-05-02,23.829727172851562
2003-05-05,23.804445266723633
2003-05-06,24.107797622680664
2003-05-07,23.83814239501953
2003-05-08,23.39997100830078
2003-05-09,23.93926239013672
2003-05-12,24.301597595214844
2003-05-13,24.149921417236328
2003-05-14,24.099363327026367
2003-05-15,24.369007110595703
2003-05-16,24.18362808227539
2003-05-19,23.332561492919922
2003-05-20,23.39997100830078
2003-05-21,23.332561492919922
2003-05-22,23.66961669921875
2003-05-23,23.678041458129883
2003-05-27,24.520681381225586
2003-05-28,24.596521377563477
2003-05-29,24.6976375579834
2003-05-30,25.10209846496582
2003-06-02,24.92514419555664
2003-06-03,25.16109275817871
2003-06-04,25.632957458496094
2003-06-05,25.818347930908203
2003-06-06,25.388599395751953
2003-06-09,25.051542282104492
2003-06-10,25.430727005004883
2003-06-11,25.717222213745117
2003-06-12,25.826766967773438
2003-06-13,25.245344161987305
2003-06-16,26.020580291748047
2003-06-17,25.919456481933594
2003-06-18,26.05428123474121
2003-06-19,25.632957458496094
2003-06-20,25.599258422851562
2003-06-23,25.20321273803711
2003-06-24,25.009410858154297
2003-06-25,24.874584197998047
2003-06-26,25.464431762695312
2003-06-27,25.135801315307617
2003-06-30,25.236913681030273
2003-07-01,25.573978424072266
2003-07-02,26.096416473388672
2003-07-03,25.767791748046875
2003-07-07,26.87163734436035
2003-07-08,27.200252532958984
2003-07-09,27.132843017578125
2003-07-10,26.62727165222168
2003-07-11,26.82950210571289
2003-07-14,27.149707794189453
2003-07-15,27.183408737182617
2003-07-16,27.099140167236328
2003-07-17,26.273366928100586
2003-07-18,26.357635498046875
2003-07-21,26.020580291748047
2003-07-22,26.408184051513672
2003-07-23,26.62727165222168
2003-07-24,26.273366928100586
2003-07-25,26.795799255371094
2003-07-28,26.87163734436035
2003-07-29,26.669397354125977
2003-07-30,26.47560691833496
2003-07-31,26.795799255371094
2003-08-01,26.50930404663086
2003-08-04,26.500865936279297
2003-08-05,25.456005096435547
2003-08-06,25.43915557861328
2003-08-07,25.540271759033203
2003-08-08,25.338037490844727
2003-08-11,25.616100311279297
2003-08-12,26.003721237182617
2003-08-13,26.01214599609375
2003-08-14,26.037418365478516
2003-08-15,26.264942169189453
2003-08-18,26.939043045043945
2003-08-19,27.27608871459961
2003-08-20,27.208696365356445
2003-08-21,27.503604888916016
2003-08-22,27.335079193115234
2003-08-25,27.394067764282227
2003-08-26,27.419353485107422
2003-08-27,27.638431549072266
2003-08-28,27.882802963256836
2003-08-29,28.135589599609375
2003-09-02,28.540061950683594
2003-09-03,28.5231990814209
2003-09-04,28.7844295501709
2003-09-05,28.599037170410156
2003-09-08,29.070907592773438
2003-09-09,28.725421905517578
2003-09-10,28.034473419189453
2003-09-11,28.346248626708984
2003-09-12,28.49793243408203
2003-09-15,28.219852447509766
2003-09-16,28.98664665222168
2003-09-17,28.868675231933594
2003-09-18,29.306840896606445
2003-09-19,29.138309478759766
2003-09-22,28.58217430114746
2003-09-23,29.087766647338867
2003-09-24,27.992338180541992
2003-09-25,27.6299991607666
2003-09-26,27.45305061340332
2003-09-29,27.924924850463867
2003-09-30,27.31822967529297
2003-10-01,27.9333438873291
2003-10-02,28.026042938232422
2003-10-03,28.809694290161133
2003-10-06,29.020353317260742
2003-10-07,29.197303771972656
2003-10-08,29.01192855834961
2003-10-09,29.23101234436035
2003-10-10,29.50064468383789
2003-10-13,29.694469451904297
2003-10-14,29.77029800415039
2003-10-15,29.64391326904297
2003-10-16,29.879846572875977
2003-10-17,29.163604736328125
2003-10-20,29.525924682617188
2003-10-21,29.7028751373291
2003-10-22,29.129911422729492
2003-10-23,28.79283905029297
2003-10-24,28.818111419677734
2003-10-27,28.8265438079834
2003-10-28,29.795574188232422
2003-10-29,29.76186180114746
2003-10-30,29.82086181640625
2003-10-31,29.64391326904297
2003-11-03,30.132633209228516
2003-11-04,29.93039321899414
2003-11-05,30.200037002563477
2003-11-06,30.28430938720703
2003-11-07,30.02309226989746
2003-11-10,29.652339935302734
2003-11-11,29.54277992248535
2003-11-12,30.17475700378418
2003-11-13,30.141063690185547
2003-11-14,29.525924682617188
2003-11-17,29.22258758544922
2003-11-18,28.54846954345703
2003-11-19,28.8265438079834
2003-11-20,28.54846954345703
2003-11-21,28.84339141845703
2003-11-24,29.64391326904297
2003-11-25,29.64391326904297
2003-11-26,29.778732299804688
2003-11-28,29.812414169311523
2003-12-01,30.250598907470703
2003-12-02,30.082080841064453
2003-12-03,29.7028751373291
2003-12-04,30.02309226989746
2003-12-05,29.525924682617188
2003-12-08,29.694469451904297
2003-12-09,29.01192855834961
2003-12-10,29.12146759033203
2003-12-11,29.7450008392334
2003-12-12,29.694469451904297
2003-12-15,29.306840896606445
2003-12-16,29.36583137512207
2003-12-17,29.416397094726562
2003-12-18,29.964109420776367
2003-12-19,29.879846572875977
2003-12-22,29.972524642944336
2003-12-23,30.200037002563477
2003-12-24,30.262422561645508
2003-12-26,30.220272064208984
2003-12-29,30.717615127563477
2003-12-30,30.81877899169922
2003-12-31,30.734481811523438
2004-01-02,30.650190353393555
2004-01-05,31.265552520751953
2004-01-06,31.476308822631836
2004-01-07,31.762903213500977
2004-01-08,32.01579666137695
2004-01-09,31.805049896240234
2004-01-12,32.310821533203125
2004-01-13,31.990510940551758
2004-01-14,32.10007858276367
2004-01-15,32.184383392333984
2004-01-16,32.51312255859375
2004-01-20,32.48784637451172
2004-01-21,32.35298538208008
2004-01-22,32.159095764160156
2004-01-23,32.04108428955078
2004-01-26,32.529991149902344
2004-01-27,31.813488006591797
2004-01-28,31.273983001708984
2004-01-29,31.391996383666992
2004-01-30,31.24869728088379
2004-02-02,31.16439437866211
2004-02-03,31.13068199157715
2004-02-04,30.624879837036133
2004-02-05,30.74292755126953
2004-02-06,31.299259185791016
2004-02-09,31.290834426879883
2004-02-10,31.341428756713867
2004-02-11,31.6785888671875
2004-02-12,31.400423049926758
2004-02-13,31.13912010192871
2004-02-17,31.56059455871582
2004-02-18,31.65331268310547
2004-02-19,31.172809600830078
2004-02-20,31.07167625427246
2004-02-23,30.726045608520508
2004-02-24,30.650190353393555
2004-02-25,30.83564567565918
2004-02-26,30.91152572631836
2004-02-27,30.82720375061035
2004-03-01,31.23183250427246
2004-03-02,30.869354248046875
2004-03-03,30.700761795043945
2004-03-04,30.98737335205078
2004-03-05,30.877784729003906
2004-03-08,30.152851104736328
2004-03-09,30.060096740722656
2004-03-10,29.663930892944336
2004-03-11,29.39417839050293
2004-03-12,29.933685302734375
2004-03-15,29.411027908325195
2004-03-16,29.461597442626953
2004-03-17,29.925243377685547
2004-03-18,29.790367126464844
2004-03-19,29.29301643371582
2004-03-22,28.922103881835938
2004-03-23,28.686077117919922
2004-03-24,29.01483726501465
2004-03-25,29.790367126464844
2004-03-26,29.689218521118164
2004-03-29,30.169708251953125
2004-03-30,30.270841598510742
2004-03-31,30.211841583251953
2004-04-01,30.481595993041992
2004-04-02,31.273983001708984
2004-04-05,31.56901741027832
2004-04-06,31.172809600830078
2004-04-07,31.13912010192871
2004-04-08,31.13912010192871
2004-04-12,31.332990646362305
2004-04-13,30.877784729003906
2004-04-14,31.029523849487305
2004-04-15,30.473163604736328
2004-04-16,30.4226016998291
2004-04-19,30.793476104736328
2004-04-20,30.076969146728516
2004-04-21,30.338289260864258
2004-04-22,31.122236251831055
2004-04-23,31.36670684814453
2004-04-26,31.13912010192871
2004-04-27,31.080080032348633
2004-04-28,30.515317916870117
2004-04-29,30.04322624206543
2004-04-30,29.30987548828125
2004-05-03,29.58805274963379
2004-05-04,29.714488983154297
2004-05-05,29.950517654418945
2004-05-06,29.722915649414062
2004-05-07,29.478458404541016
2004-05-10,29.225568771362305
2004-05-11,29.663930892944336
2004-05-12,29.722915649414062
2004-05-13,29.51217269897461
2004-05-14,29.29301643371582
2004-05-17,29.01483726501465
2004-05-18,29.276151657104492
2004-05-19,29.242435455322266
2004-05-20,29.377307891845703
2004-05-21,29.5206241607666
2004-05-24,29.722915649414062
2004-05-25,30.31300926208496
2004-05-26,30.506895065307617
2004-05-27,30.700761795043945
2004-05-28,30.810346603393555
2004-06-01,30.76820182800293
2004-06-02,30.700761795043945
2004-06-03,30.329853057861328
2004-06-04,30.506895065307617
2004-06-07,31.23183250427246
2004-06-08,31.273983001708984
2004-06-09,30.83564567565918
2004-06-10,31.0548095703125
2004-06-14,30.616477966308594
2004-06-15,31.012651443481445
2004-06-16,30.962066650390625
2004-06-17,30.67547035217285
2004-06-18,30.717615127563477
2004-06-21,30.473163604736328
2004-06-22,30.919933319091797
2004-06-23,31.290834426879883
2004-06-24,31.23183250427246
2004-06-25,31.467859268188477
2004-06-28,31.2065486907959
2004-06-29,31.501585006713867
2004-06-30,31.813488006591797
2004-07-01,31.223413467407227
2004-07-02,31.03793716430664
2004-07-06,30.372007369995117
2004-07-07,30.431015014648438
2004-07-08,30.09383773803711
2004-07-09,30.135982513427734
2004-07-12,30.009536743164062
2004-07-13,29.967388153076172
2004-07-14,29.663930892944336
2004-07-15,29.56275177001953
2004-07-16,29.225568771362305
2004-07-19,29.16656494140625
2004-07-20,29.866212844848633
2004-07-21,28.99797821044922
2004-07-22,29.39417839050293
2004-07-23,28.837812423706055
2004-07-26,28.711362838745117
2004-07-27,29.107561111450195
2004-07-28,28.981098175048828
2004-07-29,29.318294525146484
2004-07-30,29.411027908325195
2004-08-02,29.47003173828125
2004-08-03,28.854660034179688
2004-08-04,28.86310386657715
2004-08-05,28.323606491088867
2004-08-06,27.5817928314209
2004-08-09,27.649221420288086
2004-08-10,27.994842529296875
2004-08-11,27.750389099121094
2004-08-12,27.371051788330078
2004-08-13,27.413192749023438
2004-08-16,27.725099563598633
2004-08-17,28.0369930267334
2004-08-18,28.53434944152832
2004-08-19,28.382598876953125
2004-08-20,28.66921615600586
2004-08-23,28.73665428161621
2004-08-24,28.728229522705078
2004-08-25,29.124414443969727
2004-08-26,28.99797821044922
2004-08-27,29.132850646972656
2004-08-30,28.6439266204834
2004-08-31,28.677650451660156
2004-09-01,28.888399124145508
2004-09-02,29.318294525146484
2004-09-03,28.778804779052734
2004-09-07,29.023265838623047
2004-09-08,28.913684844970703
2004-09-09,29.158138275146484
2004-09-10,29.604900360107422
2004-09-13,29.992677688598633
2004-09-14,30.034826278686523
2004-09-15,29.714488983154297
2004-09-16,29.773496627807617
2004-09-17,29.866212844848633
2004-09-20,29.866212844848633
2004-09-21,29.98423957824707
2004-09-22,29.461597442626953
2004-09-23,29.436317443847656
2004-09-24,29.335155487060547
2004-09-27,29.082277297973633
2004-09-28,29.141292572021484
2004-09-29,29.57118797302246
2004-09-30,29.621782302856445
2004-10-01,30.431015014648438
2004-10-04,30.6080322265625
2004-10-05,30.650190353393555
2004-10-06,30.8946533203125
2004-10-07,30.549028396606445
2004-10-08,29.992677688598633
2004-10-11,30.135982513427734
2004-10-12,30.08538818359375
2004-10-13,30.017961502075195
2004-10-14,29.883081436157227
2004-10-15,30.034826278686523
2004-10-18,30.464733123779297
2004-10-19,30.245563507080078
2004-10-20,30.388858795166016
2004-10-21,30.852500915527344
2004-10-22,30.178131103515625
2004-10-25,30.034826278686523
2004-10-26,30.19498634338379
2004-10-27,30.962066650390625
2004-10-28,31.155967712402344
2004-10-29,31.10537338256836
2004-11-01,31.223413467407227
2004-11-02,31.32456398010254
2004-11-03,31.535303115844727
2004-11-04,31.712312698364258
2004-11-05,31.99894142150879
2004-11-08,32.03264617919922
2004-11-09,31.965194702148438
2004-11-10,31.855632781982422
2004-11-11,32.27712631225586
2004-11-12,32.58900451660156
2004-11-15,32.7322998046875
2004-11-16,32.529991149902344
2004-11-17,32.96834182739258
2004-11-18,33.12008285522461
2004-11-19,32.60586166381836
2004-11-22,32.917755126953125
2004-11-23,32.867183685302734
2004-11-24,33.15378952026367
2004-11-26,33.05263900756836
2004-11-29,33.044219970703125
2004-11-30,32.976749420166016
2004-12-01,33.65113830566406
2004-12-02,33.77759552001953
2004-12-03,33.828182220458984
2004-12-06,33.94618225097656
2004-12-07,33.364524841308594
2004-12-08,33.558433532714844
2004-12-09,33.76071548461914
2004-12-10,33.65956115722656
2004-12-13,33.95458984375
2004-12-14,34.123199462890625
2004-12-15,33.99673843383789
2004-12-16,33.67643356323242
2004-12-17,33.590484619140625
2004-12-20,33.3607063293457
2004-12-21,33.76918029785156
2004-12-22,33.81173324584961
2004-12-23,33.83729934692383
2004-12-27,33.69260025024414
2004-12-28,34.01598358154297
2004-12-29,34.058555603027344
2004-12-30,34.03300476074219
2004-12-31,33.97343444824219
2005-01-03,33.61601257324219
2005-01-04,33.00324249267578
2005-01-05,32.799007415771484
2005-01-06,32.63730239868164
2005-01-07,32.807498931884766
2005-01-10,32.7905158996582
2005-01-11,32.560707092285156
2005-01-12,32.833045959472656
2005-01-13,32.39902877807617
2005-01-14,32.70539474487305
2005-01-18,32.95217514038086
2005-01-19,32.40752410888672
2005-01-20,31.786285400390625
2005-01-21,31.530956268310547
2005-01-24,31.088409423828125
2005-01-25,31.241605758666992
2005-01-26,31.616071701049805
2005-01-27,31.573511123657227
2005-01-28,31.42032241821289
2005-01-31,31.828811645507812
2005-02-01,31.930946350097656
2005-02-02,31.982006072998047
2005-02-03,31.616071701049805
2005-02-04,32.126678466796875
2005-02-07,32.058616638183594
2005-02-08,32.11818313598633
2005-02-09,31.582008361816406
2005-02-10,31.616071701049805
2005-02-11,32.08412170410156
2005-02-14,32.22880554199219
2005-02-15,32.44157409667969
2005-02-16,32.322425842285156
2005-02-17,31.88839340209961
2005-02-18,31.786285400390625
2005-02-22,31.394792556762695
2005-02-23,31.43735694885254
2005-02-24,31.837343215942383
2005-02-25,32.016056060791016
2005-02-28,31.67565155029297
2005-03-01,32.02456283569336
2005-03-02,32.007545471191406
2005-03-03,31.74371910095215
2005-03-04,31.930946350097656
2005-03-07,32.390525817871094
2005-03-08,32.0671272277832
2005-03-09,31.97349739074707
2005-03-10,31.930946350097656
2005-03-11,31.633094787597656
2005-03-14,31.777780532836914
2005-03-15,31.522464752197266
2005-03-16,31.165006637573242
2005-03-17,31.241605758666992
2005-03-18,31.07140350341797
2005-03-21,31.130979537963867
2005-03-22,30.748004913330078
2005-03-23,30.858640670776367
2005-03-24,30.867141723632812
2005-03-28,30.926727294921875
2005-03-29,30.67991828918457
2005-03-30,31.258609771728516
2005-03-31,31.122455596923828
2005-04-01,30.807580947875977
2005-04-04,31.028852462768555
2005-04-05,31.113948822021484
2005-04-06,31.062898635864258
2005-04-07,31.43735694885254
2005-04-08,31.18204116821289
2005-04-11,31.045873641967773
2005-04-12,31.199050903320312
2005-04-13,30.688432693481445
2005-04-14,30.25440788269043
2005-04-15,29.565067291259766
2005-04-18,29.57357406616211
2005-04-19,29.777820587158203
2005-04-20,29.531024932861328
2005-04-21,30.313976287841797
2005-04-22,29.862926483154297
2005-04-25,30.109704971313477
2005-04-26,29.828882217407227
2005-04-27,29.87143898010254
2005-04-28,29.57357406616211
2005-04-29,29.769311904907227
2005-05-02,29.888444900512695
2005-05-03,30.041637420654297
2005-05-04,30.4075870513916
2005-05-05,30.43313217163086
2005-05-06,30.518213272094727
2005-05-09,30.66290283203125
2005-05-10,30.441648483276367
2005-05-11,30.59481430053711
2005-05-12,30.509716033935547
2005-05-13,30.84162139892578
2005-05-16,31.045873641967773
2005-05-17,31.23310661315918
2005-05-18,31.658618927001953
2005-05-19,31.922439575195312
2005-05-20,32.050086975097656
2005-05-23,32.21177673339844
2005-05-24,32.31393051147461
2005-05-25,32.17776107788086
2005-05-26,32.501163482666016
2005-05-27,32.51815414428711
2005-05-31,32.40752410888672
2005-06-01,32.671356201171875
2005-06-02,32.901126861572266
2005-06-03,32.4245491027832
2005-06-06,32.43305206298828
2005-06-07,32.16073226928711
2005-06-08,32.09263229370117
2005-06-09,32.29689407348633
2005-06-10,31.956472396850586
2005-06-13,32.109676361083984
2005-06-14,31.982006072998047
2005-06-15,32.08412170410156
2005-06-16,32.25434494018555
2005-06-17,32.25858688354492
2005-06-20,32.25858688354492
2005-06-21,32.24155044555664
2005-06-22,32.20749282836914
2005-06-23,31.84971809387207
2005-06-24,31.491958618164062
2005-06-27,31.347158432006836
2005-06-28,31.645296096801758
2005-06-29,31.5771484375
2005-06-30,31.33011245727539
2005-07-01,31.287517547607422
2005-07-05,31.611204147338867
2005-07-06,31.45787811279297
2005-07-07,31.56863021850586
2005-07-08,32.17341995239258
2005-07-11,32.4715576171875
2005-07-12,32.6248779296875
2005-07-13,32.701560974121094
2005-07-14,33.02523422241211
2005-07-15,33.127464294433594
2005-07-18,32.99115753173828
2005-07-19,33.37449645996094
2005-07-20,33.61301040649414
2005-07-21,33.62152099609375
2005-07-22,33.578941345214844
2005-07-25,33.4511604309082
2005-07-26,33.578941345214844
2005-07-27,33.83448028564453
2005-07-28,33.99633026123047
2005-07-29,33.715232849121094
2005-08-01,33.774864196777344
2005-08-02,34.141136169433594
2005-08-03,34.124080657958984
2005-08-04,33.791893005371094
2005-08-05,33.63003921508789
2005-08-08,33.383018493652344
2005-08-09,33.604496002197266
2005-08-10,33.31486892700195
2005-08-11,33.58744430541992
2005-08-12,33.400047302246094
2005-08-15,33.604496002197266
2005-08-16,33.05931854248047
2005-08-17,33.255245208740234
2005-08-18,33.084877014160156
2005-08-19,33.06782531738281
2005-08-22,33.084877014160156
2005-08-23,32.99115753173828
2005-08-24,32.79525375366211
2005-08-25,32.87191390991211
2005-08-26,32.76116180419922
2005-08-29,33.016719818115234
2005-08-30,32.8974723815918
2005-08-31,33.20411682128906
2005-09-01,33.15300750732422
2005-09-02,33.02523422241211
2005-09-06,33.51077651977539
2005-09-07,33.570430755615234
2005-09-08,33.56188201904297
2005-09-09,33.74930953979492
2005-09-12,33.84299087524414
2005-09-13,33.7578125
2005-09-14,33.37449645996094
2005-09-15,33.357452392578125
2005-09-16,33.56188201904297
2005-09-19,33.2978401184082
2005-09-20,33.161537170410156
2005-09-21,32.79525375366211
2005-09-22,32.91453170776367
2005-09-23,33.008216857910156
2005-09-26,33.016719818115234
2005-09-27,32.940059661865234
2005-09-28,32.9485969543457
2005-09-29,33.39153289794922
2005-09-30,33.61301040649414
2005-10-03,33.698177337646484
2005-10-04,33.47669982910156
2005-10-05,33.016719818115234
2005-10-06,32.582298278808594
2005-10-07,32.658973693847656
2005-10-10,32.480064392089844
2005-10-11,32.318233489990234
2005-10-12,31.934926986694336
2005-10-13,32.18192672729492
2005-10-14,32.420467376708984
2005-10-17,32.52265930175781
2005-10-18,32.29267501831055
2005-10-19,32.940059661865234
2005-10-20,32.63341522216797
2005-10-21,32.83781814575195
2005-10-24,33.357452392578125
2005-10-25,33.229705810546875
2005-10-26,33.05931854248047
2005-10-27,32.3948974609375
2005-10-28,32.64194107055664
2005-10-31,33.11043167114258
2005-11-01,33.084877014160156
2005-11-02,33.519287109375
2005-11-03,34.021873474121094
2005-11-04,34.141136169433594
2005-11-07,34.18373107910156
2005-11-08,34.192230224609375
2005-11-09,34.20928955078125
2005-11-10,34.58409118652344
2005-11-11,34.67779541015625
2005-11-14,34.67779541015625
2005-11-15,34.515933990478516
2005-11-16,34.72888946533203
2005-11-17,35.188880920410156
2005-11-18,35.308128356933594
2005-11-21,35.39330291748047
2005-11-22,35.52108383178711
2005-11-23,35.60627746582031
2005-11-25,35.68293762207031
2005-11-28,35.384803771972656
2005-11-29,35.214439392089844
2005-11-30,35.1292610168457
2005-12-01,35.78514099121094
2005-12-02,35.87034225463867
2005-12-05,35.60627746582031
2005-12-06,35.72553253173828
2005-12-07,35.65739059448242
2005-12-08,35.40184020996094
2005-12-09,35.538143157958984
2005-12-12,35.665889739990234
2005-12-13,35.81071090698242
2005-12-14,35.69145584106445
2005-12-15,35.75109100341797
2005-12-16,35.50431442260742
2005-12-19,34.940757751464844
2005-12-20,34.966373443603516
2005-12-21,35.12006378173828
2005-12-22,35.350616455078125
2005-12-23,35.350616455078125
2005-12-27,35.043235778808594
2005-12-28,35.00053024291992
2005-12-29,34.769981384277344
2005-12-30,34.50526809692383
2006-01-03,35.27376937866211
2006-01-04,35.64093780517578
2006-01-05,35.79462814331055
2006-01-06,36.44358444213867
2006-01-09,36.5887451171875
2006-01-10,36.61436462402344
2006-01-11,36.89613723754883
2006-01-12,36.716800689697266
2006-01-13,36.699745178222656
2006-01-17,36.46066665649414
2006-01-18,36.04226303100586
2006-01-19,36.30696105957031
2006-01-20,35.22254180908203
2006-01-23,35.231075286865234
2006-01-24,35.38475036621094
2006-01-25,35.231075286865234
2006-01-26,35.47868728637695
2006-01-27,35.95686340332031
2006-01-30,36.025184631347656
2006-01-31,35.86293411254883
2006-02-01,35.991024017333984
2006-02-02,35.37623977661133
2006-02-03,34.940757751464844
2006-02-06,34.846824645996094
2006-02-07,34.69312286376953
2006-02-08,35.09443664550781
2006-02-09,34.76144790649414
2006-02-10,34.97490310668945
2006-02-13,34.57358169555664
2006-02-14,34.92366409301758
2006-02-15,35.14567947387695
2006-02-16,35.47016525268555
2006-02-17,35.188377380371094
2006-02-21,34.795589447021484
2006-02-22,35.231075286865234
2006-02-23,35.13714599609375
2006-02-24,35.231075286865234
2006-02-27,35.62386703491211
2006-02-28,35.09443664550781
2006-03-01,35.572608947753906
2006-03-02,35.59823989868164
2006-03-03,35.39329528808594
2006-03-06,35.08590316772461
2006-03-07,34.88096237182617
2006-03-08,34.89805603027344
2006-03-09,34.59919357299805
2006-03-10,34.63336181640625
2006-03-13,34.735801696777344
2006-03-14,35.325008392333984
2006-03-15,35.62386703491211
2006-03-16,35.325008392333984
2006-03-17,35.418121337890625
2006-03-20,35.503570556640625
2006-03-21,35.12761306762695
2006-03-22,35.213069915771484
2006-03-23,35.11051940917969
2006-03-24,35.28996276855469
2006-03-27,35.298519134521484
2006-03-28,35.15324401855469
2006-03-29,35.819740295410156
2006-03-30,35.93081283569336
2006-03-31,35.82830047607422
2006-04-03,35.871009826660156
2006-04-04,36.06754684448242
2006-04-05,36.409324645996094
2006-04-06,36.511863708496094
2006-04-07,36.16153335571289
2006-04-10,36.110267639160156
2006-04-11,35.819740295410156
2006-04-12,35.82830047607422
2006-04-13,35.97356033325195
2006-04-17,35.597572326660156
2006-04-18,36.28117370605469
2006-04-19,36.44349670410156
2006-04-20,36.31532669067383
2006-04-21,35.88809585571289
2006-04-24,35.85392761230469
2006-04-25,35.777015686035156
2006-04-26,35.76847839355469
2006-04-27,36.110267639160156
2006-04-28,35.759918212890625
2006-05-01,35.40958786010742
2006-05-02,35.503570556640625
2006-05-03,35.45231628417969
2006-05-04,35.74283981323242
2006-05-05,36.02479934692383
2006-05-08,36.05899429321289
2006-05-09,35.922279357910156
2006-05-10,35.60610580444336
2006-05-11,34.81147003173828
2006-05-12,34.341495513916016
2006-05-15,34.31586837768555
2006-05-16,34.05952072143555
2006-05-17,33.59809494018555
2006-05-18,33.36738586425781
2006-05-19,33.62371826171875
2006-05-22,33.29903030395508
2006-05-23,32.97432327270508
2006-05-24,33.19650650024414
2006-05-25,33.632266998291016
2006-05-26,33.74334716796875
2006-05-30,33.017066955566406
2006-05-31,33.17085266113281
2006-06-01,33.95698547363281
2006-06-02,33.87152862548828
2006-06-05,33.13666915893555
2006-06-06,33.11104965209961
2006-06-07,32.863250732421875
2006-06-08,32.81196594238281
2006-06-09,32.59837341308594
2006-06-12,31.957502365112305
2006-06-13,31.829322814941406
2006-06-14,32.15403366088867
2006-06-15,33.02558517456055
2006-06-16,32.782779693603516
2006-06-19,32.51769256591797
2006-06-20,32.56044387817383
2006-06-21,33.07349395751953
2006-06-22,32.65450668334961
2006-06-23,32.62031173706055
2006-06-26,32.705806732177734
2006-06-27,32.09016418457031
2006-06-28,32.32958221435547
2006-06-29,33.31290054321289
2006-06-30,33.15041732788086
2006-07-03,33.34709930419922
2006-07-05,32.62031173706055
2006-07-06,32.58610153198242
2006-07-07,32.22697830200195
2006-07-10,31.94481086730957
2006-07-11,32.18423843383789
2006-07-12,31.577144622802734
2006-07-13,31.0469970703125
2006-07-14,30.730634689331055
2006-07-17,30.807575225830078
2006-07-18,30.910194396972656
2006-07-19,31.312057495117188
2006-07-20,30.850339889526367
2006-07-21,30.525426864624023
2006-07-24,31.13251304626465
2006-07-25,31.312057495117188
2006-07-26,31.286415100097656
2006-07-27,31.081207275390625
2006-07-28,31.73102378845215
2006-07-31,31.722490310668945
2006-08-01,31.19235610961914
2006-08-02,31.542936325073242
2006-08-03,31.739599227905273
2006-08-04,31.59424591064453
2006-08-07,31.389026641845703
2006-08-08,31.19235610961914
2006-08-09,31.235103607177734
2006-08-10,31.457416534423828
2006-08-11,31.235103607177734
2006-08-14,31.440343856811523
2006-08-15,32.23552322387695
2006-08-16,32.99652099609375
2006-08-17,33.11622619628906
2006-08-18,33.167545318603516
2006-08-21,32.85115432739258
2006-08-22,32.859718322753906
2006-08-23,32.61176300048828
2006-08-24,32.705806732177734
2006-08-25,32.76567459106445
2006-08-28,33.01362228393555
2006-08-29,33.11622619628906
2006-08-30,33.2701416015625
2006-08-31,33.235923767089844
2006-09-01,33.41550064086914
2006-09-05,33.74043273925781
2006-09-06,33.0649299621582
2006-09-07,32.91103744506836
2006-09-08,33.107666015625
2006-09-11,33.31290054321289
2006-09-12,33.92851257324219
2006-09-13,34.159400939941406
2006-09-14,34.19359588623047
2006-09-15,34.315948486328125
2006-09-18,34.32449722290039
2006-09-19,34.09348678588867
2006-09-20,34.589717864990234
2006-09-21,34.37582015991211
2006-09-22,34.11060333251953
2006-09-25,34.70949172973633
2006-09-26,34.88059616088867
2006-09-27,34.837825775146484
2006-09-28,34.93195343017578
2006-09-29,34.77793884277344
2006-10-02,34.34160614013672
2006-10-03,34.48705291748047
2006-10-04,35.33403015136719
2006-10-05,35.5051383972168
2006-10-06,35.42814636230469
2006-10-09,35.54792785644531
2006-10-10,35.607810974121094
2006-10-11,35.539390563964844
2006-10-12,36.104042053222656
2006-10-13,36.30080795288086
2006-10-16,36.335052490234375
2006-10-17,35.932926177978516
2006-10-18,35.761817932128906
2006-10-19,35.84737014770508
2006-10-20,35.932926177978516
2006-10-23,36.30080795288086
2006-10-24,36.05270767211914
2006-10-25,36.30080795288086
2006-10-26,36.634464263916016
2006-10-27,36.11259078979492
2006-10-30,36.34357452392578
2006-10-31,36.42913818359375
2006-11-01,35.932926177978516
2006-11-02,35.967140197753906
2006-11-03,35.87303924560547
2006-11-06,36.39491653442383
2006-11-07,36.64301681518555
2006-11-08,36.81413269042969
2006-11-09,36.64301681518555
2006-11-10,36.81413269042969
2006-11-13,37.19058609008789
2006-11-14,37.584129333496094
2006-11-15,37.73811721801758
2006-11-16,37.900699615478516
2006-11-17,37.900699615478516
2006-11-20,37.97767639160156
2006-11-21,38.029022216796875
2006-11-22,38.26856231689453
2006-11-24,38.20012664794922
2006-11-27,37.336029052734375
2006-11-28,37.447235107421875
2006-11-29,37.70390319824219
2006-11-30,37.67823791503906
2006-12-01,37.35311508178711
2006-12-04,37.866455078125
2006-12-05,38.00334930419922
2006-12-06,37.866455078125
2006-12-07,37.387359619140625
2006-12-08,37.55845260620117
2006-12-11,37.695343017578125
2006-12-12,37.47291564941406
2006-12-13,37.54133987426758
2006-12-14,37.9605598449707
2006-12-15,38.05820083618164
2006-12-18,37.68132400512695
2006-12-19,37.561405181884766
2006-12-20,37.424339294433594
2006-12-21,37.1588134765625
2006-12-22,36.773338317871094
2006-12-26,36.92752456665039
2006-12-27,37.115966796875
2006-12-28,36.93607711791992
2006-12-29,36.97035217285156
2007-01-03,37.03889846801758
2007-01-04,37.74127960205078
2007-01-05,37.561405181884766
2007-01-08,37.58708953857422
2007-01-09,37.77553176879883
2007-01-10,38.22097396850586
2007-01-11,38.6150016784668
2007-01-12,38.812015533447266
2007-01-16,38.78630065917969
2007-01-17,38.469390869140625
2007-01-18,37.7584114074707
2007-01-19,37.83549499511719
2007-01-22,37.424339294433594
2007-01-23,37.33010482788086
2007-01-24,37.94687271118164
2007-01-25,37.4586181640625
2007-01-26,37.32154846191406
2007-01-29,37.35580825805664
2007-01-30,37.372947692871094
2007-01-31,37.749847412109375
2007-02-01,37.68989181518555
2007-02-02,37.82693099975586
2007-02-05,37.79266357421875
2007-02-06,37.74127960205078
2007-02-07,38.08391571044922
2007-02-08,38.075355529785156
2007-02-09,37.58708953857422
2007-02-12,37.441471099853516
2007-02-13,37.56996154785156
2007-02-14,38.20383834838867
2007-02-15,38.426551818847656
2007-02-16,38.298065185546875
2007-02-20,38.58931350708008
2007-02-21,38.709228515625
2007-02-22,38.906246185302734
2007-02-23,38.76918411254883
2007-02-26,38.58073043823242
2007-02-27,36.996055603027344
2007-02-28,37.115966796875
2007-03-01,36.94465637207031
2007-03-02,36.38786697387695
2007-03-05,36.105201721191406
2007-03-06,36.70481872558594
2007-03-07,36.55918884277344
2007-03-08,36.80760192871094
2007-03-09,36.773338317871094
2007-03-12,37.013179779052734
2007-03-13,36.29364776611328
2007-03-14,36.82472610473633
2007-03-15,36.73906707763672
2007-03-16,36.71078109741211
2007-03-19,37.08792495727539
2007-03-20,37.3536376953125
2007-03-21,38.0736198425293
2007-03-22,37.936466217041016
2007-03-23,37.81648254394531
2007-03-26,37.970767974853516
2007-03-27,37.7050666809082
2007-03-28,37.30221939086914
2007-03-29,37.34505844116211
2007-03-30,37.31077575683594
2007-04-02,37.362213134765625
2007-04-03,37.85074996948242
2007-04-04,38.005043029785156
2007-04-05,38.19363021850586
2007-04-09,38.099334716796875
2007-04-10,38.29645538330078
2007-04-11,37.89360809326172
2007-04-12,38.19363021850586
2007-04-13,38.27075958251953
2007-04-16,38.6221923828125
2007-04-17,38.70790100097656
2007-04-18,38.57931900024414
2007-04-19,38.69932556152344
2007-04-20,38.91359329223633
2007-04-23,38.97361755371094
2007-04-24,39.17073440551758
2007-04-25,39.69357681274414
2007-04-26,39.8993034362793
2007-04-27,39.916473388671875
2007-04-30,39.39358901977539
2007-05-01,39.359310150146484
2007-05-02,39.78788375854492
2007-05-03,39.933597564697266
2007-05-04,39.96787643432617
2007-05-07,39.96787643432617
2007-05-08,40.053585052490234
2007-05-09,40.13930892944336
2007-05-10,39.59074020385742
2007-05-11,40.09644317626953
2007-05-14,39.82217025756836
2007-05-15,39.513607025146484
2007-05-16,39.8993034362793
2007-05-17,39.71073913574219
2007-05-18,40.03644943237305
2007-05-21,40.293575286865234
2007-05-22,40.327877044677734
2007-05-23,40.13930892944336
2007-05-24,39.565040588378906
2007-05-25,39.81359100341797
2007-05-29,40.122161865234375
2007-05-30,40.4478759765625
2007-05-31,40.636444091796875
2007-06-01,40.66215515136719
2007-06-04,40.782142639160156
2007-06-05,40.782142639160156
2007-06-06,40.345001220703125
2007-06-07,39.71928405761719
2007-06-08,40.2078742980957
2007-06-11,40.13072967529297
2007-06-12,39.8907356262207
2007-06-13,40.327877044677734
2007-06-14,40.59357452392578
2007-06-15,40.96842575073242
2007-06-18,40.977012634277344
2007-06-19,40.96842575073242
2007-06-20,40.582427978515625
2007-06-21,40.95128631591797
2007-06-22,40.56526184082031
2007-06-25,40.393707275390625
2007-06-26,40.162105560302734
2007-06-27,40.77973937988281
2007-06-28,40.76255416870117
2007-06-29,40.83118438720703
2007-07-02,41.200042724609375
2007-07-03,41.440216064453125
2007-07-05,41.740447998046875
2007-07-06,41.91200256347656
2007-07-09,41.937747955322266
2007-07-10,41.586036682128906
2007-07-11,41.8691291809082
2007-07-12,42.51247787475586
2007-07-13,42.80412673950195
2007-07-16,42.7612419128418
2007-07-17,43.08719253540039
2007-07-18,43.035736083984375
2007-07-19,43.164390563964844
2007-07-20,42.93280029296875
2007-07-23,42.949951171875
2007-07-24,42.315185546875
2007-07-25,42.37523651123047
2007-07-26,42.014949798583984
2007-07-27,41.16572570800781
2007-07-30,41.646095275878906
2007-07-31,40.77113723754883
2007-08-01,41.088523864746094
2007-08-02,41.465965270996094
2007-08-03,40.676780700683594
2007-08-06,41.148582458496094
2007-08-07,41.440216064453125
2007-08-08,41.894859313964844
2007-08-09,40.925540924072266
2007-08-10,40.556705474853516
2007-08-13,40.83118438720703
2007-08-14,40.136375427246094
2007-08-15,39.3729133605957
2007-08-16,38.98691940307617
2007-08-17,39.724632263183594
2007-08-20,39.91333770751953
2007-08-21,40.333656311035156
2007-08-22,40.88266372680664
2007-08-23,40.77113723754883
2007-08-24,41.34585952758789
2007-08-27,41.07136154174805
2007-08-28,40.09346008300781
2007-08-29,41.24293518066406
2007-08-30,41.457374572753906
2007-08-31,41.92058181762695
2007-09-04,42.61540603637695
2007-09-05,42.18650436401367
2007-09-06,42.152198791503906
2007-09-07,41.37161636352539
2007-09-10,41.34585952758789
2007-09-11,41.97206115722656
2007-09-12,41.980628967285156
2007-09-13,42.18650436401367
2007-09-14,42.220821380615234
2007-09-17,41.8691291809082
2007-09-18,42.92420959472656
2007-09-19,43.035736083984375
2007-09-20,42.915653228759766
2007-09-21,43.22116470336914
2007-09-24,43.41856384277344
2007-09-25,43.83052444458008
2007-09-26,44.04508590698242
2007-09-27,44.26823806762695
2007-09-28,44.122337341308594
2007-10-01,44.62868881225586
2007-10-02,44.637271881103516
2007-10-03,44.328311920166016
2007-10-04,44.43129348754883
2007-10-05,45.332435607910156
2007-10-08,45.61565399169922
2007-10-09,45.813072204589844
2007-10-10,45.92462921142578
2007-10-11,45.195133209228516
2007-10-12,45.941802978515625
2007-10-15,45.58992385864258
2007-10-16,45.37534713745117
2007-10-17,45.95896530151367
2007-10-18,46.156349182128906
2007-10-19,45.00630569458008
2007-10-22,45.54701614379883
2007-10-23,46.499664306640625
2007-10-24,46.14779281616211
2007-10-25,45.529850006103516
2007-10-26,46.28508758544922
2007-10-29,46.473907470703125
2007-10-30,46.56831741333008
2007-10-31,47.22916030883789
2007-11-01,46.34518051147461
2007-11-02,46.70564651489258
2007-11-05,46.40526580810547
2007-11-06,46.92878723144531
2007-11-07,45.787315368652344
2007-11-08,44.396968841552734
2007-11-09,42.91221237182617
2007-11-12,41.822227478027344
2007-11-13,43.54730987548828
2007-11-14,42.989444732666016
2007-11-15,42.75773239135742
2007-11-16,43.15251922607422
2007-11-19,42.65472412109375
2007-11-20,42.82636642456055
2007-11-21,42.32002639770508
2007-11-23,42.774879455566406
2007-11-26,42.03679656982422
2007-11-27,42.87788772583008
2007-11-28,44.182411193847656
2007-11-29,44.3712272644043
2007-11-30,44.03651428222656
2007-12-03,43.6674690246582
2007-12-04,43.48722457885742
2007-12-05,44.26823806762695
2007-12-06,44.90332794189453
2007-12-07,44.91191101074219
2007-12-10,45.09214401245117
2007-12-11,44.04508590698242
2007-12-12,44.439857482910156
2007-12-13,44.19956970214844
2007-12-14,43.74468994140625
2007-12-17,42.68047332763672
2007-12-18,42.81779098510742
2007-12-19,42.8092155456543
2007-12-20,43.684627532958984
2007-12-21,44.54634475708008
2007-12-24,44.88139343261719
2007-12-26,45.104793548583984
2007-12-27,44.56351852416992
2007-12-28,44.520565032958984
2007-12-31,44.00508499145508
2008-01-02,43.309181213378906
2008-01-03,43.489593505859375
2008-01-04,41.58230972290039
2008-01-07,41.384700775146484
2008-01-08,40.31078338623047
2008-01-09,41.169918060302734
2008-01-10,41.23004913330078
2008-01-11,40.4224739074707
2008-01-14,41.12697219848633
2008-01-15,39.99288558959961
2008-01-16,39.563331604003906
2008-01-17,39.013484954833984
2008-01-18,38.96193313598633
2008-01-22,37.956748962402344
2008-01-23,37.81068420410156
2008-01-24,38.58393096923828
2008-01-25,37.793521881103516
2008-01-28,38.08562088012695
2008-01-29,38.15437316894531
2008-01-30,38.11998748779297
2008-01-31,38.77293014526367
2008-02-01,39.168121337890625
2008-02-04,38.6182975769043
2008-02-05,37.51858901977539
2008-02-06,36.77973175048828
2008-02-07,37.03744125366211
2008-02-08,37.45845413208008
2008-02-11,37.86223220825195
2008-02-12,37.6474494934082
2008-02-13,38.47222137451172
2008-02-14,37.77632141113281
2008-02-15,37.6474494934082
2008-02-19,37.5787239074707
2008-02-20,37.750553131103516
2008-02-21,37.38969802856445
2008-02-22,37.52717971801758
2008-02-25,37.7161865234375
2008-02-26,37.86223220825195
2008-02-27,38.05125427246094
2008-02-28,37.90520095825195
2008-02-29,36.900001525878906
2008-03-03,36.65945816040039
2008-03-04,36.86565017700195
2008-03-05,37.04606246948242
2008-03-06,36.22987365722656
2008-03-07,36.143959045410156
2008-03-10,35.44805908203125
2008-03-11,36.796913146972656
2008-03-12,36.693809509277344
2008-03-13,36.97732162475586
2008-03-14,36.298614501953125
2008-03-17,35.63707733154297
2008-03-18,37.22646713256836
2008-03-19,36.30720138549805
2008-03-20,37.04922103881836
2008-03-24,38.3303337097168
2008-03-25,38.545284271240234
2008-03-26,38.43351364135742
2008-03-27,37.582298278808594
2008-03-28,37.393131256103516
2008-03-31,37.59089660644531
2008-04-01,39.19873046875
2008-04-02,39.11273956298828
2008-04-03,39.19873046875
2008-04-04,39.43089294433594
2008-04-07,39.344913482666016
2008-04-08,39.04397201538086
2008-04-09,38.60546112060547
2008-04-10,39.15575408935547
2008-04-11,38.0723876953125
2008-04-14,37.90044403076172
2008-04-15,37.95201873779297
2008-04-16,39.00959014892578
2008-04-17,38.92360305786133
2008-04-18,40.16171646118164
2008-04-21,40.44546127319336
2008-04-22,39.843597412109375
2008-04-23,40.2821044921875
2008-04-24,40.643218994140625
2008-04-25,40.5400276184082
2008-04-28,40.61742401123047
2008-04-29,40.926944732666016
2008-04-30,40.591636657714844
2008-05-01,41.87274932861328
2008-05-02,41.932945251464844
2008-05-05,41.81256103515625
2008-05-06,42.07050704956055
2008-05-07,41.30526351928711
2008-05-08,41.61480712890625
2008-05-09,41.451438903808594
2008-05-12,42.20808792114258
2008-05-13,42.319854736328125
2008-05-14,42.22526550292969
2008-05-15,42.9647102355957
2008-05-16,42.99910354614258
2008-05-19,42.68955612182617
2008-05-20,42.36284255981445
2008-05-21,41.42565155029297
2008-05-22,41.571807861328125
2008-05-23,41.442840576171875
2008-05-27,42.173683166503906
2008-05-28,42.34563446044922
2008-05-29,42.723960876464844
2008-05-30,42.99910354614258
2008-06-02,42.47461700439453
2008-06-03,42.24247360229492
2008-06-04,42.784156799316406
2008-06-05,43.46341323852539
2008-06-06,42.156490325927734
2008-06-09,41.932945251464844
2008-06-10,41.73518753051758
2008-06-11,40.729190826416016
2008-06-12,40.772193908691406
2008-06-13,41.589019775390625
2008-06-16,41.95873260498047
2008-06-17,41.73518753051758
2008-06-18,41.2880973815918
2008-06-19,41.932945251464844
2008-06-20,40.80063247680664
2008-06-23,40.48228454589844
2008-06-24,40.27580642700195
2008-06-25,40.92970657348633
2008-06-26,39.27772903442383
2008-06-27,39.27772903442383
2008-06-30,38.86471176147461
2008-07-01,39.41537857055664
2008-07-02,38.46892166137695
2008-07-03,38.400089263916016
2008-07-07,38.63240432739258
2008-07-08,39.55305480957031
2008-07-09,38.50334548950195
2008-07-10,38.959354400634766
2008-07-11,38.339874267578125
2008-07-14,38.05595016479492
2008-07-15,38.06453323364258
2008-07-16,39.01099395751953
2008-07-17,39.26911544799805
2008-07-18,38.365699768066406
2008-07-21,38.52916717529297
2008-07-22,38.52916717529297
2008-07-23,39.036781311035156
2008-07-24,38.45170974731445
2008-07-25,38.95075988769531
2008-07-28,38.219398498535156
2008-07-29,39.01099395751953
2008-07-30,39.2088737487793
2008-07-31,39.11423873901367
2008-08-01,38.615196228027344
2008-08-04,38.22801208496094
2008-08-05,39.51861572265625
2008-08-06,40.12089920043945
2008-08-07,39.81118392944336
2008-08-08,40.71458435058594
2008-08-11,41.08457946777344
2008-08-12,41.127586364746094
2008-08-13,41.041568756103516
2008-08-14,41.51477813720703
2008-08-15,41.437339782714844
2008-08-18,40.95551681518555
2008-08-19,40.447853088378906
2008-08-20,40.516700744628906
2008-08-21,40.32743835449219
2008-08-22,40.86086654663086
2008-08-25,40.00044631958008
2008-08-26,39.94883346557617
2008-08-27,40.206966400146484
2008-08-28,40.533905029296875
2008-08-29,39.68210983276367
2008-09-02,39.19166946411133
2008-09-03,38.82168960571289
2008-09-04,37.56549835205078
2008-09-05,37.384803771972656
2008-09-08,37.31597900390625
2008-09-09,36.52440643310547
2008-09-10,36.8255500793457
2008-09-11,37.51386260986328
2008-09-12,37.36759567260742
2008-09-15,36.20604705810547
2008-09-16,36.48999786376953
2008-09-17,34.59709167480469
2008-09-18,35.76724624633789
2008-09-19,36.93644714355469
2008-09-22,35.197265625
2008-09-23,34.93037033081055
2008-09-24,35.171443939208984
2008-09-25,35.73107147216797
2008-09-26,35.36944580078125
2008-09-29,32.5626335144043
2008-09-30,33.50111389160156
2008-10-01,33.14810562133789
2008-10-02,31.641382217407227
2008-10-03,31.150609970092773
2008-10-06,30.01410484313965
2008-10-07,28.111324310302734
2008-10-08,27.887460708618164
2008-10-09,27.13840103149414
2008-10-10,26.96620750427246
2008-10-13,30.2465763092041
2008-10-14,28.9378662109375
2008-10-15,26.34628677368164
2008-10-16,27.775531768798828
2008-10-17,27.809974670410156
2008-10-20,28.584857940673828
2008-10-21,27.103965759277344
2008-10-22,26.354896545410156
2008-10-23,26.251575469970703
2008-10-24,25.40781593322754
2008-10-27,24.701801300048828
2008-10-28,27.431127548217773
2008-10-29,27.36225700378418
2008-10-30,28.274906158447266
2008-10-31,28.31795883178711
2008-11-03,28.2576847076416
2008-11-04,29.058412551879883
2008-11-05,27.54306411743164
2008-11-06,26.311840057373047
2008-11-07,26.854276657104492
2008-11-10,26.492652893066406
2008-11-11,25.915790557861328
2008-11-12,24.719013214111328
2008-11-13,26.225744247436523
2008-11-14,24.951480865478516
2008-11-17,24.42627716064453
2008-11-18,24.40045928955078
2008-11-19,23.126184463500977
2008-11-20,22.00690460205078
2008-11-21,22.96259880065918
2008-11-24,24.36600685119629
2008-11-25,24.25407600402832
2008-11-26,25.270044326782227
2008-11-28,25.0720272064209
2008-12-01,23.18644142150879
2008-12-02,23.961349487304688
2008-12-03,24.641529083251953
2008-12-04,23.944133758544922
2008-12-05,24.91705322265625
2008-12-08,25.898576736450195
2008-12-09,25.838308334350586
2008-12-10,25.752201080322266
2008-12-11,25.04619789123535
2008-12-12,25.55417823791504
2008-12-15,25.106464385986328
2008-12-16,26.311840057373047
2008-12-17,25.99327278137207
2008-12-18,25.536954879760742
2008-12-19,25.746475219726562
2008-12-22,25.1860294342041
2008-12-23,25.05669593811035
2008-12-24,25.125667572021484
2008-12-26,25.117048263549805
2008-12-29,24.910106658935547
2008-12-30,25.427444458007812
2008-12-31,25.64301109313965
2009-01-02,26.75530433654785
2009-01-05,26.746679306030273
2009-01-06,27.01397132873535
2009-01-07,26.24658203125
2009-01-08,26.522502899169922
2009-01-09,25.927549362182617
2009-01-12,25.453325271606445
2009-01-13,25.461944580078125
2009-01-14,24.685924530029297
2009-01-15,25.091176986694336
2009-01-16,25.36709213256836
2009-01-20,24.108224868774414
2009-01-21,25.13429069519043
2009-01-22,24.798019409179688
2009-01-23,24.91873550415039
2009-01-26,25.09980583190918
2009-01-27,25.2808780670166
2009-01-28,26.16897964477539
2009-01-29,25.505056381225586
2009-01-30,25.05669593811035
2009-02-02,25.358470916748047
2009-02-03,25.755111694335938
2009-02-04,25.78959083557129
2009-02-05,26.35866928100586
2009-02-06,27.048471450805664
2009-02-09,27.160558700561523
2009-02-10,26.16036033630371
2009-02-11,26.039649963378906
2009-02-12,26.35866928100586
2009-02-13,26.23796272277832
2009-02-17,25.194656372070312
2009-02-18,25.21189308166504
2009-02-19,24.823888778686523
2009-02-20,24.892864227294922
2009-02-23,24.022005081176758
2009-02-24,24.815263748168945
2009-02-25,24.65144157409668
2009-02-26,23.961645126342773
2009-02-27,23.737459182739258
2009-03-02,22.97006607055664
2009-03-03,22.952831268310547
2009-03-04,23.56501579284668
2009-03-05,22.857975006103516
2009-03-06,22.67690658569336
2009-03-09,22.194053649902344
2009-03-10,23.56501579284668
2009-03-11,23.92714500427246
2009-03-12,24.72041893005371
2009-03-13,24.780780792236328
2009-03-16,24.36689567565918
2009-03-17,25.289491653442383
2009-03-18,25.608530044555664
2009-03-19,25.591278076171875
2009-03-20,25.2017765045166
2009-03-23,26.687267303466797
2009-03-24,26.194976806640625
2009-03-25,26.31589698791504
2009-03-26,27.12774658203125
2009-03-27,26.618179321289062
2009-03-30,25.9617919921875
2009-03-31,26.186342239379883
2009-04-01,26.57499122619629
2009-04-02,27.430030822753906
2009-04-03,27.939584732055664
2009-04-06,27.8704891204834
2009-04-07,27.136377334594727
2009-04-08,27.5941162109375
2009-04-09,28.44915199279785
2009-04-13,28.405967712402344
2009-04-14,28.06049919128418
2009-04-15,27.98276710510254
2009-04-16,28.7082576751709
2009-04-17,28.76871109008789
2009-04-20,27.844585418701172
2009-04-21,28.23322105407715
2009-04-22,28.319597244262695
2009-04-23,28.595977783203125
2009-04-24,29.096893310546875
2009-04-27,29.13143539428711
2009-04-28,28.915531158447266
2009-04-29,29.312820434570312
2009-04-30,29.606460571289062
2009-05-01,29.684188842773438
2009-05-04,30.271486282348633
2009-05-05,30.24558448791504
2009-05-06,30.254209518432617
2009-05-07,29.546003341674805
2009-05-08,29.563264846801758
2009-05-11,29.66691017150879
2009-05-12,29.30417251586914
2009-05-13,28.518238067626953
2009-05-14,28.837800979614258
2009-05-15,28.820526123046875
2009-05-18,29.57191276550293
2009-05-19,29.710115432739258
2009-05-20,29.606460571289062
2009-05-21,29.062349319458008
2009-05-22,28.967355728149414
2009-05-26,30.04692268371582
2009-05-27,29.83964729309082
2009-05-28,30.18511199951172
2009-05-29,30.556486129760742
2009-06-01,31.428791046142578
2009-06-02,31.471975326538086
2009-06-03,31.37697410583496
2009-06-04,31.731067657470703
2009-06-05,31.7656307220459
2009-06-08,31.67061424255371
2009-06-09,31.912452697753906
2009-06-10,31.800161361694336
2009-06-11,31.800161361694336
2009-06-12,31.653366088867188
2009-06-15,31.005598068237305
2009-06-16,30.703325271606445
2009-06-17,30.996950149536133
2009-06-18,30.93651008605957
2009-06-19,31.268569946289062
2009-06-22,30.334653854370117
2009-06-23,30.265470504760742
2009-06-24,30.775663375854492
2009-06-25,31.38096046447754
2009-06-26,31.450151443481445
2009-06-29,31.51934242248535
2009-06-30,31.458797454833984
2009-07-01,31.47610855102539
2009-07-02,30.78431510925293
2009-07-06,30.620018005371094
2009-07-07,29.85906219482422
2009-07-08,30.014694213867188
2009-07-09,30.066593170166016
2009-07-10,30.196290969848633
2009-07-13,30.775663375854492
2009-07-14,30.888080596923828
2009-07-15,31.925748825073242
2009-07-16,32.306243896484375
2009-07-17,32.47919464111328
2009-07-20,32.79047775268555
2009-07-21,33.01531219482422
2009-07-22,33.292030334472656
2009-07-23,34.027042388916016
2009-07-24,33.767616271972656
2009-07-27,34.027042388916016
2009-07-28,33.7935676574707
2009-07-29,34.01840591430664
2009-07-30,34.21728515625
2009-07-31,34.113525390625
2009-08-03,34.62371826171875
2009-08-04,34.62371826171875
2009-08-05,34.35563278198242
2009-08-06,34.05299377441406
2009-08-07,34.48534393310547
2009-08-10,34.243228912353516
2009-08-11,33.9492073059082
2009-08-12,34.4766960144043
2009-08-13,34.66694259643555
2009-08-14,34.2691650390625
2009-08-17,33.27472686767578
2009-08-18,33.75032424926758
2009-08-19,33.98381423950195
2009-08-20,34.381591796875
2009-08-21,34.83988952636719
2009-08-24,34.805301666259766
2009-08-25,34.90908432006836
2009-08-26,34.8485221862793
2009-08-27,34.935001373291016
2009-08-28,34.9695930480957
2009-08-31,34.61506271362305
2009-09-01,33.96652603149414
2009-09-02,33.94057846069336
2009-09-03,34.165382385253906
2009-09-04,34.900421142578125
2009-09-08,35.22902297973633
2009-09-09,35.53167724609375
2009-09-10,35.86891555786133
2009-09-11,35.903507232666016
2009-09-14,36.04185104370117
2009-09-15,36.15427017211914
2009-09-16,36.68177032470703
2009-09-17,36.67311477661133
2009-09-18,36.73455810546875
2009-09-21,36.84709930419922
2009-09-22,36.91633224487305
2009-09-23,36.74322509765625
2009-09-24,36.41429901123047
2009-09-25,36.09404754638672
2009-09-28,36.70860290527344
2009-09-29,36.544158935546875
2009-09-30,36.57010269165039
2009-10-01,35.488128662109375
2009-10-02,35.384281158447266
2009-10-05,35.6699104309082
2009-10-06,36.30179214477539
2009-10-07,36.40566635131836
2009-10-08,36.561458587646484
2009-10-09,36.76919174194336
2009-10-12,36.84709930419922
2009-10-13,36.855751037597656
2009-10-14,37.35778045654297
2009-10-15,37.271217346191406
2009-10-16,37.028865814208984
2009-10-19,37.40105438232422
2009-10-20,37.40971755981445
2009-10-21,37.340476989746094
2009-10-22,37.48759078979492
2009-10-23,37.33181381225586
2009-10-26,37.210628509521484
2009-10-27,36.64802932739258
2009-10-28,35.82571792602539
2009-10-29,36.43162155151367
2009-10-30,35.45353698730469
2009-11-02,35.60067367553711
2009-11-03,35.713191986083984
2009-11-04,35.7738037109375
2009-11-05,36.65666198730469
2009-11-06,36.87305450439453
2009-11-09,37.66070556640625
2009-11-10,37.755943298339844
2009-11-11,37.998291015625
2009-11-12,37.78188705444336
2009-11-13,38.09351348876953
2009-11-16,38.483009338378906
2009-11-17,38.60419845581055
2009-11-18,38.387786865234375
2009-11-19,37.7905387878418
2009-11-20,37.60012435913086
2009-11-23,38.20602035522461
2009-11-24,38.076194763183594
2009-11-25,38.24064254760742
2009-11-27,37.66070556640625
2009-11-30,37.70400619506836
2009-12-01,38.09351348876953
2009-12-02,38.14543914794922
2009-12-03,37.989646911621094
2009-12-04,38.188720703125
2009-12-07,38.006935119628906
2009-12-08,37.77324295043945
2009-12-09,38.154090881347656
2009-12-10,38.344512939453125
2009-12-11,38.19737243652344
2009-12-14,38.560916900634766
2009-12-15,38.344512939453125
2009-12-16,38.39645767211914
2009-12-17,37.92903137207031
2009-12-18,38.54723358154297
2009-12-21,38.98072052001953
2009-12-22,39.214813232421875
2009-12-23,39.500946044921875
2009-12-24,39.86507797241211
2009-12-28,40.073150634765625
2009-12-29,39.90841293334961
2009-12-30,40.02979278564453
2009-12-31,39.665672302246094
2010-01-04,40.24654769897461
2010-01-05,40.24654769897461
2010-01-06,40.00379943847656
2010-01-07,40.02979278564453
2010-01-08,40.3592643737793
2010-01-11,40.194549560546875
2010-01-12,39.691673278808594
2010-01-13,40.185874938964844
2010-01-14,40.22055435180664
2010-01-15,39.75236511230469
2010-01-19,40.393943786621094
2010-01-20,39.81304931640625
2010-01-21,39.44024658203125
2010-01-22,38.287109375
2010-01-25,38.417171478271484
2010-01-26,38.45185089111328
2010-01-27,38.755313873291016
2010-01-28,37.75823974609375
2010-01-29,37.09933090209961
2010-02-01,37.50682067871094
2010-02-02,37.84493637084961
2010-02-03,38.053043365478516
2010-02-04,36.95193099975586
2010-02-05,37.26405334472656
2010-02-08,36.99527359008789
2010-02-09,37.37675857543945
2010-02-10,37.29874801635742
2010-02-11,37.86228561401367
2010-02-12,37.94032287597656
2010-02-16,38.425846099853516
2010-02-17,38.642601013183594
2010-02-18,38.885337829589844
2010-02-19,38.86802291870117
2010-02-22,38.78998947143555
2010-02-23,38.287109375
2010-02-24,38.677276611328125
2010-02-25,38.66861343383789
2010-02-26,38.80731964111328
2010-03-01,39.370880126953125
2010-03-02,39.49225997924805
2010-03-03,39.53561782836914
2010-03-04,39.665672302246094
2010-03-05,40.263885498046875
2010-03-08,40.34194564819336
2010-03-09,40.56736373901367
2010-03-10,40.89681625366211
2010-03-11,41.05286407470703
2010-03-12,41.061553955078125
2010-03-15,40.9575080871582
2010-03-16,41.21761703491211
2010-03-17,41.33030319213867
2010-03-18,41.46903991699219
2010-03-19,41.21821212768555
2010-03-22,41.59141159057617
2010-03-23,41.877845764160156
2010-03-24,41.67823028564453
2010-03-25,41.617462158203125
2010-03-26,41.66085433959961
2010-03-29,41.8604850769043
2010-03-30,41.999351501464844
2010-03-31,41.79972457885742
2010-04-01,41.79972457885742
2010-04-05,42.19028854370117
2010-04-06,42.31181335449219
2010-04-07,42.20765686035156
2010-04-08,42.30313491821289
2010-04-09,42.55481719970703
2010-04-12,42.58953857421875
2010-04-13,42.80653762817383
2010-04-14,43.318607330322266
2010-04-15,43.50956344604492
2010-04-16,42.988807678222656
2010-04-19,42.9627685546875
2010-04-20,43.17972946166992
2010-04-21,43.422760009765625
2010-04-22,43.66579055786133
2010-04-23,43.84804153442383
2010-04-26,43.7525749206543
2010-04-27,42.82389450073242
2010-04-28,42.84994125366211
2010-04-29,43.59635543823242
2010-04-30,42.73709487915039
2010-05-03,43.33595275878906
2010-05-04,42.0340690612793
2010-05-05,41.81708526611328
2010-05-06,40.419708251953125
2010-05-07,39.41291809082031
2010-05-10,41.46123504638672
2010-05-11,41.41781997680664
2010-05-12,42.198951721191406
2010-05-13,41.530643463134766
2010-05-14,40.73216247558594
2010-05-17,40.86235809326172
2010-05-18,40.29818344116211
2010-05-19,39.9770622253418
2010-05-20,38.49289321899414
2010-05-21,38.91818618774414
2010-05-24,38.761940002441406
2010-05-25,38.796669006347656
2010-05-26,38.36269760131836
2010-05-27,39.812156677246094
2010-05-28,39.577816009521484
2010-06-01,39.21326446533203
2010-06-02,40.141971588134766
2010-06-03,40.52387619018555
2010-06-04,39.135154724121094
2010-06-07,38.42345428466797
2010-06-08,38.354026794433594
2010-06-09,38.03288650512695
2010-06-10,39.11781311035156
2010-06-11,39.49101638793945
2010-06-14,39.48234939575195
2010-06-15,40.541221618652344
2010-06-16,40.70612716674805
2010-06-17,40.83631896972656
2010-06-18,40.8702278137207
2010-06-21,40.522403717041016
2010-06-22,40.209354400634766
2010-06-23,40.044124603271484
2010-06-24,39.435420989990234
2010-06-25,39.44329071044922
2010-06-28,39.303855895996094
2010-06-29,37.787811279296875
2010-06-30,37.212764739990234
2010-07-01,37.10822296142578
2010-07-02,37.0036506652832
2010-07-06,37.116912841796875
2010-07-07,38.30188751220703
2010-07-08,38.5109977722168
2010-07-09,38.87691879272461
2010-07-12,38.990203857421875
2010-07-13,39.495548248291016
2010-07-14,39.695960998535156
2010-07-15,39.73078918457031
2010-07-16,38.63298034667969
2010-07-19,38.96406173706055
2010-07-20,39.43455123901367
2010-07-21,38.894371032714844
2010-07-22,39.87891387939453
2010-07-23,40.13158416748047
2010-07-26,40.46266555786133
2010-07-27,40.44526290893555
2010-07-28,40.12287902832031
2010-07-29,39.8266487121582
2010-07-30,39.91376876831055
2010-08-02,40.66307830810547
2010-08-03,40.488834381103516
2010-08-04,40.8983268737793
2010-08-05,40.802486419677734
2010-08-06,40.741485595703125
2010-08-09,41.020294189453125
2010-08-10,40.66307830810547
2010-08-11,39.55652618408203
2010-08-12,39.24286651611328
2010-08-13,38.96406173706055
2010-08-16,39.03376007080078
2010-08-17,39.5303955078125
2010-08-18,39.687232971191406
2010-08-19,39.086036682128906
2010-08-20,39.138309478759766
2010-08-23,38.754947662353516
2010-08-24,38.031768798828125
2010-08-25,38.39771270751953
2010-08-26,37.935935974121094
2010-08-27,38.39771270751953
2010-08-30,37.99693298339844
2010-08-31,37.866214752197266
2010-09-01,38.99892807006836
2010-09-02,39.43455123901367
2010-09-03,40.08802795410156
2010-09-07,39.81792068481445
2010-09-08,40.29713821411133
2010-09-09,40.45396041870117
2010-09-10,40.602088928222656
2010-09-13,41.16841125488281
2010-09-14,41.34267807006836
2010-09-15,41.60407257080078
2010-09-16,41.769622802734375
2010-09-17,41.911102294921875
2010-09-20,42.64468765258789
2010-09-21,42.63595962524414
2010-09-22,42.522422790527344
2010-09-23,42.50494384765625
2010-09-24,43.36954879760742
2010-09-27,43.133750915527344
2010-09-28,43.11628341674805
2010-09-29,43.046424865722656
2010-09-30,42.85429382324219
2010-10-01,42.8018913269043
2010-10-04,42.33903121948242
2010-10-05,43.36954879760742
2010-10-06,42.9940185546875
2010-10-07,43.15121841430664
2010-10-08,43.448150634765625
2010-10-11,43.46562576293945
2010-10-12,43.762542724609375
2010-10-13,44.12062072753906
2010-10-14,44.03329086303711
2010-10-15,44.9677619934082
2010-10-18,44.80180358886719
2010-10-19,44.38261795043945
2010-10-20,44.70574188232422
2010-10-21,44.79308319091797
2010-10-22,45.098751068115234
2010-10-25,45.31707000732422
2010-10-26,45.43935012817383
2010-10-27,45.57907485961914
2010-10-28,45.675140380859375
2010-10-29,45.57033920288086
2010-11-01,45.60526657104492
2010-11-02,46.09434509277344
2010-11-03,46.30393981933594
2010-11-04,46.87160873413086
2010-11-05,46.87160873413086
2010-11-08,46.932743072509766
2010-11-09,46.67947006225586
2010-11-10,46.915279388427734
2010-11-11,46.618343353271484
2010-11-12,45.85856246948242
2010-11-15,45.68388748168945
2010-11-16,44.93280029296875
2010-11-17,45.06380844116211
2010-11-18,45.78867721557617
2010-11-19,45.82361602783203
2010-11-22,46.20787811279297
2010-11-23,45.47428512573242
2010-11-24,46.391265869140625
2010-11-26,46.085609436035156
2010-11-29,46.050682067871094
2010-11-30,45.49173355102539
2010-12-01,46.45240020751953
2010-12-02,46.92401123046875
2010-12-03,47.0462646484375
2010-12-06,47.02880096435547
2010-12-07,47.05499267578125
2010-12-08,47.22966384887695
2010-12-09,47.273345947265625
2010-12-10,47.587738037109375
2010-12-13,47.421810150146484
2010-12-14,47.5091438293457
2010-12-15,47.2995491027832
2010-12-16,47.66633605957031
2010-12-17,47.70833206176758
2010-12-20,47.74332809448242
2010-12-21,48.032108306884766
2010-12-22,48.023345947265625
2010-12-23,47.90086364746094
2010-12-27,47.92710494995117
2010-12-28,47.8395881652832
2010-12-29,47.94461441040039
2010-12-30,47.830841064453125
2010-12-31,47.65584182739258
2011-01-03,48.399627685546875
2011-01-04,48.36464309692383
2011-01-05,48.77591323852539
2011-01-06,48.93342971801758
2011-01-07,48.889678955078125
2011-01-10,49.07344436645508
2011-01-11,49.14342498779297
2011-01-12,49.49346160888672
2011-01-13,49.51095199584961
2011-01-14,49.87848663330078
2011-01-18,50.018497467041016
2011-01-19,49.449710845947266
2011-01-20,49.099693298339844
2011-01-21,48.72341537475586
2011-01-24,49.39720916748047
2011-01-25,49.467220306396484
2011-01-26,49.729736328125
2011-01-27,50.03600311279297
2011-01-28,48.76715850830078
2011-01-31,49.00343322753906
2011-02-01,49.922245025634766
2011-02-02,49.843475341796875
2011-02-03,49.930999755859375
2011-02-04,50.21100997924805
2011-02-07,50.44727325439453
2011-02-08,50.77980041503906
2011-02-09,50.692291259765625
2011-02-10,50.77104568481445
2011-02-11,51.13858413696289
2011-02-14,51.261085510253906
2011-02-15,51.19107437133789
2011-02-16,51.523597717285156
2011-02-17,51.506107330322266
2011-02-18,51.392337799072266
2011-02-22,49.90473937988281
2011-02-23,49.49346160888672
2011-02-24,49.7559928894043
2011-02-25,50.44727325439453
2011-02-28,50.55229187011719
2011-03-01,49.738487243652344
2011-03-02,50.00101089477539
2011-03-03,50.98982238769531
2011-03-04,50.727291107177734
2011-03-07,50.04475021362305
2011-03-08,50.24603271484375
2011-03-09,49.90473937988281
2011-03-10,49.12592697143555
2011-03-11,49.43220138549805
2011-03-14,49.25719451904297
2011-03-15,48.55714416503906
2011-03-16,47.38456726074219
2011-03-17,47.82209014892578
2011-03-18,47.71430587768555
2011-03-21,48.63441848754883
2011-03-22,48.54680633544922
2011-03-23,48.818443298339844
2011-03-24,49.68598175048828
2011-03-25,49.80866241455078
2011-03-28,49.53700256347656
2011-03-29,50.018985748291016
2011-03-30,50.25556945800781
2011-03-31,50.3256721496582
2011-04-01,50.351966857910156
2011-04-04,50.18545913696289
2011-04-05,50.05403518676758
2011-04-06,50.17671585083008
2011-04-07,50.14165496826172
2011-04-08,49.90504837036133
2011-04-11,49.73855972290039
2011-04-12,49.39680862426758
2011-04-13,49.81742858886719
2011-04-14,49.72979736328125
2011-04-15,49.64215850830078
2011-04-18,49.291656494140625
2011-04-19,49.59835433959961
2011-04-20,50.72001266479492
2011-04-21,51.123085021972656
2011-04-25,51.254554748535156
2011-04-26,51.543731689453125
2011-04-27,51.89425277709961
2011-04-28,51.815391540527344
2011-04-29,51.771575927734375
2011-05-02,51.67516326904297
2011-05-03,51.42980194091797
2011-05-04,51.3509407043457
2011-05-05,51.07052230834961
2011-05-06,51.237030029296875
2011-05-09,51.42980194091797
2011-05-10,51.867950439453125
2011-05-11,51.49114990234375
2011-05-12,51.79785919189453
2011-05-13,51.184444427490234
2011-05-16,50.29939270019531
2011-05-17,50.4395866394043
2011-05-18,50.86023712158203
2011-05-19,51.009185791015625
2011-05-20,50.62361526489258
2011-05-23,49.87874984741211
2011-05-24,49.57206726074219
2011-05-25,49.76484298706055
2011-05-26,50.071556091308594
2011-05-27,50.3256721496582
2011-05-31,51.140625
2011-06-01,50.02773666381836
2011-06-02,50.13289260864258
2011-06-03,49.37928771972656
2011-06-06,48.97616958618164
2011-06-07,48.8885498046875
2011-06-08,48.53803253173828
2011-06-09,48.62565994262695
2011-06-10,47.880794525146484
2011-06-13,47.880794525146484
2011-06-14,48.49422073364258
2011-06-15,47.57411193847656
2011-06-16,47.39008712768555
2011-06-17,47.24164581298828
2011-06-20,47.4875602722168
2011-06-21,48.50635528564453
2011-06-22,48.155052185058594
2011-06-23,48.60297393798828
2011-06-24,47.75981903076172
2011-06-27,48.52391052246094
2011-06-28,49.244083404541016
2011-06-29,49.44607925415039
2011-06-30,50.10478210449219
2011-07-01,50.86009979248047
2011-07-05,51.11478805541992
2011-07-06,51.28165817260742
2011-07-07,51.98426818847656
2011-07-08,51.84375
2011-07-11,50.904014587402344
2011-07-12,50.517574310302734
2011-07-13,50.72834777832031
2011-07-14,50.13992691040039
2011-07-15,50.80739974975586
2011-07-18,50.53514099121094
2011-07-19,51.6856575012207
2011-07-20,51.466087341308594
2011-07-21,51.808597564697266
2011-07-22,52.3443603515625
2011-07-25,52.238956451416016
2011-07-26,52.37070083618164
2011-07-27,51.01816940307617
2011-07-28,51.10600662231445
2011-07-29,50.93913269042969
2011-08-01,50.701988220214844
2011-08-02,49.41975021362305
2011-08-03,49.89401626586914
2011-08-04,47.57539749145508
2011-08-05,47.27678680419922
2011-08-08,44.431243896484375
2011-08-09,46.57417678833008
2011-08-10,44.66835403442383
2011-08-11,46.635658264160156
2011-08-12,47.0484619140625
2011-08-15,47.74226760864258
2011-08-16,47.338253021240234
2011-08-17,47.05723190307617
2011-08-18,44.747406005859375
2011-08-19,43.939395904541016
2011-08-22,44.09748840332031
2011-08-23,45.91548156738281
2011-08-24,46.27556228637695
2011-08-25,45.520263671875
2011-08-26,46.66201400756836
2011-08-29,47.961822509765625
2011-08-30,48.27800750732422
2011-08-31,48.357051849365234
2011-09-01,47.91789627075195
2011-09-02,46.79375457763672
2011-09-06,46.802520751953125
2011-09-07,47.98817443847656
2011-09-08,47.76860809326172
2011-09-09,46.7059326171875
2011-09-12,47.30312728881836
2011-09-13,47.93549346923828
2011-09-14,48.620521545410156
2011-09-15,49.340702056884766
2011-09-16,49.792972564697266
2011-09-19,49.81055450439453
2011-09-20,49.59059143066406
2011-09-21,48.728294372558594
2011-09-22,47.144508361816406
2011-09-23,47.64603042602539
2011-09-26,48.20037078857422
2011-09-27,48.701900482177734
2011-09-28,47.980384826660156
2011-09-29,47.4084587097168
2011-09-30,46.185420989990234
2011-10-03,44.99755859375
2011-10-04,45.921451568603516
2011-10-05,47.100494384765625
2011-10-06,47.89240264892578
2011-10-07,47.57563400268555
2011-10-10,49.22103500366211
2011-10-11,49.555397033691406
2011-10-12,49.80177307128906
2011-10-13,50.25932312011719
2011-10-14,51.19198989868164
2011-10-17,50.400089263916016
2011-10-18,51.02480697631836
2011-10-19,50.039329528808594
2011-10-20,49.792972564697266
2011-10-21,50.41769027709961
2011-10-24,51.46476364135742
2011-10-25,50.452880859375
2011-10-26,50.39128875732422
2011-10-27,51.78152847290039
2011-10-28,51.86071014404297
2011-10-31,50.9896240234375
2011-11-01,49.660980224609375
2011-11-02,50.08331298828125
2011-11-03,51.12160110473633
2011-11-04,50.857627868652344
2011-11-07,51.218379974365234
2011-11-08,51.807918548583984
2011-11-09,49.986549377441406
2011-11-10,49.960140228271484
2011-11-11,50.90162658691406
2011-11-14,50.584869384765625
2011-11-15,51.14800262451172
2011-11-16,50.30329513549805
2011-11-17,49.1242561340332
2011-11-18,48.74591064453125
2011-11-21,47.81321334838867
2011-11-22,47.97158432006836
2011-11-23,46.889320373535156
2011-11-25,46.528560638427734
2011-11-28,48.147579193115234
2011-11-29,47.84839630126953
2011-11-30,49.61698913574219
2011-12-01,49.960140228271484
2011-12-02,49.81937026977539
2011-12-05,50.36489486694336
2011-12-06,50.224117279052734
2011-12-07,50.224117279052734
2011-12-08,49.379425048828125
2011-12-09,50.17130661010742
2011-12-12,49.60819625854492
2011-12-13,49.062660217285156
2011-12-14,48.297157287597656
2011-12-15,48.16516876220703
2011-12-16,48.41315841674805
2011-12-19,47.93661117553711
2011-12-20,49.35741424560547
2011-12-21,48.651432037353516
2011-12-22,49.06618881225586
2011-12-23,49.48979187011719
2011-12-27,49.674381256103516
2011-12-28,49.10026168823242
2011-12-29,49.45356369018555
2011-12-30,49.3122444152832
2012-01-03,50.25732421875
2012-01-04,50.469322204589844
2012-01-05,50.88444519042969
2012-01-06,51.061092376708984
2012-01-09,50.89327621459961
2012-01-10,51.264244079589844
2012-01-11,51.3702392578125
2012-01-12,51.5733757019043
2012-01-13,51.387882232666016
2012-01-17,51.856021881103516
2012-01-18,52.54495620727539
2012-01-19,52.87176513671875
2012-01-20,52.79227828979492
2012-01-23,52.8099365234375
2012-01-24,52.71278762817383
2012-01-25,53.375213623046875
2012-01-26,53.18974685668945
2012-01-27,53.348731994628906
2012-01-30,53.392887115478516
2012-01-31,53.46355056762695
2012-02-01,53.89635467529297
2012-02-02,54.06416702270508
2012-02-03,54.80611038208008
2012-02-06,54.761932373046875
2012-02-07,54.87676239013672
2012-02-08,55.16823959350586
2012-02-09,55.56569290161133
2012-02-10,55.17707061767578
2012-02-13,55.68936538696289
2012-02-14,55.830692291259766
2012-02-15,55.442047119140625
2012-02-16,56.20165252685547
2012-02-17,56.024986267089844
2012-02-21,56.183998107910156
2012-02-22,55.927833557128906
2012-02-23,56.298789978027344
2012-02-24,56.49311447143555
2012-02-27,56.57261657714844
2012-02-28,57.146724700927734
2012-02-29,56.89058303833008
2012-03-01,57.341060638427734
2012-03-02,57.296897888183594
2012-03-05,56.70509719848633
2012-03-06,56.14866256713867
2012-03-07,56.58144760131836
2012-03-08,57.19089889526367
2012-03-09,57.42938232421875
2012-03-12,57.45588684082031
2012-03-13,58.524620056152344
2012-03-14,58.727783203125
2012-03-15,58.89558410644531
2012-03-16,58.85400390625
2012-03-19,59.269859313964844
2012-03-20,59.37601089477539
2012-03-21,59.38486862182617
2012-03-22,59.2609977722168
2012-03-23,59.225624084472656
2012-03-26,60.26076126098633
2012-03-27,60.34922790527344
2012-03-28,60.110347747802734
2012-03-29,59.88032531738281
2012-03-30,59.765316009521484
2012-04-02,60.3846435546875
2012-04-03,60.36692810058594
2012-04-04,59.54410171508789
2012-04-05,59.91569900512695
2012-04-09,59.464473724365234
2012-04-10,58.508949279785156
2012-04-11,58.79206466674805
2012-04-12,59.464473724365234
2012-04-13,58.56202697753906
2012-04-16,57.907310485839844
2012-04-17,59.08404541015625
2012-04-18,58.93362045288086
2012-04-19,58.27006149291992
2012-04-20,58.110809326171875
2012-04-23,57.5799674987793
2012-04-24,57.270294189453125
2012-04-25,58.79206466674805
2012-04-26,59.13711929321289
2012-04-27,59.491031646728516
2012-04-30,59.06633377075195
2012-05-01,59.16366958618164
2012-05-02,59.331764221191406
2012-05-03,58.7036018371582
2012-05-04,57.243736267089844
2012-05-07,57.29683303833008
2012-05-08,57.08448791503906
2012-05-09,56.90754318237305
2012-05-10,56.792518615722656
2012-05-11,56.78368377685547
2012-05-14,56.25282669067383
2012-05-15,56.067012786865234
2012-05-16,55.686561584472656
2012-05-17,54.509849548339844
2012-05-18,53.80205154418945
2012-05-21,55.30613708496094
2012-05-22,55.24419021606445
2012-05-23,55.350372314453125
2012-05-24,54.987613677978516
2012-05-25,54.91683578491211
2012-05-29,55.61579513549805
2012-05-30,55.146873474121094
2012-05-31,54.9079704284668
2012-06-01,53.448143005371094
2012-06-04,53.855125427246094
2012-06-05,54.07631301879883
2012-06-06,55.31496810913086
2012-06-07,55.093788146972656
2012-06-08,55.62465286254883
2012-06-11,54.68680191040039
2012-06-12,55.350372314453125
2012-06-13,54.969913482666016
2012-06-14,55.17340850830078
2012-06-15,55.85891342163086
2012-06-18,56.382102966308594
2012-06-19,56.967384338378906
2012-06-20,57.011722564697266
2012-06-21,55.592857360839844
2012-06-22,56.17814254760742
2012-06-25,55.09626770019531
2012-06-26,55.44211196899414
2012-06-27,55.77909851074219
2012-06-28,55.15835952758789
2012-06-29,56.89644241333008
2012-07-02,57.0649299621582
2012-07-03,57.54380798339844
2012-07-05,57.579280853271484
2012-07-06,56.86098861694336
2012-07-09,56.754554748535156
2012-07-10,56.19586944580078
2012-07-11,55.88551330566406
2012-07-12,55.362300872802734
2012-07-13,56.204769134521484
2012-07-16,56.04513168334961
2012-07-17,56.3377685546875
2012-07-18,57.100406646728516
2012-07-19,57.73002243041992
2012-07-20,56.967384338378906
2012-07-23,56.27568817138672
2012-07-24,55.83230209350586
2012-07-25,55.4598503112793
2012-07-26,56.19586944580078
2012-07-27,57.52605056762695
2012-07-30,57.481727600097656
2012-07-31,57.463993072509766
2012-08-01,57.29550552368164
2012-08-02,57.09153366088867
2012-08-03,58.173439025878906
2012-08-06,58.6168212890625
2012-08-07,59.10453414916992
2012-08-08,59.07795715332031
2012-08-09,59.25531005859375
2012-08-10,59.29075241088867
2012-08-13,59.432647705078125
2012-08-14,59.459293365478516
2012-08-15,59.610023498535156
2012-08-16,60.319461822509766
2012-08-17,60.585506439208984
2012-08-20,60.674171447753906
2012-08-21,60.43473434448242
2012-08-22,60.683040618896484
2012-08-23,60.186439514160156
2012-08-24,60.55889892578125
2012-08-27,60.656436920166016
2012-08-28,60.656436920166016
2012-08-29,60.656436920166016
2012-08-30,60.04454803466797
2012-08-31,60.44361877441406
2012-09-04,60.381534576416016
2012-09-05,60.319461822509766
2012-09-06,61.658531188964844
2012-09-07,61.56980895996094
2012-09-10,60.780601501464844
2012-09-11,60.683040618896484
2012-09-12,60.86040115356445
2012-09-13,61.68511199951172
2012-09-14,62.23491668701172
2012-09-17,62.26152038574219
2012-09-18,62.31472396850586
2012-09-19,62.430030822753906
2012-09-20,62.367942810058594
2012-09-21,62.38571548461914
2012-09-24,62.0211067199707
2012-09-25,61.14957809448242
2012-09-26,60.65156173706055
2012-09-27,61.48750305175781
2012-09-28,60.98060989379883
2012-10-01,60.89165496826172
2012-10-02,61.06953048706055
2012-10-03,61.46082305908203
2012-10-04,61.674278259277344
2012-10-05,61.345218658447266
2012-10-08,60.784976959228516
2012-10-09,59.81559753417969
2012-10-10,59.51322555541992
2012-10-11,59.32645797729492
2012-10-12,59.29977798461914
2012-10-15,59.735557556152344
2012-10-16,60.58041763305664
2012-10-17,60.54485321044922
2012-10-18,59.84226989746094
2012-10-19,58.41048049926758
2012-10-22,58.71283721923828
2012-10-23,58.15257263183594
2012-10-24,57.94800567626953
2012-10-25,57.94800567626953
2012-10-26,58.11698532104492
2012-10-31,57.761253356933594
2012-11-01,58.579437255859375
2012-11-02,57.95692443847656
2012-11-05,58.3393440246582
2012-11-06,58.446041107177734
2012-11-07,57.06759262084961
2012-11-08,56.16938781738281
2012-11-09,56.40950393676758
2012-11-12,56.400611877441406
2012-11-13,56.00931167602539
2012-11-14,55.351219177246094
2012-11-15,55.164451599121094
2012-11-16,55.40458679199219
2012-11-19,56.72076416015625
2012-11-20,56.73855209350586
2012-11-21,56.854164123535156
2012-11-23,57.71682357788086
2012-11-26,57.96579360961914
2012-11-27,57.77016067504883
2012-11-28,58.26817321777344
2012-11-29,58.61501693725586
2012-11-30,58.51718521118164
2012-12-03,58.40157699584961
2012-12-04,58.36599349975586
2012-12-05,57.71682357788086
2012-12-06,58.090301513671875
2012-12-07,57.74349594116211
2012-12-10,57.912452697753906
2012-12-11,58.668373107910156
2012-12-12,58.54386901855469
2012-12-13,58.08141326904297
2012-12-14,57.530059814453125
2012-12-17,58.29486846923828
2012-12-18,59.184181213378906
2012-12-19,58.9262809753418
2012-12-20,58.9262809753418
2012-12-21,58.3065299987793
2012-12-24,58.19028854370117
2012-12-26,57.68054962158203
2012-12-27,57.591121673583984
2012-12-28,57.03667449951172
2012-12-31,58.24394607543945
2013-01-02,60.09507369995117
2013-01-03,59.78208541870117
2013-01-04,59.58537292480469
2013-01-07,59.60322189331055
2013-01-08,59.486976623535156
2013-01-09,59.710567474365234
2013-01-10,60.068260192871094
2013-01-11,60.14875030517578
2013-01-14,59.88045883178711
2013-01-15,59.58537292480469
2013-01-16,59.826812744140625
2013-01-17,60.11297607421875
2013-01-18,59.97881317138672
2013-01-22,60.07719421386719
2013-01-23,60.44385528564453
2013-01-24,59.612213134765625
2013-01-25,59.91624069213867
2013-01-28,60.05036544799805
2013-01-29,60.059326171875
2013-01-30,59.93410873413086
2013-01-31,59.79997634887695
2013-02-01,60.50645065307617
2013-02-04,59.45122146606445
2013-02-05,60.32756805419922
2013-02-06,60.130863189697266
2013-02-07,60.18449783325195
2013-02-08,60.801551818847656
2013-02-11,60.81946563720703
2013-02-12,60.56904983520508
2013-02-13,60.783687591552734
2013-02-14,60.765785217285156
2013-02-15,60.58695983886719
2013-02-19,61.025142669677734
2013-02-20,60.08614730834961
2013-02-21,59.442283630371094
2013-02-22,60.04142379760742
2013-02-25,59.2991943359375
2013-02-26,59.52275848388672
2013-02-27,60.130863189697266
2013-02-28,60.005645751953125
2013-03-01,60.25602722167969
2013-03-04,60.52433395385742
2013-03-05,61.418609619140625
2013-03-06,61.266597747802734
2013-03-07,61.42755126953125
2013-03-08,61.499107360839844
2013-03-11,61.677955627441406
2013-03-12,61.45436477661133
2013-03-13,61.373905181884766
2013-03-14,61.57956314086914
2013-03-15,61.408390045166016
2013-03-18,61.27392578125
2013-03-19,61.15741729736328
2013-03-20,61.587650299072266
2013-03-21,60.888492584228516
2013-03-22,61.48009490966797
2013-03-25,61.2559928894043
2013-03-26,61.587650299072266
2013-03-27,61.66831970214844
2013-03-28,61.820701599121094
2013-04-01,61.39942169189453
2013-04-02,61.8834342956543
2013-04-03,61.318729400634766
2013-04-04,61.336669921875
2013-04-05,60.82575988769531
2013-04-08,61.1484375
2013-04-09,61.56075668334961
2013-04-10,62.7618293762207
2013-04-11,62.73493194580078
2013-04-12,62.69013595581055
2013-04-15,61.45319747924805
2013-04-16,62.26888656616211
2013-04-17,61.049842834472656
2013-04-18,60.207279205322266
2013-04-19,61.03192901611328
2013-04-22,61.659366607666016
2013-04-23,62.25092697143555
2013-04-24,62.22404479980469
2013-04-25,62.55571365356445
2013-04-26,62.358497619628906
2013-04-29,62.93214797973633
2013-04-30,63.38929748535156
2013-05-01,63.09349060058594
2013-05-02,63.8912467956543
2013-05-03,64.6441879272461
2013-05-06,64.8951644897461
2013-05-07,64.85928344726562
2013-05-08,65.17298126220703
2013-05-09,65.08338165283203
2013-05-10,65.4777603149414
2013-05-13,65.55844116210938
2013-05-14,65.89903259277344
2013-05-15,66.03350830078125
2013-05-16,65.96177673339844
2013-05-17,66.59821319580078
2013-05-20,66.49962615966797
2013-05-21,66.57128143310547
2013-05-22,65.98870849609375
2013-05-23,65.83631896972656
2013-05-24,65.80046081542969
2013-05-28,66.23072052001953
2013-05-29,65.9169921875
2013-05-30,66.26656341552734
2013-05-31,65.65706634521484
2013-06-03,65.77355194091797
2013-06-04,65.4329605102539
2013-06-05,64.58142852783203
2013-06-06,64.8951644897461
2013-06-07,65.78250885009766
2013-06-10,65.8094253540039
2013-06-11,65.15509796142578
2013-06-12,64.40217590332031
2013-06-13,65.21782684326172
2013-06-14,64.78759765625
2013-06-17,65.41503143310547
2013-06-18,65.95285034179688
2013-06-19,65.21782684326172
2013-06-20,63.66716384887695
2013-06-21,63.32905960083008
2013-06-24,62.69965362548828
2013-06-25,63.158226013183594
2013-06-26,63.724727630615234
2013-06-27,63.99445724487305
2013-06-28,64.08439636230469
2013-07-01,64.4800033569336
2013-07-02,64.5069808959961
2013-07-03,64.76773071289062
2013-07-05,65.26228332519531
2013-07-08,65.32524871826172
2013-07-09,65.72087860107422
2013-07-10,66.09854125976562
2013-07-11,67.41136169433594
2013-07-12,67.70808410644531
2013-07-15,67.8609390258789
2013-07-16,67.77102661132812
2013-07-17,67.94183349609375
2013-07-18,67.77102661132812
2013-07-19,67.06965637207031
2013-07-22,67.26746368408203
2013-07-23,66.77290344238281
2013-07-24,66.98870086669922
2013-07-25,67.41136169433594
2013-07-26,67.77102661132812
2013-07-29,67.64517211914062
2013-07-30,68.00479125976562
2013-07-31,68.13066101074219
2013-08-01,68.82303619384766
2013-08-02,69.20967864990234
2013-08-05,69.25463104248047
2013-08-06,68.84102630615234
2013-08-07,68.71513366699219
2013-08-08,69.05683135986328
2013-08-09,68.77809143066406
2013-08-12,68.93993377685547
2013-08-13,69.32657623291016
2013-08-14,69.06585693359375
2013-08-15,67.89689636230469
2013-08-16,67.86991882324219
2013-08-19,67.7530288696289
2013-08-20,68.04975128173828
2013-08-21,67.81594848632812
2013-08-22,68.48136138916016
2013-08-23,68.93993377685547
2013-08-26,68.97589874267578
2013-08-27,67.5641860961914
2013-08-28,67.824951171875
2013-08-29,68.30152893066406
2013-08-30,67.8609390258789
2013-09-03,68.2475814819336
2013-09-04,68.97589874267578
2013-09-05,69.09281158447266
2013-09-06,69.17372131347656
2013-09-09,69.9830093383789
2013-09-10,70.32469940185547
2013-09-11,70.18977355957031
2013-09-12,70.14483642578125
2013-09-13,70.18977355957031
2013-09-16,70.00099182128906
2013-09-17,70.46855926513672
2013-09-18,71.31378173828125
2013-09-19,71.48460388183594
2013-09-20,71.23930358886719
2013-09-23,71.0949935913086
2013-09-24,71.0949935913086
2013-09-25,70.85150909423828
2013-09-26,71.40162658691406
2013-09-27,71.31144714355469
2013-09-30,71.14009857177734
2013-10-01,71.86157989501953
2013-10-02,71.83452606201172
2013-10-03,70.99579620361328
2013-10-04,71.60905456542969
2013-10-07,71.01382446289062
2013-10-08,69.64297485351562
2013-10-09,69.42654418945312
2013-10-10,70.89659118652344
2013-10-11,71.45576477050781
2013-10-14,71.9608154296875
2013-10-15,71.68122100830078
2013-10-16,72.49290466308594
2013-10-17,72.90775299072266
2013-10-18,74.0892333984375
2013-10-21,74.2515869140625
2013-10-22,74.35979461669922
2013-10-23,73.90885925292969
2013-10-24,74.23350524902344
2013-10-25,74.7656478881836
2013-10-28,74.78367614746094
2013-10-29,74.9099349975586
2013-10-30,74.8377914428711
2013-10-31,74.66642761230469
2013-11-01,74.6844711303711
2013-11-04,74.79268646240234
2013-11-05,74.87385559082031
2013-11-06,74.85581970214844
2013-11-07,73.44892883300781
2013-11-08,74.44093322753906
2013-11-11,74.32373046875
2013-11-12,74.44093322753906
2013-11-13,75.34282684326172
2013-11-14,75.57733917236328
2013-11-15,75.72164916992188
2013-11-18,74.9820785522461
2013-11-19,74.7656478881836
2013-11-20,74.58525848388672
2013-11-21,75.34282684326172
2013-11-22,75.7486572265625
2013-11-25,75.92909240722656
2013-11-26,76.32589721679688
2013-11-27,76.85798645019531
2013-11-29,77.31796264648438
2013-12-02,77.09247589111328
2013-12-03,77.02935791015625
2013-12-04,77.10151672363281
2013-12-05,77.00230407714844
2013-12-06,77.56143188476562
2013-12-09,77.87712860107422
2013-12-10,77.82300567626953
2013-12-11,76.8219223022461
2013-12-12,76.62350463867188
2013-12-13,76.5243148803711
2013-12-16,76.94820404052734
2013-12-17,76.79484558105469
2013-12-18,77.68770599365234
2013-12-19,77.47128295898438
2013-12-20,78.2602310180664
2013-12-23,79.08349609375
2013-12-24,79.11972045898438
2013-12-26,79.38208770751953
2013-12-27,79.18307495117188
2013-12-30,79.06542205810547
2013-12-31,79.58110809326172
2014-01-02,78.95684814453125
2014-01-03,78.38687133789062
2014-01-06,78.09737396240234
2014-01-07,78.8211669921875
2014-01-08,78.99304962158203
2014-01-09,78.73068237304688
2014-01-10,78.9839859008789
2014-01-13,77.81690979003906
2014-01-14,79.30066680908203
2014-01-15,79.9520492553711
2014-01-16,79.96111297607422
2014-01-17,79.50875091552734
2014-01-21,80.11492156982422
2014-01-22,80.322998046875
2014-01-23,80.0516357421875
2014-01-24,78.47737884521484
2014-01-27,77.71736907958984
2014-01-28,77.672119140625
2014-01-29,76.83978271484375
2014-01-30,78.2602310180664
2014-01-31,78.05210876464844
2014-02-03,76.26071166992188
2014-02-04,76.82167053222656
2014-02-05,76.62262725830078
2014-02-06,77.59973907470703
2014-02-07,78.9839859008789
2014-02-10,79.4364013671875
2014-02-11,80.34114837646484
2014-02-12,80.49492645263672
2014-02-13,81.09204864501953
2014-02-14,81.25489807128906
2014-02-18,81.65298461914062
2014-02-19,81.09204864501953
2014-02-20,81.47205352783203
2014-02-21,81.36346435546875
2014-02-24,81.79773712158203
2014-02-25,81.70724487304688
2014-02-26,81.63490295410156
2014-02-27,82.16455078125
2014-02-28,82.07367706298828
2014-03-03,81.46502685546875
2014-03-04,82.50068664550781
2014-03-05,82.72781372070312
2014-03-06,82.6551284790039
2014-03-07,82.24629974365234
2014-03-10,82.31903076171875
2014-03-11,81.96467590332031
2014-03-12,82.27355194091797
2014-03-13,81.11071014404297
2014-03-14,80.5565414428711
2014-03-17,81.26514434814453
2014-03-18,82.24629974365234
2014-03-19,81.8011474609375
2014-03-20,82.02828216552734
2014-03-21,81.04122161865234
2014-03-24,80.33097076416016
2014-03-25,80.59502410888672
2014-03-26,79.55699920654297
2014-03-27,79.11080169677734
2014-03-28,79.26559448242188
2014-03-31,79.83013916015625
2014-04-01,81.232421875
2014-04-02,81.44186401367188
2014-04-03,80.79537963867188
2014-04-04,78.64641571044922
2014-04-07,77.89971923828125
2014-04-08,78.61909484863281
2014-04-09,79.96673583984375
2014-04-10,77.48997497558594
2014-04-11,76.5884780883789
2014-04-14,77.18948364257812
2014-04-15,77.44445037841797
2014-04-16,78.47338104248047
2014-04-17,78.49159240722656
2014-04-21,79.07437896728516
2014-04-22,79.70266723632812
2014-04-23,79.00152587890625
2014-04-24,79.75728607177734
2014-04-25,78.4825210571289
2014-04-28,78.73745727539062
2014-04-29,79.36573791503906
2014-04-30,79.57518005371094
2014-05-01,79.81193542480469
2014-05-02,79.66624450683594
2014-05-05,80.08509826660156
2014-05-06,79.04705047607422
2014-05-07,78.81941986083984
2014-05-08,78.74657440185547
2014-05-09,79.03795623779297
2014-05-12,80.34005737304688
2014-05-13,80.39469146728516
2014-05-14,79.97586059570312
2014-05-15,79.3475341796875
2014-05-16,79.86656951904297
2014-05-19,80.42202758789062
2014-05-20,80.13065338134766
2014-05-21,80.89549255371094
2014-05-22,81.25067901611328
2014-05-23,81.8425064086914
2014-05-27,82.86235809326172
2014-05-28,82.60741424560547
2014-05-29,83.13555908203125
2014-05-30,83.14466094970703
2014-06-02,83.06267547607422
2014-06-03,83.02625274658203
2014-06-04,83.33586120605469
2014-06-05,84.03702545166016
2014-06-06,84.51960754394531
2014-06-09,84.45584869384766
2014-06-10,84.6015625
2014-06-11,84.58332824707031
2014-06-12,83.81847381591797
2014-06-13,84.0643310546875
2014-06-16,84.13714599609375
2014-06-17,84.18267059326172
2014-06-18,84.65625
2014-06-19,84.6015625
2014-06-20,84.70106506347656
2014-06-23,84.71934509277344
2014-06-24,84.63713836669922
2014-06-25,85.17585754394531
2014-06-26,85.22150421142578
2014-06-27,85.59583282470703
2014-06-30,85.74192810058594
2014-07-01,86.6823501586914
2014-07-02,86.82842254638672
2014-07-03,87.37622833251953
2014-07-07,87.11148834228516
2014-07-08,86.0615005493164
2014-07-09,86.70061492919922
2014-07-10,86.42671203613281
2014-07-11,86.98362731933594
2014-07-14,87.50405883789062
2014-07-15,87.20276641845703
2014-07-16,87.54971313476562
2014-07-17,86.39018249511719
2014-07-18,87.75972747802734
2014-07-21,87.65013122558594
2014-07-22,88.20709991455078
2014-07-23,88.7731704711914
2014-07-24,88.67272186279297
2014-07-25,88.32575225830078
2014-07-28,88.3531723022461
2014-07-29,88.19794464111328
2014-07-30,88.54493713378906
2014-07-31,86.75538635253906
2014-08-01,86.43583679199219
2014-08-04,87.02928924560547
2014-08-05,86.3627700805664
2014-08-06,86.2988510131836
2014-08-07,86.02495574951172
2014-08-08,86.64582824707031
2014-08-11,87.15711975097656
2014-08-12,87.12059020996094
2014-08-13,88.04276275634766
2014-08-14,88.499267578125
2014-08-15,88.92835998535156
2014-08-18,89.6131362915039
2014-08-19,90.11530303955078
2014-08-20,90.11530303955078
2014-08-21,90.29791259765625
2014-08-22,90.43488311767578
2014-08-25,90.75443267822266
2014-08-26,90.84571838378906
2014-08-27,90.86397552490234
2014-08-28,90.76355743408203
2014-08-29,91.10135650634766
2014-09-02,91.36614227294922
2014-09-03,90.82746124267578
2014-09-04,90.74530792236328
2014-09-05,91.20178985595703
2014-09-08,91.37527465820312
2014-09-09,90.61746978759766
2014-09-10,91.36614227294922
2014-09-11,91.29312133789062
2014-09-12,90.82746124267578
2014-09-15,89.95098876953125
2014-09-16,90.73616027832031
2014-09-17,90.87313842773438
2014-09-18,91.55789184570312
2014-09-19,91.50112915039062
2014-09-22,90.6500015258789
2014-09-23,90.40292358398438
2014-09-24,91.37301635742188
2014-09-25,89.45111846923828
2014-09-26,90.40292358398438
2014-09-29,90.283935546875
2014-09-30,90.41204833984375
2014-10-01,88.96603393554688
2014-10-02,88.96603393554688
2014-10-03,89.84463500976562
2014-10-06,89.65243530273438
2014-10-07,88.38032531738281
2014-10-08,90.10088348388672
2014-10-09,88.64575958251953
2014-10-10,86.43097686767578
2014-10-13,85.07646179199219
2014-10-14,85.08562469482422
2014-10-15,84.53651428222656
2014-10-16,84.00569915771484
2014-10-17,85.11307525634766
2014-10-20,86.38520050048828
2014-10-21,88.65486907958984
2014-10-22,88.1972885131836
2014-10-23,89.52433013916016
2014-10-24,90.2564697265625
2014-10-27,90.320556640625
2014-10-28,91.6842041015625
2014-10-29,91.34553527832031
2014-10-30,91.53775787353516
2014-10-31,92.80070495605469
2014-11-03,93.07523345947266
2014-11-04,92.76410675048828
2014-11-05,92.77326202392578
2014-11-06,93.0661392211914
2014-11-07,92.9837875366211
2014-11-10,93.31324005126953
2014-11-11,93.60606384277344
2014-11-12,93.77082061767578
2014-11-13,94.17351531982422
2014-11-14,94.46637725830078
2014-11-17,94.18265533447266
2014-11-18,94.88735961914062
2014-11-19,94.45720672607422
2014-11-20,94.8781967163086
2014-11-21,95.06126403808594
2014-11-24,95.80255126953125
2014-11-25,95.948974609375
2014-11-26,96.5713119506836
2014-11-28,97.019775390625
2014-12-01,95.92153930664062
2014-12-02,96.30591583251953
2014-12-03,96.47982025146484
2014-12-04,96.43406677246094
2014-12-05,96.44320678710938
2014-12-08,95.75679779052734
2014-12-09,96.05880737304688
2014-12-10,94.54871368408203
2014-12-11,94.9971923828125
2014-12-12,93.96300506591797
2014-12-15,92.99287414550781
2014-12-16,91.50112915039062
2014-12-17,93.16680145263672
2014-12-18,95.40899658203125
2014-12-19,95.82878875732422
2014-12-22,96.06765747070312
2014-12-23,95.72777557373047
2014-12-24,95.81047821044922
2014-12-26,96.49020385742188
2014-12-29,96.47184753417969
2014-12-30,95.82878875732422
2014-12-31,94.84590148925781
2015-01-02,94.5611572265625
2015-01-05,93.17408752441406
2015-01-06,91.92475891113281
2015-01-07,93.10973358154297
2015-01-08,94.89185333251953
2015-01-09,94.26718139648438
2015-01-12,93.28426361083984
2015-01-13,93.2567138671875
2015-01-14,92.7423095703125
2015-01-15,91.53894805908203
2015-01-16,92.61369323730469
2015-01-20,93.34860229492188
2015-01-21,93.8262710571289
2015-01-22,95.56243896484375
2015-01-23,95.77372741699219
2015-01-26,95.66344451904297
2015-01-27,93.1832275390625
2015-01-28,92.70556640625
2015-01-29,93.59660339355469
2015-01-30,92.87090301513672
2015-02-02,93.67928314208984
2015-02-03,94.57951354980469
2015-02-04,94.49685668945312
2015-02-05,95.31440734863281
2015-02-06,94.73568725585938
2015-02-09,94.43254089355469
2015-02-10,95.90231323242188
2015-02-11,96.25138092041016
2015-02-12,97.37208557128906
2015-02-13,98.20799255371094
2015-02-17,98.29988098144531
2015-02-18,98.43765258789062
2015-02-19,98.9245376586914
2015-02-20,99.58590698242188
2015-02-23,99.68697357177734
2015-02-24,99.76042938232422
2015-02-25,99.512451171875
2015-02-26,100.01765441894531
2015-02-27,99.57672882080078
2015-03-02,100.47698211669922
2015-03-03,100.00847625732422
2015-03-04,99.6226577758789
2015-03-05,99.79719543457031
2015-03-06,98.66734313964844
2015-03-09,98.95210266113281
2015-03-10,97.1148681640625
2015-03-11,96.55450439453125
2015-03-12,97.1883544921875
2015-03-13,96.76579284667969
2015-03-16,98.01510620117188
2015-03-17,98.1712875366211
2015-03-18,99.13581848144531
2015-03-19,99.28279113769531
2015-03-20,99.92542266845703
2015-03-23,99.73208618164062
2015-03-24,99.37300109863281
2015-03-25,97.09883880615234
2015-03-26,96.76739501953125
2015-03-27,97.1540756225586
2015-03-30,98.26814270019531
2015-03-31,97.22772979736328
2015-04-01,96.72135162353516
2015-04-02,96.78580474853516
2015-04-06,97.57760620117188
2015-04-07,97.4118881225586
2015-04-08,98.18527221679688
2015-04-09,98.80216979980469
2015-04-10,99.20726776123047
2015-04-13,98.95868682861328
2015-04-14,98.67325592041016
2015-04-15,99.2901382446289
2015-04-16,99.15203094482422
2015-04-17,97.60520935058594
2015-04-20,99.06915283203125
2015-04-21,99.4926986694336
2015-04-22,100.03594207763672
2015-04-23,100.41341400146484
2015-04-24,101.77607727050781
2015-04-27,101.51829528808594
2015-04-28,101.31571960449219
2015-04-29,100.680419921875
2015-04-30,99.09675598144531
2015-05-01,100.40420532226562
2015-05-04,100.56993865966797
2015-05-05,98.93106079101562
2015-05-06,98.24972534179688
2015-05-07,98.83898162841797
2015-05-08,100.07274627685547
2015-05-11,99.68606567382812
2015-05-12,99.23490905761719
2015-05-13,99.4374771118164
2015-05-14,100.8922119140625
2015-05-15,100.8922119140625
2015-05-18,101.33414459228516
2015-05-19,101.22362518310547
2015-05-20,101.28807830810547
2015-05-21,101.81288146972656
2015-05-22,101.71162414550781
2015-05-26,100.54230499267578
2015-05-27,102.16279602050781
2015-05-28,101.93260955810547
2015-05-29,101.32492065429688
2015-06-01,101.66555786132812
2015-06-02,101.34335327148438
2015-06-03,101.64717102050781
2015-06-04,100.873779296875
2015-06-05,100.6343765258789
2015-06-08,99.61241149902344
2015-06-09,99.44668579101562
2015-06-10,100.809326171875
2015-06-11,100.95667266845703
2015-06-12,100.12799072265625
2015-06-15,99.63079071044922
2015-06-16,100.17404174804688
2015-06-17,100.45023345947266
2015-06-18,101.91419982910156
2015-06-19,101.41030883789062
2015-06-22,102.1578140258789
2015-06-23,102.24085998535156
2015-06-24,101.71487426757812
2015-06-25,101.51183319091797
2015-06-26,100.83815002441406
2015-06-29,98.45726013183594
2015-06-30,98.80791473388672
2015-07-01,99.59234619140625
2015-07-02,99.62003326416016
2015-07-06,99.38929748535156
2015-07-07,99.63848114013672
2015-07-08,97.90354919433594
2015-07-09,97.8481674194336
2015-07-10,99.34317016601562
2015-07-13,101.0873031616211
2015-07-14,101.75179290771484
2015-07-15,101.86251068115234
2015-07-16,103.30211639404297
2015-07-17,104.8248062133789
2015-07-20,105.18470001220703
2015-07-21,105.12010955810547
2015-07-22,103.92967987060547
2015-07-23,103.54206085205078
2015-07-24,102.52694702148438
2015-07-27,101.6779556274414
2015-07-28,102.55464172363281
2015-07-29,102.94223022460938
2015-07-30,103.43132019042969
2015-07-31,103.31134796142578
2015-08-03,102.98837280273438
2015-08-04,102.79457092285156
2015-08-05,103.58820343017578
2015-08-06,101.92710876464844
2015-08-07,101.79793548583984
2015-08-10,102.96070861816406
2015-08-11,101.64102172851562
2015-08-12,101.9916763305664
2015-08-13,101.82557678222656
2015-08-14,101.98248291015625
2015-08-17,102.83148956298828
2015-08-18,102.3054428100586
2015-08-19,101.6318130493164
2015-08-20,98.81716918945312
2015-08-21,94.4982681274414
2015-08-24,90.86231231689453
2015-08-25,90.52086639404297
2015-08-26,95.07965850830078
2015-08-27,97.48826599121094
2015-08-28,97.46981811523438
2015-08-31,96.26089477539062
2015-09-01,93.25245666503906
2015-09-02,95.88252258300781
2015-09-03,95.41190338134766
2015-09-04,94.27681732177734
2015-09-08,96.9345474243164
2015-09-09,95.84561157226562
2015-09-10,96.88841247558594
2015-09-11,97.42366027832031
2015-09-14,97.12834930419922
2015-09-15,98.27268981933594
2015-09-16,98.82637023925781
2015-09-17,98.86328887939453
2015-09-18,97.45719909667969
2015-09-21,97.762451171875
2015-09-22,96.30084228515625
2015-09-23,96.37483978271484
2015-09-24,96.0233154296875
2015-09-25,95.20922088623047
2015-09-28,92.49877166748047
2015-09-29,92.01771545410156
2015-09-30,94.13614654541016
2015-10-01,94.56170654296875
2015-10-02,96.21755981445312
2015-10-05,97.59593963623047
2015-10-06,97.1334228515625
2015-10-07,97.71620178222656
2015-10-08,98.10472869873047
2015-10-09,98.54877471923828
2015-10-12,98.7892837524414
2015-10-13,98.1509780883789
2015-10-14,97.99373626708984
2015-10-15,99.60335540771484
2015-10-16,100.0196762084961
2015-10-19,100.59323120117188
2015-10-20,100.07515716552734
2015-10-21,99.46460723876953
2015-10-22,101.49052429199219
2015-10-23,104.3305435180664
2015-10-26,104.395263671875
2015-10-27,104.60803985595703
2015-10-28,105.47760772705078
2015-10-29,105.31111907958984
2015-10-30,104.83929443359375
2015-11-02,106.0234375
2015-11-03,106.39346313476562
2015-11-04,106.40270233154297
2015-11-05,106.11590576171875
2015-11-06,106.18992614746094
2015-11-09,105.06133270263672
2015-11-10,104.7930679321289
2015-11-11,104.66353607177734
2015-11-12,103.64598846435547
2015-11-13,101.61077880859375
2015-11-16,103.07240295410156
2015-11-17,103.13716125488281
2015-11-18,105.1168441772461
2015-11-19,105.19082641601562
2015-11-20,105.90316772460938
2015-11-23,105.59786224365234
2015-11-24,105.50538635253906
2015-11-25,105.59786224365234
2015-11-27,105.74588012695312
2015-11-30,105.47760772705078
2015-12-01,106.53221130371094
2015-12-02,105.87539672851562
2015-12-03,104.08074951171875
2015-12-04,106.51372528076172
2015-12-07,106.03266906738281
2015-12-08,106.04192352294922
2015-12-09,104.43229675292969
2015-12-10,104.9040756225586
2015-12-11,102.48960876464844
2015-12-14,103.26668548583984
2015-12-15,103.89573669433594
2015-12-16,105.44060516357422
2015-12-17,103.90499114990234
2015-12-18,101.9118423461914
2015-12-21,103.04389953613281
2015-12-22,103.72123718261719
2015-12-23,104.49141693115234
2015-12-24,104.47285461425781
2015-12-28,104.41718292236328
2015-12-29,106.0595703125
2015-12-30,105.10382843017578
2015-12-31,103.79546356201172
2016-01-04,101.60562133789062
2016-01-05,101.4293212890625
2016-01-06,100.45503997802734
2016-01-07,97.3094253540039
2016-01-08,96.51144409179688
2016-01-11,96.808349609375
2016-01-12,97.93111419677734
2016-01-13,94.55353546142578
2016-01-14,96.56709289550781
2016-01-15,93.56997680664062
2016-01-19,93.77408599853516
2016-01-20,93.48644256591797
2016-01-21,93.57923889160156
2016-01-22,96.28872680664062
2016-01-25,94.85977172851562
2016-01-26,95.71342468261719
2016-01-27,93.32872772216797
2016-01-28,94.6463623046875
2016-01-29,96.6227798461914
2016-02-01,96.88258361816406
2016-02-02,94.78553771972656
2016-02-03,94.33084106445312
2016-02-04,94.32158660888672
2016-02-05,91.04607391357422
2016-02-08,89.65423583984375
2016-02-09,89.37584686279297
2016-02-10,89.71914672851562
2016-02-11,89.58927154541016
2016-02-12,90.95329284667969
2016-02-16,93.00393676757812
2016-02-17,95.11029815673828
2016-02-18,94.0246353149414
2016-02-19,94.30300903320312
2016-02-22,95.83403015136719
2016-02-23,94.25664520263672
2016-02-24,95.15668487548828
2016-02-25,96.09387969970703
2016-02-26,95.9732437133789
2016-02-29,95.11029815673828
2016-03-01,98.16312408447266
2016-03-02,98.20021057128906
2016-03-03,98.01466369628906
2016-03-04,98.05177307128906
2016-03-07,97.44860076904297
2016-03-08,96.64136505126953
2016-03-09,97.26303100585938
2016-03-10,97.11456298828125
2016-03-11,98.8126449584961
2016-03-14,98.97966766357422
2016-03-15,98.94255828857422
2016-03-16,99.8240737915039
2016-03-17,99.76838684082031
2016-03-18,99.92473602294922
2016-03-21,100.31562042236328
2016-03-22,100.62273406982422
2016-03-23,99.79446411132812
2016-03-24,99.82233428955078
2016-03-28,99.68277740478516
2016-03-29,101.28347778320312
2016-03-30,101.7767333984375
2016-03-31,101.62782287597656
2016-04-01,102.7073974609375
2016-04-04,102.3165283203125
2016-04-05,101.33003997802734
2016-04-06,102.99590301513672
2016-04-07,101.51617431640625
2016-04-08,101.44171142578125
2016-04-11,101.06941986083984
2016-04-12,101.91634368896484
2016-04-13,103.21923828125
2016-04-14,103.22854614257812
2016-04-15,102.96797943115234
2016-04-18,103.5170669555664
2016-04-19,102.88420867919922
2016-04-20,102.96797943115234
2016-04-21,102.97730255126953
2016-04-22,101.42311096191406
2016-04-25,101.42311096191406
2016-04-26,100.92984008789062
2016-04-27,100.12017822265625
2016-04-28,98.91030883789062
2016-04-29,98.38915252685547
2016-05-02,99.3198013305664
2016-05-03,98.3984375
2016-05-04,97.76560974121094
2016-05-05,97.73766326904297
2016-05-06,98.25885772705078
2016-05-09,98.53804016113281
2016-05-10,99.88750457763672
2016-05-11,98.98477172851562
2016-05-12,98.54736328125
2016-05-13,98.18438720703125
2016-05-16,99.41284942626953
2016-05-17,98.16580200195312
2016-05-18,98.51942443847656
2016-05-19,98.007568359375
2016-05-20,99.0871353149414
2016-05-23,98.95684051513672
2016-05-24,100.93913269042969
2016-05-25,101.66503143310547
2016-05-26,101.96286010742188
2016-05-27,102.49334716796875
2016-05-31,102.68876647949219
2016-06-01,102.69807434082031
2016-06-02,102.91212463378906
2016-06-03,102.42820739746094
2016-06-06,102.80044555664062
2016-06-07,102.53985595703125
2016-06-08,102.71671295166016
2016-06-09,102.54920196533203
2016-06-10,101.38584899902344
2016-06-13,100.53898620605469
2016-06-14,100.53898620605469
2016-06-15,100.2504653930664
2016-06-16,100.54827117919922
2016-06-17,99.3697280883789
2016-06-20,99.99491882324219
2016-06-21,100.31219482421875
2016-06-22,100.06954956054688
2016-06-23,101.49725341796875
2016-06-24,97.31682586669922
2016-06-27,95.38523864746094
2016-06-28,97.47543334960938
2016-06-29,99.20172882080078
2016-06-30,100.3494873046875
2016-07-01,100.85342407226562
2016-07-05,100.23754119873047
2016-07-06,101.0586929321289
2016-07-07,101.35728454589844
2016-07-08,102.92495727539062
2016-07-11,103.5128402709961
2016-07-12,104.03538513183594
2016-07-13,103.7834701538086
2016-07-14,104.49263763427734
2016-07-15,104.32466888427734
2016-07-18,105.01520538330078
2016-07-19,104.63262176513672
2016-07-20,105.8550033569336
2016-07-21,105.6124038696289
2016-07-22,106.05097198486328
2016-07-25,106.06029510498047
2016-07-26,106.18162536621094
2016-07-27,106.9188003540039
2016-07-28,107.29206085205078
2016-07-29,107.52532958984375
2016-08-01,108.09456634521484
2016-08-02,107.27336120605469
2016-08-03,107.62797546386719
2016-08-04,107.93590545654297
2016-08-05,108.97168731689453
2016-08-08,108.8503646850586
2016-08-09,109.10230255126953
2016-08-10,108.82240295410156
2016-08-11,109.2889633178711
2016-08-12,109.36359405517578
2016-08-15,109.83020782470703
2016-08-16,109.22364044189453
2016-08-17,109.41959381103516
2016-08-18,109.44759368896484
2016-08-19,109.41959381103516
2016-08-22,109.50355529785156
2016-08-23,109.69951629638672
2016-08-24,108.99037170410156
2016-08-25,108.81305694580078
2016-08-26,108.97168731689453
2016-08-29,109.12101745605469
2016-08-30,108.7663803100586
2016-08-31,108.6544189453125
2016-09-01,108.93436431884766
2016-09-02,109.2889633178711
2016-09-06,109.97014617919922
2016-09-07,110.03543853759766
2016-09-08,109.3916015625
2016-09-09,106.63883972167969
2016-09-12,108.55177307128906
2016-09-13,107.58131408691406
2016-09-14,108.09456634521484
2016-09-15,109.7741928100586
2016-09-16,109.72180938720703
2016-09-19,109.24472045898438
2016-09-20,109.45050811767578
2016-09-21,110.52632141113281
2016-09-22,111.40564727783203
2016-09-23,110.69468688964844
2016-09-26,109.76856994628906
2016-09-27,110.85374450683594
2016-09-28,111.04083251953125
2016-09-29,110.2363052368164
2016-09-30,111.05953979492188
2016-10-03,110.90049743652344
2016-10-04,110.73210906982422
2016-10-05,111.12500762939453
2016-10-06,111.06888580322266
2016-10-07,110.82562255859375
2016-10-10,111.52729034423828
2016-10-11,109.93694305419922
2016-10-12,109.84342193603516
2016-10-13,109.45050811767578
2016-10-14,109.58147430419922
2016-10-17,109.28214263916016
2016-10-18,110.25505065917969
2016-10-19,110.24565887451172
2016-10-20,110.11470794677734
2016-10-21,110.52632141113281
2016-10-24,111.85466766357422
2016-10-25,111.49925231933594
2016-10-26,110.741455078125
2016-10-27,110.2363052368164
2016-10-28,109.5440444946289
2016-10-31,109.44117736816406
2016-11-01,108.617919921875
2016-11-02,107.74797058105469
2016-11-03,106.69087982177734
2016-11-04,106.31668853759766
2016-11-07,108.84243774414062
2016-11-08,109.55340576171875
2016-11-09,110.05858612060547
2016-11-10,108.28116607666016
2016-11-11,108.32792663574219
2016-11-14,107.23342895507812
2016-11-15,108.72085571289062
2016-11-16,109.36630249023438
2016-11-17,110.1614990234375
2016-11-18,109.74986267089844
2016-11-21,110.89116668701172
2016-11-22,111.22791290283203
2016-11-23,110.77888488769531
2016-11-25,111.13438415527344
2016-11-28,110.88179779052734
2016-11-29,111.26535034179688
2016-11-30,109.91825103759766
2016-12-01,108.01924133300781
2016-12-02,108.234375
2016-12-05,109.0763168334961
2016-12-06,109.33826446533203
2016-12-07,110.72274780273438
2016-12-08,110.91919708251953
2016-12-09,111.7892074584961
2016-12-12,111.28402709960938
2016-12-13,112.68726348876953
2016-12-14,112.45337677001953
2016-12-15,112.6311264038086
2016-12-16,112.21360778808594
2016-12-19,112.6733627319336
2016-12-20,113.10496520996094
2016-12-21,113.0205078125
2016-12-22,112.70148468017578
2016-12-23,112.77656555175781
2016-12-27,113.3582763671875
2016-12-28,112.476318359375
2016-12-29,112.31681823730469
2016-12-30,111.16276550292969
2017-01-03,112.15731811523438
2017-01-04,112.76718139648438
2017-01-05,113.40519714355469
2017-01-06,114.39974212646484
2017-01-09,114.77500915527344
2017-01-10,115.0283432006836
2017-01-11,115.33793640136719
2017-01-12,115.1596908569336
2017-01-13,115.55377960205078
2017-01-17,115.20659637451172
2017-01-18,115.4411849975586
2017-01-19,115.38490295410156
2017-01-20,115.6382064819336
2017-01-23,115.73199462890625
2017-01-24,116.51072692871094
2017-01-25,117.68355560302734
2017-01-26,117.8055191040039
2017-01-27,118.03073120117188
2017-01-30,117.1112060546875
2017-01-31,116.87664794921875
2017-02-01,117.68355560302734
2017-02-02,117.58035278320312
2017-02-03,117.91812133789062
2017-02-06,118.0588607788086
2017-02-07,118.4904556274414
2017-02-08,118.68745422363281
2017-02-09,119.11906433105469
2017-02-10,119.51313018798828
2017-02-13,120.18866729736328
2017-02-14,120.59211730957031
2017-02-15,121.30513763427734
2017-02-16,121.26764678955078
2017-02-17,121.79304504394531
2017-02-21,122.3935546875
2017-02-22,122.4404525756836
2017-02-23,121.98070526123047
2017-02-24,122.21527099609375
2017-02-27,122.36540222167969
2017-02-28,121.99006652832031
2017-03-01,123.32238006591797
2017-03-02,122.70317077636719
2017-03-03,122.9283676147461
2017-03-06,122.65626525878906
2017-03-07,122.44982147216797
2017-03-08,122.6656265258789
2017-03-09,122.75945281982422
2017-03-10,123.27545928955078
2017-03-13,123.48188018798828
2017-03-14,123.18160247802734
2017-03-15,123.94161987304688
2017-03-16,123.85718536376953
2017-03-17,123.81392669677734
2017-03-20,123.92674255371094
2017-03-21,122.0463638305664
2017-03-22,122.87372589111328
2017-03-23,122.56348419189453
2017-03-24,122.8173599243164
2017-03-27,123.01478576660156
2017-03-28,123.76693725585938
2017-03-29,124.34043884277344
2017-03-30,124.54732513427734
2017-03-31,124.46263885498047
2017-04-03,124.38743591308594
2017-04-04,124.58487701416016
2017-04-05,124.07717895507812
2017-04-06,124.14300537109375
2017-04-07,124.07717895507812
2017-04-10,124.12421417236328
2017-04-11,123.58831024169922
2017-04-12,123.0899887084961
2017-04-13,122.60108947753906
2017-04-17,123.61649322509766
2017-04-18,123.42845916748047
2017-04-19,123.6258773803711
2017-04-20,124.66014099121094
2017-04-21,124.6318588256836
2017-04-24,126.13626098632812
2017-04-25,127.04820251464844
2017-04-26,126.86959075927734
2017-04-27,127.63106536865234
2017-04-28,127.85675048828125
2017-05-01,128.99440002441406
2017-05-02,129.21063232421875
2017-05-03,128.79701232910156
2017-05-04,128.8439178466797
2017-05-05,129.3140411376953
2017-05-08,129.59609985351562
2017-05-09,130.04739379882812
2017-05-10,130.1226043701172
2017-05-11,130.01918029785156
2017-05-12,130.31068420410156
2017-05-15,130.7243194580078
2017-05-16,131.26968383789062
2017-05-17,127.93199920654297
2017-05-18,129.05079650878906
2017-05-19,129.59609985351562
2017-05-22,130.68673706054688
2017-05-23,130.8183135986328
2017-05-24,131.42013549804688
2017-05-25,132.53892517089844
2017-05-26,132.77394104003906
2017-05-30,132.88677978515625
2017-05-31,132.83973693847656
2017-06-01,133.35690307617188
2017-06-02,134.87998962402344
2017-06-05,134.851806640625
2017-06-06,134.31590270996094
2017-06-07,134.84237670898438
2017-06-08,134.98336791992188
2017-06-09,131.608154296875
2017-06-12,130.90296936035156
2017-06-13,131.96539306640625
2017-06-14,131.39190673828125
2017-06-15,130.8089599609375
2017-06-16,130.2414093017578
2017-06-19,132.419189453125
2017-06-20,131.3821258544922
2017-06-21,132.6831512451172
2017-06-22,132.6454620361328
2017-06-23,133.15460205078125
2017-06-26,132.53231811523438
2017-06-27,130.12831115722656
2017-06-28,132.00437927246094
2017-06-29,129.71348571777344
2017-06-30,129.76058959960938
2017-07-03,128.39364624023438
2017-07-05,129.65696716308594
2017-07-06,128.48788452148438
2017-07-07,129.87374877929688
2017-07-10,130.72222900390625
2017-07-11,131.0899200439453
2017-07-12,132.6454620361328
2017-07-13,132.93771362304688
2017-07-14,133.98414611816406
2017-07-17,134.0501708984375
2017-07-18,134.9457550048828
2017-07-19,135.73764038085938
2017-07-20,135.91680908203125
2017-07-21,135.8602752685547
2017-07-24,136.48243713378906
2017-07-25,136.1336669921875
2017-07-26,136.5767059326172
2017-07-27,135.7188262939453
2017-07-28,135.605712890625
2017-07-31,135.0305938720703
2017-08-01,135.34169006347656
2017-08-02,135.70944213867188
2017-08-03,135.1814422607422
2017-08-04,135.42654418945312
2017-08-07,136.28448486328125
2017-08-08,136.0487823486328
2017-08-09,135.8697052001953
2017-08-10,132.95657348632812
2017-08-11,133.9652862548828
2017-08-14,135.69052124023438
2017-08-15,135.78480529785156
2017-08-16,136.0205078125
2017-08-17,133.23944091796875
2017-08-18,133.14512634277344
2017-08-21,132.97540283203125
2017-08-22,135.0023193359375
2017-08-23,134.52157592773438
2017-08-24,134.1255645751953
2017-08-25,133.84275817871094
2017-08-28,134.25755310058594
2017-08-29,134.78549194335938
2017-08-30,136.36935424804688
2017-08-31,137.83056640625
2017-09-01,137.64202880859375
2017-09-05,136.40704345703125
2017-09-06,136.8218536376953
2017-09-07,137.14244079589844
2017-09-08,135.95452880859375
2017-09-11,137.51943969726562
2017-09-12,137.8494415283203
2017-09-13,138.03799438476562
2017-09-14,137.22723388671875
2017-09-15,137.6986083984375
2017-09-18,137.51817321777344
2017-09-19,137.7543487548828
2017-09-20,137.3291778564453
2017-09-21,136.48834228515625
2017-09-22,136.3560333251953
2017-09-25,134.91990661621094
2017-09-26,135.26950073242188
2017-09-27,136.48834228515625
2017-09-28,136.4410858154297
2017-09-29,137.42369079589844
2017-10-02,137.54647827148438
2017-10-03,137.83941650390625
2017-10-04,137.9716796875
2017-10-05,139.32275390625
2017-10-06,139.5117645263672
2017-10-09,139.35108947753906
2017-10-10,139.4550323486328
2017-10-11,139.8707275390625
2017-10-12,139.6156005859375
2017-10-13,140.15419006347656
2017-10-16,140.6360321044922
2017-10-17,140.8155517578125
2017-10-18,140.64549255371094
2017-10-19,140.12586975097656
2017-10-20,140.5037841796875
2017-10-23,139.5873260498047
2017-10-24,139.82351684570312
2017-10-25,139.2943878173828
2017-10-26,138.85032653808594
2017-10-27,142.89418029785156
2017-10-30,143.21542358398438
2017-10-31,143.75390625
2017-11-01,143.7067108154297
2017-11-02,143.43272399902344
2017-11-03,144.81214904785156
2017-11-06,145.30340576171875
2017-11-07,145.3885040283203
2017-11-08,145.97425842285156
2017-11-09,145.208984375
2017-11-10,145.1995391845703
2017-11-13,145.3790283203125
2017-11-14,144.8499298095703
2017-11-15,144.1697235107422
2017-11-16,146.0120391845703
2017-11-17,145.45460510253906
2017-11-20,145.34124755859375
2017-11-21,146.91912841796875
2017-11-22,147.09861755371094
2017-11-24,147.6371307373047
2017-11-27,147.57102966308594
2017-11-28,147.94894409179688
2017-11-29,145.3695526123047
2017-11-30,146.58839416503906
2017-12-01,145.96484375
2017-12-04,144.28305053710938
2017-12-05,144.37754821777344
2017-12-06,145.02944946289062
2017-12-07,145.520751953125
2017-12-08,146.16322326660156
2017-12-11,147.29698181152344
2017-12-12,147.09861755371094
2017-12-13,147.38209533691406
2017-12-14,147.27810668945312
2017-12-15,148.95042419433594
2017-12-18,150.19924926757812
2017-12-19,149.3092498779297
2017-12-20,149.14833068847656
2017-12-21,149.16722106933594
2017-12-22,148.99684143066406
2017-12-26,148.1920928955078
2017-12-27,148.2110137939453
2017-12-28,148.3908233642578
2017-12-29,147.47244262695312
2018-01-02,150.05723571777344
2018-01-03,151.51531982421875
2018-01-04,151.78036499023438
2018-01-05,153.30471801757812
2018-01-08,153.9011993408203
2018-01-09,153.91067504882812
2018-01-10,153.55091857910156
2018-01-11,154.60182189941406
2018-01-12,155.73805236816406
2018-01-16,155.29306030273438
2018-01-17,156.9687957763672
2018-01-18,156.9972381591797
2018-01-19,157.48959350585938
2018-01-22,159.17483520507812
2018-01-23,160.49090576171875
2018-01-24,159.44943237304688
2018-01-25,159.39266967773438
2018-01-26,161.8353729248047
2018-01-29,161.04946899414062
2018-01-30,159.72401428222656
2018-01-31,160.3867645263672
2018-02-01,159.02337646484375
2018-02-02,155.85159301757812
2018-02-05,149.70689392089844
2018-02-06,153.6740264892578
2018-02-07,151.6857147216797
2018-02-08,145.2854461669922
2018-02-09,147.7943878173828
2018-02-12,150.4169921875
2018-02-13,151.193359375
2018-02-14,154.02427673339844
2018-02-15,156.88360595703125
2018-02-16,156.18301391601562
2018-02-20,156.4954071044922
2018-02-21,156.05043029785156
2018-02-22,156.031494140625
2018-02-23,159.2222137451172
2018-02-26,161.33349609375
2018-02-27,159.3358154296875
2018-02-28,158.31324768066406
2018-03-01,155.72854614257812
2018-03-02,157.15817260742188
2018-03-05,158.90028381347656
2018-03-06,159.572509765625
2018-03-07,159.94171142578125
2018-03-08,160.82228088378906
2018-03-09,163.9467315673828
2018-03-12,164.81773376464844
2018-03-13,162.5738525390625
2018-03-14,162.54541015625
2018-03-15,162.4033966064453
2018-03-16,161.92056274414062
2018-03-19,158.46583557128906
2018-03-20,158.9873809814453
2018-03-21,158.29507446289062
2018-03-22,154.3879852294922
2018-03-23,150.3196258544922
2018-03-26,155.90528869628906
2018-03-27,150.8601837158203
2018-03-28,149.12474060058594
2018-03-29,151.8558807373047
2018-04-02,147.47463989257812
2018-04-03,149.13421630859375
2018-04-04,151.486083984375
2018-04-05,152.34910583496094
2018-04-06,148.53680419921875
2018-04-09,149.57994079589844
2018-04-10,152.88015747070312
2018-04-11,151.99818420410156
2018-04-12,153.82850646972656
2018-04-13,153.03187561035156
2018-04-16,154.19834899902344
2018-04-17,157.51747131347656
2018-04-18,157.83990478515625
2018-04-19,156.38897705078125
2018-04-20,153.91384887695312
2018-04-23,153.52500915527344
2018-04-24,150.27224731445312
2018-04-25,150.45240783691406
2018-04-26,153.61985778808594
2018-04-27,153.7146759033203
2018-04-30,152.62408447265625
2018-05-01,154.36900329589844
2018-05-02,153.45863342285156
2018-05-03,153.4396514892578
2018-05-04,156.35104370117188
2018-05-07,157.6501922607422
2018-05-08,157.4890594482422
2018-05-09,159.2054901123047
2018-05-10,160.85557556152344
2018-05-11,160.70384216308594
2018-05-14,160.97889709472656
2018-05-15,159.1959991455078
2018-05-16,160.2486572265625
2018-05-17,159.63221740722656
2018-05-18,158.80722045898438
2018-05-21,159.69857788085938
2018-05-22,159.4899444580078
2018-05-23,160.83665466308594
2018-05-24,160.7892303466797
2018-05-25,160.9503936767578
2018-05-29,160.2391815185547
2018-05-30,161.38665771484375
2018-05-31,161.2823028564453
2018-06-01,163.8143768310547
2018-06-04,165.29376220703125
2018-06-05,165.8058319091797
2018-06-06,166.77320861816406
2018-06-07,165.4170379638672
2018-06-08,165.426513671875
2018-06-11,165.8722381591797
2018-06-12,166.74472045898438
2018-06-13,166.73521423339844
2018-06-14,168.42323303222656
2018-06-15,167.83529663085938
2018-06-18,167.7383270263672
2018-06-19,167.26318359375
2018-06-20,168.45111083984375
2018-06-21,166.98756408691406
2018-06-22,166.616943359375
2018-06-25,162.86300659179688
2018-06-26,163.52821350097656
2018-06-27,161.30442810058594
2018-06-28,162.6919403076172
2018-06-29,163.129150390625
2018-07-02,164.2220458984375
2018-07-03,162.32130432128906
2018-07-05,164.3360595703125
2018-07-06,166.8925323486328
2018-07-09,168.39410400390625
2018-07-10,168.51763916015625
2018-07-11,167.66229248046875
2018-07-12,170.55148315429688
2018-07-13,170.69400024414062
2018-07-16,170.2853240966797
2018-07-17,171.3212127685547
2018-07-18,170.9980926513672
2018-07-19,170.14279174804688
2018-07-20,170.10479736328125
2018-07-23,170.64649963378906
2018-07-24,171.3496856689453
2018-07-25,173.74464416503906
2018-07-26,171.11207580566406
2018-07-27,168.80274963378906
2018-07-30,166.41732788085938
2018-07-31,167.6908416748047
2018-08-01,168.32760620117188
2018-08-02,170.6179656982422
2018-08-03,171.14060974121094
2018-08-06,172.1480255126953
2018-08-07,172.77525329589844
2018-08-08,172.9843292236328
2018-08-09,172.8797607421875
2018-08-10,171.5587921142578
2018-08-13,171.36871337890625
2018-08-14,172.44261169433594
2018-08-15,170.3328399658203
2018-08-16,170.89352416992188
2018-08-17,170.9315948486328
2018-08-20,170.77951049804688
2018-08-21,171.40675354003906
2018-08-22,172.072021484375
2018-08-23,171.8249053955078
2018-08-24,173.42149353027344
2018-08-27,175.18914794921875
2018-08-28,175.4457244873047
2018-08-29,177.4700164794922
2018-08-30,177.15643310546875
2018-08-31,177.38446044921875
2018-09-04,176.62420654296875
2018-09-05,174.34329223632812
2018-09-06,172.7847137451172
2018-09-07,172.11952209472656
2018-09-10,172.69921875
2018-09-11,174.02969360351562
2018-09-12,173.51654052734375
2018-09-13,175.36976623535156
2018-09-14,174.85653686523438
2018-09-17,172.3380889892578
2018-09-18,173.76361083984375
2018-09-19,173.6305694580078
2018-09-20,175.55030822753906
2018-09-21,174.5904083251953
2018-09-24,175.0760040283203
2018-09-25,175.31396484375
2018-09-26,175.437744140625
2018-09-27,176.9230194091797
2018-09-28,176.88491821289062
2018-10-01,177.2467041015625
2018-10-02,176.84686279296875
2018-10-03,177.0372314453125
2018-10-04,173.6383056640625
2018-10-05,171.51524353027344
2018-10-08,170.46798706054688
2018-10-09,171.02020263671875
2018-10-10,163.4988555908203
2018-10-11,161.47093200683594
2018-10-12,165.96469116210938
2018-10-15,163.95579528808594
2018-10-16,168.7256622314453
2018-10-17,168.7923126220703
2018-10-18,164.87930297851562
2018-10-19,164.7270050048828
2018-10-22,165.57437133789062
2018-10-23,164.9650421142578
2018-10-24,157.4150848388672
2018-10-25,162.86093139648438
2018-10-26,158.67181396484375
2018-10-29,155.40621948242188
2018-10-30,157.96731567382812
2018-10-31,161.68038940429688
2018-11-01,163.81297302246094
2018-11-02,161.26144409179688
2018-11-05,160.86160278320312
2018-11-06,162.08023071289062
2018-11-07,167.16429138183594
2018-11-08,166.09800720214844
2018-11-09,163.29884338378906
2018-11-12,158.35768127441406
2018-11-13,158.490966796875
2018-11-14,157.28176879882812
2018-11-15,160.03330993652344
2018-11-16,159.47154235839844
2018-11-19,154.2923126220703
2018-11-20,151.53135681152344
2018-11-21,152.68333435058594
2018-11-23,151.5789031982422
2018-11-26,155.08250427246094
2018-11-27,155.60617065429688
2018-11-28,160.6140594482422
2018-11-29,160.0904083251953
2018-11-30,161.25193786621094
2018-12-03,164.07005310058594
2018-12-04,157.7769012451172
2018-12-06,158.8908233642578
2018-12-07,153.64491271972656
2018-12-10,155.25392150878906
2018-12-11,155.76803588867188
2018-12-12,157.13902282714844
2018-12-13,157.18655395507812
2018-12-14,153.35931396484375
2018-12-17,149.88426208496094
2018-12-18,150.82676696777344
2018-12-19,147.12322998046875
2018-12-20,144.9906005859375
2018-12-21,140.49688720703125
2018-12-24,137.01287841796875
2018-12-26,145.56773376464844
2018-12-27,146.1310577392578
2018-12-28,146.0546875
2018-12-31,147.28636169433594
2019-01-02,147.8783721923828
2019-01-03,143.04708862304688
2019-01-04,149.1673126220703
2019-01-07,150.94325256347656
2019-01-08,152.30857849121094
2019-01-09,153.54981994628906
2019-01-10,153.98898315429688
2019-01-11,153.42568969726562
2019-01-14,152.0698699951172
2019-01-15,155.03929138183594
2019-01-16,155.01063537597656
2019-01-17,156.2327880859375
2019-01-18,157.77952575683594
2019-01-22,154.61917114257812
2019-01-23,154.8196563720703
2019-01-24,155.82223510742188
2019-01-25,157.6840362548828
2019-01-28,155.73631286621094
2019-01-29,154.2659149169922
2019-01-30,158.19007873535156
2019-01-31,160.5579833984375
2019-02-01,159.8800811767578
2019-02-04,161.86605834960938
2019-02-05,163.29827880859375
2019-02-06,162.8113250732422
2019-02-07,160.62484741210938
2019-02-08,160.9398956298828
2019-02-11,160.787109375
2019-02-12,163.16464233398438
2019-02-13,163.27914428710938
2019-02-14,163.47962951660156
2019-02-15,164.1671142578125
2019-02-19,164.49176025390625
2019-02-20,164.46310424804688
2019-02-21,163.8615264892578
2019-02-22,165.0741729736328
2019-02-25,165.6757049560547
2019-02-26,165.84754943847656
2019-02-27,165.7424774169922
2019-02-28,165.36058044433594
2019-03-01,166.50634765625
2019-03-04,166.53497314453125
2019-03-05,166.6591796875
2019-03-06,165.7138671875
2019-03-07,163.68017578125
2019-03-08,163.43191528320312
2019-03-11,166.83096313476562
2019-03-12,167.74757385253906
2019-03-13,169.00790405273438
2019-03-14,168.72149658203125
2019-03-15,170.28733825683594
2019-03-18,170.6929473876953
2019-03-19,171.26681518554688
2019-03-20,171.94593811035156
2019-03-21,174.63381958007812
2019-03-22,170.79812622070312
2019-03-25,170.47288513183594
2019-03-26,171.26681518554688
2019-03-27,170.1668243408203
2019-03-28,170.5589599609375
2019-03-29,171.85032653808594
2019-04-01,174.12684631347656
2019-04-02,174.78688049316406
2019-04-03,175.79119873046875
2019-04-04,175.72425842285156
2019-04-05,176.63294982910156
2019-04-08,177.0825958251953
2019-04-09,176.46072387695312
2019-04-10,177.40777587890625
2019-04-11,176.98687744140625
2019-04-12,177.75209045410156
2019-04-15,177.7808074951172
2019-04-16,178.39292907714844
2019-04-17,179.0146942138672
2019-04-18,179.24427795410156
2019-04-22,179.75123596191406
2019-04-23,182.03736877441406
2019-04-24,181.4634246826172
2019-04-25,182.199951171875
2019-04-26,182.36257934570312
2019-04-29,182.7165069580078
2019-04-30,181.30081176757812
2019-05-01,180.71730041503906
2019-05-02,179.93296813964844
2019-05-03,182.80259704589844
2019-05-06,181.68341064453125
2019-05-07,178.144287109375
2019-05-08,177.69471740722656
2019-05-09,176.73817443847656
2019-05-10,176.9582061767578
2019-05-13,170.8172149658203
2019-05-14,172.69204711914062
2019-05-15,175.13121032714844
2019-05-16,176.8912353515625
2019-05-17,175.0833282470703
2019-05-20,172.12771606445312
2019-05-21,173.92593383789062
2019-05-22,173.15121459960938
2019-05-23,170.50157165527344
2019-05-24,170.41552734375
2019-05-28,169.77462768554688
2019-05-29,168.3780975341797
2019-05-30,169.08592224121094
2019-05-31,166.38851928710938
2019-06-03,162.7249755859375
2019-06-04,167.30674743652344
2019-06-05,168.55029296875
2019-06-06,169.88937377929688
2019-06-07,173.17030334472656
2019-06-10,175.18856811523438
2019-06-11,175.4276885986328
2019-06-12,174.41383361816406
2019-06-13,175.44686889648438
2019-06-14,174.7007598876953
2019-06-17,175.7529754638672
2019-06-18,178.30690002441406
2019-06-19,178.9764404296875
2019-06-20,180.64083862304688
2019-06-21,180.3730010986328
2019-06-24,180.3787078857422
2019-06-25,177.28236389160156
2019-06-26,178.10675048828125
2019-06-27,178.7873992919922
2019-06-28,179.0174560546875
2019-07-01,181.4332733154297
2019-07-02,182.15225219726562
2019-07-03,183.5230712890625
2019-07-05,183.1492462158203
2019-07-08,181.86463928222656
2019-07-09,182.7753448486328
2019-07-10,184.5967559814453
2019-07-11,184.4626007080078
2019-07-12,185.52667236328125
2019-07-15,186.1210174560547
2019-07-16,185.162353515625
2019-07-17,184.25169372558594
2019-07-18,184.4626007080078
2019-07-19,183.11090087890625
2019-07-22,184.5680389404297
2019-07-23,185.77590942382812
2019-07-24,187.07962036132812
2019-07-25,185.30618286132812
2019-07-26,187.21388244628906
2019-07-29,186.57159423828125
2019-07-30,185.7663116455078
2019-07-31,183.19715881347656
2019-08-01,182.2864227294922
2019-08-02,179.60223388671875
2019-08-05,173.25601196289062
2019-08-06,175.68133544921875
2019-08-07,176.63043212890625
2019-08-08,180.47459411621094
2019-08-09,178.77780151367188
2019-08-12,176.72634887695312
2019-08-13,180.59921264648438
2019-08-14,175.2020721435547
2019-08-15,175.00076293945312
2019-08-16,177.80953979492188
2019-08-19,180.63758850097656
2019-08-20,179.23797607421875
2019-08-21,180.82933044433594
2019-08-22,180.2445526123047
2019-08-23,174.54058837890625
2019-08-26,177.17684936523438
2019-08-27,176.80299377441406
2019-08-28,177.4356689453125
2019-08-29,180.14866638183594
2019-08-30,179.71726989746094
2019-09-03,177.97251892089844
2019-09-04,180.54171752929688
2019-09-05,183.84902954101562
2019-09-06,183.66690063476562
2019-09-09,183.28346252441406
2019-09-10,182.7561492919922
2019-09-11,184.47215270996094
2019-09-12,185.23907470703125
2019-09-13,184.5775909423828
2019-09-16,183.7531280517578
2019-09-17,184.63511657714844
2019-09-18,184.5584259033203
2019-09-19,184.86520385742188
2019-09-20,182.90957641601562
2019-09-23,182.99026489257812
2019-09-24,180.55999755859375
2019-09-25,182.58680725097656
2019-09-26,181.91439819335938
2019-09-27,179.6570281982422
2019-09-30,181.36688232421875
2019-10-01,179.88758850097656
2019-10-02,176.79454040527344
2019-10-03,178.73492431640625
2019-10-04,181.36688232421875
2019-10-07,180.8193817138672
2019-10-08,178.1104736328125
2019-10-09,179.84912109375
2019-10-10,181.2419891357422
2019-10-11,183.57618713378906
2019-10-14,183.55702209472656
2019-10-15,185.8911895751953
2019-10-16,185.43011474609375
2019-10-17,185.9199981689453
2019-10-18,184.13333129882812
2019-10-21,185.7663116455078
2019-10-22,184.28700256347656
2019-10-23,184.64244079589844
2019-10-24,186.43875122070312
2019-10-25,187.92759704589844
2019-10-28,189.78152465820312
2019-10-29,188.31182861328125
2019-10-30,189.22442626953125
2019-10-31,189.31085205078125
2019-11-01,191.0303192138672
2019-11-04,192.2118377685547
2019-11-05,192.31747436523438
2019-11-06,191.8852081298828
2019-11-07,192.52883911132812
2019-11-08,193.29727172851562
2019-11-11,193.0379180908203
2019-11-12,193.59500122070312
2019-11-13,193.6431121826172
2019-11-14,193.48936462402344
2019-11-15,194.91104125976562
2019-11-18,195.06472778320312
2019-11-19,195.3528594970703
2019-11-20,194.18099975585938
2019-11-21,193.7487030029297
2019-11-22,193.87355041503906
2019-11-25,196.16937255859375
2019-11-26,196.54400634765625
2019-11-27,197.91766357421875
2019-11-29,197.01470947265625
2019-12-02,194.99749755859375
2019-12-03,193.47018432617188
2019-12-04,194.44993591308594
2019-12-05,194.83421325683594
2019-12-06,196.9186248779297
2019-12-09,196.02532958984375
2019-12-10,195.86199951171875
2019-12-11,196.8994598388672
2019-12-12,198.36907958984375
2019-12-13,199.0222930908203
2019-12-16,201.02029418945312
2019-12-17,201.13560485839844
2019-12-18,201.28927612304688
2019-12-19,202.5476531982422
2019-12-20,203.36415100097656
2019-12-23,203.9012908935547
2019-12-24,204.00717163085938
2019-12-26,205.80738830566406
2019-12-27,205.6341094970703
2019-12-30,204.28639221191406
2019-12-31,204.67140197753906
2020-01-02,208.08888244628906
2020-01-03,206.1828155517578
2020-01-06,207.5113067626953
2020-01-07,207.4823760986328
2020-01-08,209.04190063476562
2020-01-09,210.81321716308594
2020-01-10,210.27407836914062
2020-01-13,212.70004272460938
2020-01-14,211.8625030517578
2020-01-15,211.94912719726562
2020-01-16,213.98037719726562
2020-01-17,215.03927612304688
2020-01-21,214.94302368164062
2020-01-22,215.51100158691406
2020-01-23,216.20408630371094
2020-01-24,214.38467407226562
2020-01-27,209.9564208984375
2020-01-28,213.1813507080078
2020-01-29,213.52792358398438
2020-01-30,214.28839111328125
2020-01-31,210.8902130126953
2020-02-03,214.07662963867188
2020-02-04,218.9765167236328
2020-02-05,219.69859313964844
2020-02-06,221.59498596191406
2020-02-07,220.64195251464844
2020-02-10,223.30856323242188
2020-02-11,223.3470458984375
2020-02-12,225.52267456054688
2020-02-13,225.23388671875
2020-02-14,225.87887573242188
2020-02-18,225.96548461914062
2020-02-19,228.1314697265625
2020-02-20,226.01361083984375
2020-02-21,221.67205810546875
2020-02-24,213.12359619140625
2020-02-25,207.32839965820312
2020-02-26,208.39694213867188
2020-02-27,197.9617156982422
2020-02-28,198.11570739746094
2020-03-02,208.3391571044922
2020-03-03,201.65829467773438
2020-03-04,210.0719451904297
2020-03-05,203.6894989013672
2020-03-06,200.2528076171875
2020-03-09,186.34234619140625
2020-03-10,196.4888458251953
2020-03-11,187.93072509765625
2020-03-12,170.69911193847656
2020-03-13,185.1582794189453
2020-03-16,162.97857666015625
2020-03-17,175.33914184570312
2020-03-18,170.0059814453125
2020-03-19,171.0264434814453
2020-03-20,164.3262939453125
2020-03-23,164.44493103027344
2020-03-24,177.1791534423828
2020-03-25,175.86715698242188
2020-03-26,185.12840270996094
2020-03-27,178.7612762451172
2020-03-30,185.263427734375
2020-03-31,183.68128967285156
2020-04-01,175.87680053710938
2020-04-02,179.4462432861328
2020-04-03,176.89939880371094
2020-04-06,189.54676818847656
2020-04-07,189.46957397460938
2020-04-08,193.4924774169922
2020-04-09,193.772216796875
2020-04-13,195.86563110351562
2020-04-14,204.38406372070312
2020-04-15,202.039794921875
2020-04-16,205.72496032714844
2020-04-17,207.69297790527344
2020-04-20,205.23300170898438
2020-04-21,197.6599884033203
2020-04-22,203.5254364013672
2020-04-23,203.0913543701172
2020-04-24,206.29421997070312
2020-04-27,207.95350646972656
2020-04-28,204.0367431640625
2020-04-29,211.27212524414062
2020-04-30,211.18533325195312
2020-05-01,205.23300170898438
2020-05-04,207.62548828125
2020-05-05,209.97940063476562
2020-05-06,211.27212524414062
2020-05-07,213.9925994873047
2020-05-08,216.92529296875
2020-05-11,218.8643798828125
2020-05-12,214.28204345703125
2020-05-13,211.60006713867188
2020-05-14,214.0022735595703
2020-05-15,215.3914337158203
2020-05-18,219.40460205078125
2020-05-19,218.854736328125
2020-05-20,223.224853515625
2020-05-21,220.79380798339844
2020-05-22,221.55593872070312
2020-05-26,220.9578094482422
2020-05-27,222.1636962890625
2020-05-28,221.8743438720703
2020-05-29,225.1254119873047
2020-06-01,225.80068969726562
2020-06-02,227.3153076171875
2020-06-03,228.337890625
2020-06-04,226.73643493652344
2020-06-05,231.23199462890625
2020-06-08,233.0263671875
2020-06-09,234.71463012695312
2020-06-10,237.53158569335938
2020-06-11,225.76206970214844
2020-06-12,227.5564422607422
2020-06-15,230.3251953125
2020-06-16,234.28053283691406
2020-06-17,235.0233154296875
2020-06-18,235.66004943847656
2020-06-19,235.62144470214844
2020-06-22,238.4471893310547
2020-06-23,240.47657775878906
2020-06-24,235.5189971923828
2020-06-25,237.7610321044922
2020-06-26,232.1463165283203
2020-06-29,234.67822265625
2020-06-30,239.27828979492188
2020-07-01,242.0711212158203
2020-07-02,243.71400451660156
2020-07-06,249.70565795898438
2020-07-07,247.9854278564453
2020-07-08,251.25181579589844
2020-07-09,253.36825561523438
2020-07-10,255.09814453125
2020-07-13,249.8505859375
2020-07-14,251.61912536621094
2020-07-15,252.13134765625
2020-07-16,250.4110870361328
2020-07-17,250.7010040283203
2020-07-20,257.81365966796875
2020-07-21,255.1270294189453
2020-07-22,256.02581787109375
2020-07-23,249.33834838867188
2020-07-24,246.97071838378906
2020-07-27,251.37753295898438
2020-07-28,248.17872619628906
2020-07-29,251.03919982910156
2020-07-30,252.35360717773438
2020-07-31,256.85693359375
2020-08-03,260.3262939453125
2020-08-04,261.29266357421875
2020-08-05,261.94012451171875
2020-08-06,265.4093933105469
2020-08-07,262.3459777832031
2020-08-10,261.2250061035156
2020-08-11,256.27703857421875
2020-08-12,262.722900390625
2020-08-13,263.3221130371094
2020-08-14,263.0127868652344
2020-08-17,266.06658935546875
2020-08-18,268.6275329589844
2020-08-19,266.82037353515625
2020-08-20,270.52166748046875
2020-08-21,272.396484375
2020-08-24,274.0972900390625
2020-08-25,276.2522888183594
2020-08-26,282.1473388671875
2020-08-27,281.2679748535156
2020-08-28,282.6981201171875
2020-08-31,284.9692077636719
2020-09-01,289.83990478515625
2020-09-02,292.5843811035156
2020-09-03,277.7502746582031
2020-09-04,274.04901123046875
2020-09-08,260.8770751953125
2020-09-09,268.54052734375
2020-09-10,263.186767578125
2020-09-11,261.36029052734375
2020-09-14,265.9120178222656
2020-09-15,269.680908203125
2020-09-16,265.3805236816406
2020-09-17,261.2346496582031
2020-09-18,257.90057373046875
2020-09-21,258.51904296875
2020-09-22,263.3221130371094
2020-09-23,255.28170776367188
2020-09-24,256.4704284667969
2020-09-25,262.4329833984375
2020-09-28,267.8834228515625
2020-09-29,266.67547607421875
2020-09-30,268.501953125
2020-10-01,272.76373291015625
2020-10-02,265.0904846191406
2020-10-05,270.7439880371094
2020-10-06,265.9120178222656
2020-10-07,270.5119934082031
2020-10-08,271.951904296875
2020-10-09,276.1073303222656
2020-10-12,284.6310119628906
2020-10-13,284.62127685546875
2020-10-14,282.2439270019531
2020-10-15,280.349853515625
2020-10-16,278.8133544921875
2020-10-19,274.2616271972656
2020-10-20,274.85113525390625
2020-10-21,274.6385498046875
2020-10-22,274.6287841796875
2020-10-23,275.16998291015625
2020-10-26,271.0435485839844
2020-10-27,273.15997314453125
2020-10-28,262.51031494140625
2020-10-29,267.1007080078125
2020-10-30,260.3262939453125
2020-11-02,260.9060974121094
2020-11-03,265.4192199707031
2020-11-04,277.26708984375
2020-11-05,284.4957275390625
2020-11-06,284.70831298828125
2020-11-09,278.89056396484375
2020-11-10,273.8944091796875
2020-11-11,280.02130126953125
2020-11-12,278.70703125
2020-11-13,281.1519470214844
2020-11-16,283.34564208984375
2020-11-17,282.4468994140625
2020-11-18,280.35955810546875
2020-11-19,282.5532531738281
2020-11-20,280.6204528808594
2020-11-23,280.6301574707031
2020-11-24,284.572998046875
2020-11-25,286.3221740722656
2020-11-27,288.9604797363281
2020-11-30,289.5498962402344
2020-12-01,293.2608642578125
2020-12-02,293.6376953125
2020-12-03,294.05328369140625
2020-12-04,295.2516174316406
2020-12-07,296.9234313964844
2020-12-08,297.928466796875
2020-12-09,291.18310546875
2020-12-10,292.3524169921875
2020-12-11,291.70489501953125
2020-12-14,293.8213195800781
2020-12-15,296.9621276855469
2020-12-16,298.5953369140625
2020-12-17,300.5474548339844
2020-12-18,299.6390686035156
2020-12-21,299.0784606933594
2020-12-22,299.8917236328125
2020-12-23,298.3814697265625
2020-12-24,299.69805908203125
2020-12-28,302.7186279296875
2020-12-29,302.98974609375
2020-12-30,302.9994201660156
2020-12-31,303.744873046875
2021-01-04,299.4560241699219
2021-01-05,301.92474365234375
2021-01-06,297.742431640625
2021-01-07,304.9454650878906
2021-01-08,308.8663330078125
2021-01-11,304.4032897949219
2021-01-12,303.9191589355469
2021-01-13,305.97161865234375
2021-01-14,304.33551025390625
2021-01-15,301.92474365234375
2021-01-19,306.329833984375
2021-01-20,313.4553527832031
2021-01-21,315.9627990722656
2021-01-22,315.0527648925781
2021-01-25,317.6571044921875
2021-01-26,318.12176513671875
2021-01-27,309.253662109375
2021-01-28,311.08343505859375
2021-01-29,304.5386962890625
2021-02-01,312.1484069824219
2021-02-02,317.24078369140625
2021-02-03,315.9822998046875
2021-02-04,319.71917724609375
2021-02-05,320.80352783203125
2021-02-08,322.952880859375
2021-02-09,322.88507080078125
2021-02-10,322.1492919921875
2021-02-11,323.9209899902344
2021-02-12,325.7314453125
2021-02-16,324.85040283203125
2021-02-17,323.29156494140625
2021-02-18,321.8782958984375
2021-02-19,320.47442626953125
2021-02-22,312.167724609375
2021-02-23,311.2384338378906
2021-02-24,313.80389404296875
2021-02-25,302.8638916015625
2021-02-26,304.132080078125
2021-03-01,313.2810974121094
2021-03-02,308.25640869140625
2021-03-03,299.31085205078125
2021-03-04,294.4120788574219
2021-03-05,298.8460693359375
2021-03-08,290.3844909667969
2021-03-09,301.8376159667969
2021-03-10,300.9760437011719
2021-03-11,307.9078674316406
2021-03-12,305.4100341796875
2021-03-15,308.6726989746094
2021-03-16,310.3669738769531
2021-03-17,311.6449890136719
2021-03-18,302.0990905761719
2021-03-19,303.16400146484375
2021-03-22,308.8493347167969
2021-03-23,307.50189208984375
2021-03-24,302.3158264160156
2021-03-25,301.7923889160156
2021-03-26,306.3193664550781
2021-03-29,306.2320251464844
2021-03-30,304.6908264160156
2021-03-31,309.35333251953125
2021-04-01,314.6267395019531
2021-04-05,320.9082946777344
2021-04-06,320.6852722167969
2021-04-07,321.46075439453125
2021-04-08,324.81475830078125
2021-04-09,326.7825622558594
2021-04-12,326.3560791015625
2021-04-13,330.1656494140625
2021-04-14,326.2009582519531
2021-04-15,331.1446838378906
2021-04-16,331.532470703125
2021-04-19,328.49835205078125
2021-04-20,326.1040344238281
2021-04-21,328.89581298828125
2021-04-22,324.93109130859375
2021-04-23,329.0218200683594
2021-04-26,331.16412353515625
2021-04-27,329.72943115234375
2021-04-28,328.61468505859375
2021-04-29,329.79736328125
2021-04-30,327.6356201171875
2021-05-03,325.89080810546875
2021-05-04,320.0261535644531
2021-05-05,318.9501037597656
2021-05-06,321.35418701171875
2021-05-07,323.9617614746094
2021-05-10,315.7803649902344
2021-05-11,315.3441162109375
2021-05-12,307.1820068359375
2021-05-13,309.5570068359375
2021-05-14,316.3909606933594
2021-05-17,314.4717102050781
2021-05-18,312.3487548828125
2021-05-19,312.7073974609375
2021-05-20,318.7561950683594
2021-05-21,316.99200439453125
2021-05-24,322.323486328125
2021-05-25,322.7693786621094
2021-05-26,323.8939208984375
2021-05-27,322.6821594238281
2021-05-28,323.69989013671875
2021-06-01,322.6240234375
2021-06-02,323.2541198730469
2021-06-03,319.890380859375
2021-06-04,325.3188781738281
2021-06-07,326.28826904296875
2021-06-08,326.443359375
2021-06-09,326.5208740234375
2021-06-10,329.92333984375
2021-06-11,330.7861328125
2021-06-14,333.9559326171875
2021-06-15,331.77484130859375
2021-06-16,330.56304931640625
2021-06-17,334.7604675292969
2021-06-18,332.133544921875
2021-06-21,334.1976318359375
2021-06-22,337.31292724609375
2021-06-23,337.4779052734375
2021-06-24,339.5644836425781
2021-06-25,339.14715576171875
2021-06-28,343.271728515625
2021-06-29,344.51397705078125
2021-06-30,343.9705505371094
2021-07-01,344.1064453125
2021-07-02,348.0562744140625
2021-07-06,349.56048583984375
2021-07-07,350.298095703125
2021-07-08,348.1824951171875
2021-07-09,350.35638427734375
2021-07-12,351.72479248046875
2021-07-13,351.72479248046875
2021-07-14,352.3555908203125
2021-07-15,349.8808288574219
2021-07-16,347.04693603515625
2021-07-19,344.203369140625
2021-07-20,348.2018127441406
2021-07-21,350.89013671875
2021-07-22,353.20965576171875
2021-07-23,357.3341369628906
2021-07-26,357.6156005859375
2021-07-27,353.6754150390625
2021-07-28,355.03411865234375
2021-07-29,355.66497802734375
2021-07-30,353.81134033203125
2021-08-02,353.8404235839844
2021-08-03,355.98516845703125
2021-08-04,356.49957275390625
2021-08-05,358.76080322265625
2021-08-06,357.1885681152344
2021-08-09,357.84857177734375
2021-08-10,356.01434326171875
2021-08-11,355.40289306640625
2021-08-12,356.6839294433594
2021-08-13,357.93585205078125
2021-08-16,358.09112548828125
2021-08-17,354.9371337890625
2021-08-18,351.5208435058594
2021-08-19,353.21929931640625
2021-08-20,356.8780822753906
2021-08-23,362.21575927734375
2021-08-24,363.32208251953125
2021-08-25,363.7393493652344
2021-08-26,361.4296569824219
2021-08-27,364.94281005859375
2021-08-30,369.03826904296875
2021-08-31,368.7374572753906
2021-09-01,369.3487854003906
2021-09-02,369.1741027832031
2021-09-03,370.3096008300781
2021-09-07,370.8336181640625
2021-09-08,369.54290771484375
2021-09-09,368.27154541015625
2021-09-10,365.4765319824219
2021-09-13,365.2242431640625
2021-09-14,364.18585205078125
2021-09-15,366.89349365234375
2021-09-16,367.14581298828125
2021-09-17,362.7979736328125
2021-09-20,355.3014221191406
2021-09-21,355.7386779785156
2021-09-22,359.0613708496094
2021-09-23,362.3744201660156
2021-09-24,362.7143859863281
2021-09-27,359.8191833496094
2021-09-28,349.6372375488281
2021-09-29,349.06396484375
2021-09-30,347.7814636230469
2021-10-01,349.9383544921875
2021-10-04,342.5933837890625
2021-10-05,347.218017578125
2021-10-06,349.4429016113281
2021-10-07,352.6490783691406
2021-10-08,350.89056396484375
2021-10-11,348.19940185546875
2021-10-12,346.98486328125
2021-10-13,349.76348876953125
2021-10-14,356.2049560546875
2021-10-15,358.4493103027344
2021-10-18,362.0537414550781
2021-10-19,364.79364013671875
2021-10-20,364.3175354003906
2021-10-21,366.54241943359375
2021-10-22,363.46258544921875
2021-10-25,367.1836853027344
2021-10-26,368.33984375
2021-10-27,369.19482421875
2021-10-28,373.2948303222656
2021-10-29,375.131103515625
2021-11-01,376.4135437011719
2021-11-02,377.9874572753906
2021-11-03,382.00006103515625
2021-11-04,386.896728515625
2021-11-05,387.2659912109375
2021-11-08,386.7413635253906
2021-11-09,384.0791931152344
2021-11-10,378.4344177246094
2021-11-11,379.483642578125
2021-11-12,383.4768981933594
2021-11-15,383.38934326171875
2021-11-16,386.11944580078125
2021-11-17,386.32354736328125
2021-11-18,390.3262939453125
2021-11-19,392.5027160644531
2021-11-22,387.94598388671875
2021-11-23,386.1778259277344
2021-11-24,387.4214172363281
2021-11-26,380.07635498046875
2021-11-29,388.3249206542969
2021-11-30,382.6217956542969
2021-12-01,376.11236572265625
2021-12-02,378.8229675292969
2021-12-03,372.2358093261719
2021-12-06,375.218505859375
2021-12-07,386.5177917480469
2021-12-08,388.2471923828125
2021-12-09,382.53436279296875
2021-12-10,386.6927185058594
2021-12-13,381.106201171875
2021-12-14,377.16168212890625
2021-12-15,385.7599792480469
2021-12-16,375.8403625488281
2021-12-17,373.9652099609375
2021-12-20,370.3375549316406
2021-12-21,378.6258850097656
2021-12-22,383.237060546875
2021-12-23,386.12628173828125
2021-12-27,392.5078430175781
2021-12-28,390.68865966796875
2021-12-29,390.6303405761719
2021-12-30,389.46295166015625
2021-12-31,387.0309753417969
2022-01-03,390.7568359375
2022-01-04,385.6884765625
2022-01-05,373.8397521972656
2022-01-06,373.5770263671875
2022-01-07,369.5301513671875
2022-01-10,369.7733459472656
2022-01-11,375.32806396484375
2022-01-12,376.81640625
2022-01-13,367.3900451660156
2022-01-14,369.67608642578125
2022-01-18,360.4733581542969
2022-01-19,356.5140075683594
2022-01-20,351.88348388671875
2022-01-21,342.1261291503906
2022-01-24,343.6923828125
2022-01-25,335.72515869140625
2022-01-26,335.1998596191406
2022-01-27,331.82421875
2022-01-28,342.233154296875
2022-01-31,353.17724609375
2022-02-01,355.5801086425781
2022-02-02,358.4693298339844
2022-02-03,343.93560791015625
2022-02-04,348.2744140625
2022-02-07,345.47265625
2022-02-08,349.3542175292969
2022-02-09,356.75726318359375
2022-02-10,348.6829528808594
2022-02-11,337.62213134765625
2022-02-14,338.0404357910156
2022-02-15,346.4454650878906
2022-02-16,346.35791015625
2022-02-17,336.055908203125
2022-02-18,332.2230224609375
2022-02-22,328.88629150390625
2022-02-23,320.4618835449219
2022-02-24,331.23077392578125
2022-02-25,336.3671569824219
2022-02-28,337.3691711425781
2022-03-01,332.20361328125
2022-03-02,337.7777099609375
2022-03-03,332.95269775390625
2022-03-04,328.1275329589844
2022-03-07,316.0257873535156
2022-03-08,314.55694580078125
2022-03-09,325.8802795410156
2022-03-10,322.2615051269531
2022-03-11,315.5783996582031
2022-03-14,309.5177917480469
2022-03-15,319.2263488769531
2022-03-16,331.0653991699219
2022-03-17,335.0733642578125
2022-03-18,341.9316101074219
2022-03-21,340.98101806640625
2022-03-22,347.6822204589844
2022-03-23,342.6855773925781
2022-03-24,350.3022766113281
2022-03-25,350.0101013183594
2022-03-28,355.4256286621094
2022-03-29,361.5423889160156
2022-03-30,357.5489501953125
2022-03-31,353.1172180175781
2022-04-01,352.4451599121094
2022-04-04,359.7015075683594
2022-04-05,351.71466064453125
2022-04-06,344.07843017578125
2022-04-07,344.8966064453125
2022-04-08,340.0751953125
2022-04-11,332.0298767089844
2022-04-12,330.6273193359375
2022-04-13,337.34796142578125
2022-04-14,329.6338195800781
2022-04-18,329.8870544433594
2022-04-19,337.2603454589844
2022-04-20,332.3414611816406
2022-04-21,325.465087890625
2022-04-22,316.9424133300781
2022-04-25,321.0137939453125
2022-04-26,308.897216796875
2022-04-27,308.52703857421875
2022-04-28,319.4847106933594
2022-04-29,305.1082763671875
2022-05-02,310.20233154296875
2022-05-03,310.53350830078125
2022-05-04,321.0332946777344
2022-05-05,304.86474609375
2022-05-06,301.2122497558594
2022-05-09,289.4267578125
2022-05-10,292.9429016113281
2022-05-11,284.2547607421875
2022-05-12,283.5827331542969
2022-05-13,294.0921936035156
2022-05-16,290.6832275390625
2022-05-17,298.2123107910156
2022-05-18,283.572998046875
2022-05-19,282.05352783203125
2022-05-20,281.1769104003906
2022-05-23,285.8521728515625
2022-05-24,279.7742919921875
2022-05-25,283.6898193359375
2022-05-26,291.5500793457031
2022-05-27,301.0661315917969
2022-05-31,300.2674255371094
2022-06-01,298.0467224121094
2022-06-02,306.20892333984375
2022-06-03,298.2415466308594
2022-06-06,299.2349853515625
2022-06-07,301.8161315917969
2022-06-08,299.64410400390625
2022-06-09,291.61822509765625
2022-06-10,281.33270263671875
2022-06-13,268.25177001953125
2022-06-14,268.73883056640625
2022-06-15,275.44970703125
2022-06-16,264.33636474609375
2022-06-17,267.55047607421875
2022-06-21,274.3006896972656
2022-06-22,273.9005432128906
2022-06-23,277.9797668457031
2022-06-24,287.5043640136719
2022-06-27,285.39642333984375
2022-06-28,276.70135498046875
2022-06-29,276.95501708984375
2022-06-30,273.5199279785156
2022-07-01,275.3253173828125
2022-07-05,280.0388488769531
2022-07-06,281.83441162109375
2022-07-07,287.86541748046875
2022-07-08,288.2264709472656
2022-07-11,282.0687255859375
2022-07-12,279.3362121582031
2022-07-13,278.7604675292969
2022-07-14,279.7559509277344
2022-07-15,284.8304443359375
2022-07-18,282.41998291015625
2022-07-19,291.10540771484375
2022-07-20,295.7212219238281
2022-07-21,299.9664001464844
2022-07-22,294.7063293457031
2022-07-25,293.0278015136719
2022-07-26,287.2701110839844
2022-07-27,299.41009521484375
2022-07-28,302.33770751953125
2022-07-29,307.8514404296875
2022-08-01,307.6659851074219
2022-08-02,306.748779296875
2022-08-03,315.1023254394531
2022-08-04,316.575927734375
2022-08-05,313.98974609375
2022-08-08,312.9748840332031
2022-08-09,309.432373046875
2022-08-10,318.0689697265625
2022-08-11,316.2635498046875
2022-08-12,322.4214172363281
2022-08-15,325.0269775390625
2022-08-16,324.2657775878906
2022-08-17,320.5671691894531
2022-08-18,321.338134765625
2022-08-19,315.07293701171875
2022-08-22,306.7779846191406
2022-08-23,306.5242614746094
2022-08-24,307.4123840332031
2022-08-25,312.8479309082031
2022-08-26,300.0249328613281
2022-08-29,297.0679626464844
2022-08-30,293.7597351074219
2022-08-31,292.05194091796875
2022-09-01,292.17877197265625
2022-09-02,288.05078125
2022-09-06,285.9819030761719
2022-09-07,291.7591857910156
2022-09-08,293.27178955078125
2022-09-09,299.6833801269531
2022-09-12,303.2453308105469
2022-09-13,286.6163330078125
2022-09-14,288.89013671875
2022-09-15,284.0789794921875
2022-09-16,282.34197998046875
2022-09-19,284.54058837890625
2022-09-20,282.2725524902344
2022-09-21,277.2181396484375
2022-09-22,273.80621337890625
2022-09-23,269.34820556640625
2022-09-26,268.23370361328125
2022-09-27,268.34130859375
2022-09-28,273.67913818359375
2022-09-29,265.78961181640625
2022-09-30,261.28271484375
2022-10-03,267.4123840332031
2022-10-04,275.8200988769531
2022-10-05,275.6734924316406
2022-10-06,273.50311279296875
2022-10-07,263.08154296875
2022-10-10,260.45172119140625
2022-10-11,256.8735656738281
2022-10-12,256.7855529785156
2022-10-13,262.8078308105469
2022-10-14,254.90850830078125
2022-10-17,263.32598876953125
2022-10-18,265.4083557128906
2022-10-19,264.44049072265625
2022-10-20,263.09130859375
2022-10-21,269.26025390625
2022-10-24,272.2224426269531
2022-10-25,277.8536071777344
2022-10-26,271.71405029296875
2022-10-27,266.7672424316406
2022-10-28,274.93048095703125
2022-10-31,271.733642578125
2022-11-01,268.9570617675781
2022-11-02,259.7380065917969
2022-11-03,254.66412353515625
2022-11-04,258.7604675292969
2022-11-07,261.60528564453125
2022-11-08,263.5116882324219
2022-11-09,257.4308776855469
2022-11-10,276.42620849609375
2022-11-11,281.5197448730469
2022-11-14,279.05615234375
2022-11-15,282.9178466796875
2022-11-16,279.05615234375
2022-11-17,278.4401550292969
2022-11-18,278.45001220703125
2022-11-21,275.5855407714844
2022-11-22,279.5546875
2022-11-23,282.3605041503906
2022-11-25,280.5030517578125
2022-11-28,276.3871154785156
2022-11-29,274.2950134277344
2022-11-30,286.7989501953125
2022-12-01,287.1509704589844
2022-12-02,286.007080078125
2022-12-05,281.20697021484375
2022-12-06,275.3802185058594
2022-12-07,274.25592041015625
2022-12-08,277.5016174316406
2022-12-09,275.73211669921875
2022-12-12,279.1929626464844
2022-12-13,282.1942138671875
2022-12-14,280.1021728515625
2022-12-15,270.6973876953125
2022-12-16,268.1163635253906
2022-12-19,264.34832763671875
2022-12-20,264.1425476074219
2022-12-21,267.974365234375
2022-12-22,261.4182434082031
2022-12-23,262.0061950683594
2022-12-27,258.30194091796875
2022-12-28,254.8916015625
2022-12-29,261.10467529296875
2022-12-30,260.94781494140625
2023-01-03,259.1838684082031
2023-01-04,260.4186706542969
2023-01-05,256.34197998046875
2023-01-06,263.4173278808594
2023-01-09,265.12255859375
2023-01-10,267.36669921875
2023-01-11,271.9921875
2023-01-12,273.4621276855469
2023-01-13,275.34368896484375
2023-01-17,275.9023132324219
2023-01-18,272.3155517578125
2023-01-19,269.6402282714844
2023-01-20,277.01947021484375
2023-01-23,283.1737060546875
2023-01-24,282.59552001953125
2023-01-25,281.96826171875
2023-01-26,287.4659729003906
2023-01-27,290.3275451660156
2023-01-30,284.45745849609375
2023-01-31,288.7203369140625
2023-02-01,294.89422607421875
2023-02-02,305.4779052734375
2023-02-03,300.04888916015625
2023-02-06,297.5107727050781
2023-02-07,303.6748046875
2023-02-08,298.27508544921875
2023-02-09,295.63897705078125
2023-02-10,293.6986389160156
2023-02-13,298.4024963378906
2023-02-14,300.60748291015625
2023-02-15,302.9103698730469
2023-02-16,297.2265319824219
2023-02-17,295.12939453125
2023-02-21,288.14227294921875
2023-02-22,288.3577575683594
2023-02-23,290.8763122558594
2023-02-24,286.00579833984375
2023-02-27,288.0539855957031
2023-02-28,287.68157958984375
2023-03-01,285.3687744140625
2023-03-02,287.7305908203125
2023-03-03,293.6789855957031
2023-03-06,294.01214599609375
2023-03-07,290.40594482421875
2023-03-08,291.85626220703125
2023-03-09,286.7995910644531
2023-03-10,282.7718811035156
2023-03-13,284.86907958984375
2023-03-14,291.415283203125
2023-03-15,292.9440612792969
2023-03-16,300.6662292480469
2023-03-17,299.24530029296875
2023-03-20,300.3072814941406
2023-03-21,304.59637451171875
2023-03-22,300.4544372558594
2023-03-23,304.017333984375
2023-03-24,305.13629150390625
2023-03-27,303.045654296875
2023-03-28,301.43597412109375
2023-03-29,306.932373046875
2023-03-30,309.8375549316406
2023-03-31,314.9903869628906
2023-04-03,314.2248840332031
2023-04-04,313.1648254394531
2023-04-05,310.07318115234375
2023-04-06,312.1636962890625
2023-04-10,311.9870300292969
2023-04-11,309.9847412109375
2023-04-12,307.24639892578125
2023-04-13,313.2629699707031
2023-04-14,312.674072265625
2023-04-17,312.9390563964844
2023-04-18,312.9586486816406
2023-04-19,312.8115234375
2023-04-20,310.4264221191406
2023-04-21,310.7503356933594
2023-04-24,310.1025695800781
2023-04-25,304.25286865234375
2023-04-26,306.09808349609375
2023-04-27,314.4211120605469
2023-04-28,316.5902099609375
2023-05-01,316.22705078125
2023-05-02,313.46905517578125
2023-05-03,311.417724609375
2023-05-04,310.3185119628906
2023-05-05,316.9141540527344
2023-05-08,317.6993408203125
2023-05-09,315.6872863769531
2023-05-10,319.1225280761719
2023-05-11,320.16290283203125
2023-05-12,319.0145263671875
2023-05-15,320.7419738769531
2023-05-16,321.1050720214844
2023-05-17,324.99176025390625
2023-05-18,331.0279541015625
2023-05-19,330.2820739746094
2023-05-22,331.3911437988281
2023-05-23,327.19036865234375
2023-05-24,325.5119934082031
2023-05-25,333.4326171875
2023-05-26,341.9520263671875
2023-05-30,343.5027770996094
2023-05-31,341.5495300292969
2023-06-01,345.4952087402344
2023-06-02,348.0862731933594
2023-06-05,348.33172607421875
2023-06-06,348.2727966308594
2023-06-07,342.3642578125
2023-06-08,346.61407470703125
2023-06-09,347.9390869140625
2023-06-12,353.8182067871094
2023-06-13,356.5369567871094
2023-06-14,359.1280822753906
2023-06-15,363.4074401855469
2023-06-16,361.1205749511719
2023-06-20,360.60357666015625
2023-06-21,355.68939208984375
2023-06-22,359.8861389160156
2023-06-23,356.3183898925781
2023-06-26,351.5417785644531
2023-06-27,357.5862121582031
2023-06-28,358.28411865234375
2023-06-29,357.56658935546875
2023-06-30,363.08038330078125
2023-07-03,363.9354248046875
2023-07-05,363.925537109375
2023-07-06,361.1540222167969
2023-07-07,359.9549255371094
2023-07-10,360.0727844238281
2023-07-11,361.8517761230469
2023-07-12,366.4220275878906
2023-07-13,372.6433410644531
2023-07-14,372.5647277832031
2023-07-17,376.0439758300781
2023-07-18,379.1202697753906
2023-07-19,379.03179931640625
2023-07-20,370.29437255859375
2023-07-21,369.18377685546875
2023-07-24,369.7734680175781
2023-07-25,372.2796936035156
2023-07-26,371.04132080078125
2023-07-27,370.1568298339844
2023-07-28,376.8990478515625
2023-07-31,377.0956115722656
2023-08-01,376.220947265625
2023-08-02,367.965087890625
2023-08-03,367.37530517578125
2023-08-04,365.6553955078125
2023-08-07,368.7513122558594
2023-08-08,365.61602783203125
2023-08-09,361.5962829589844
2023-08-10,362.2645568847656
2023-08-11,359.9549255371094
2023-08-14,363.9943542480469
2023-08-15,360.1318054199219
2023-08-16,356.3183898925781
2023-08-17,352.4263916015625
2023-08-18,351.9841003417969
2023-08-21,357.65509033203125
2023-08-22,357.14398193359375
2023-08-23,362.775634765625
2023-08-24,355.02105712890625
2023-08-25,357.77294921875
2023-08-28,360.4659729003906
2023-08-29,368.33843994140625
2023-08-30,370.3927001953125
2023-08-31,371.50323486328125
2023-09-01,371.1101379394531
2023-09-05,371.5819091796875
2023-09-06,368.30908203125
2023-09-07,365.6750183105469
2023-09-08,366.18609619140625
2023-09-11,370.50079345703125
2023-09-12,366.3924865722656
2023-09-13,367.7881164550781
2023-09-14,370.795654296875
2023-09-15,364.4465026855469
2023-09-18,364.826416015625
2023-09-19,364.048828125
2023-09-20,358.802734375
2023-09-21,352.2278137207031
2023-09-22,352.2770690917969
2023-09-25,353.95025634765625
2023-09-26,348.63531494140625
2023-09-27,349.4522705078125
2023-09-28,352.3755187988281
2023-09-29,352.6313781738281
2023-10-02,355.5743408203125
2023-10-03,349.3341369628906
2023-10-04,354.0881042480469
2023-10-05,353.0447692871094
2023-10-06,358.9602355957031
2023-10-09,360.7908935546875
2023-10-10,362.7889709472656
2023-10-11,365.3775939941406
2023-10-12,364.10784912109375
2023-10-13,359.5310363769531
2023-10-16,363.5960998535156
2023-10-17,362.4051513671875
2023-10-18,357.6511535644531
2023-10-19,354.3046569824219
2023-10-20,349.0191955566406
2023-10-23,350.0723876953125
2023-10-24,353.4778747558594
2023-10-25,344.8262023925781
2023-10-26,338.25140380859375
2023-10-27,339.8753356933594
2023-10-30,343.7041931152344
2023-10-31,345.3478698730469
2023-11-01,351.3420104980469
2023-11-02,357.7200012207031
2023-11-03,361.92279052734375
2023-11-06,363.39923095703125
2023-11-07,366.8343811035156
2023-11-08,367.070556640625
2023-11-09,364.2456359863281
2023-11-10,372.4347839355469
2023-11-13,371.2732849121094
2023-11-14,379.2655334472656
2023-11-15,379.55096435546875
2023-11-16,379.8757629394531
2023-11-17,379.9643249511719
2023-11-20,384.5903625488281
2023-11-21,382.35614013671875
2023-11-22,383.9210510253906
2023-11-24,383.3796691894531
2023-11-27,383.0450744628906
2023-11-28,384.0490417480469
2023-11-29,383.6750183105469
2023-11-30,382.7104797363281
2023-12-01,383.8029479980469
2023-12-04,380.2399597167969
2023-12-05,381.1946716308594
2023-12-06,378.98992919921875
2023-12-07,384.2852783203125
2023-12-08,385.9978942871094
2023-12-11,389.2951354980469
2023-12-12,392.3955993652344
2023-12-13,397.3857421875
2023-12-14,397.041259765625
2023-12-15,398.9606018066406
2023-12-18,401.47344970703125
2023-12-19,403.5248718261719
2023-12-20,397.5285949707031
2023-12-21,402.1540222167969
2023-12-22,402.755615234375
2023-12-26,405.22119140625
2023-12-27,406.0460510253906
2023-12-28,405.8487243652344
2023-12-29,404.0923156738281
2024-01-02,397.25421142578125
2024-01-03,393.0506286621094
2024-01-04,391.0278015136719
2024-01-05,391.4916076660156
2024-01-08,399.5829162597656
2024-01-09,400.372314453125
2024-01-10,403.08587646484375
2024-01-11,403.92462158203125
2024-01-12,404.1318359375
2024-01-16,404.0923156738281
2024-01-17,401.8130187988281
2024-01-18,407.516357421875
2024-01-19,415.5978088378906
2024-01-22,416.1405029296875
2024-01-23,417.86737060546875
2024-01-24,420.1861877441406
2024-01-25,420.69927978515625
2024-01-26,418.19293212890625
2024-01-29,422.47540283203125
2024-01-30,419.66314697265625
2024-01-31,411.443603515625
2024-02-01,416.2885437011719
2024-02-02,423.32403564453125
2024-02-05,422.7714538574219
2024-02-06,421.9228210449219
2024-02-07,426.2645263671875
2024-02-08,427.0539245605469
2024-02-09,431.2574462890625
2024-02-12,429.5700988769531
2024-02-13,422.8701171875
2024-02-14,427.4782409667969
2024-02-15,428.75115966796875
2024-02-16,424.8634033203125
2024-02-20,421.6564636230469
2024-02-21,419.9690856933594
2024-02-22,432.26397705078125
2024-02-23,430.9910583496094
2024-02-26,430.7641296386719
2024-02-27,431.8001708984375
2024-02-28,429.5010986328125
2024-02-29,433.1816101074219
2024-03-01,439.7039794921875
2024-03-04,438.1351318359375
2024-03-05,430.2707824707031
2024-03-06,432.97442626953125
2024-03-07,439.546142578125
2024-03-08,433.2013854980469
2024-03-11,431.593017578125
2024-03-12,437.77984619140625
2024-03-13,434.41510009765625
2024-03-14,433.31976318359375
2024-03-15,428.1689453125
2024-03-18,432.2525634765625
2024-03-19,433.32958984375
2024-03-20,438.4674072265625
2024-03-21,440.5423278808594
2024-03-22,441.0462341308594
2024-03-25,439.4456481933594
2024-03-26,438.0228271484375
2024-03-27,439.5147399902344
2024-03-28,438.70452880859375
2024-04-01,439.6333312988281
2024-04-02,435.8392028808594
2024-04-03,436.8173828125
2024-04-04,430.13812255859375
2024-04-05,435.2068176269531
2024-04-08,435.3353576660156
2024-04-09,436.9458312988281
2024-04-10,433.1319274902344
2024-04-11,440.0483093261719
2024-04-12,433.0331115722656
2024-04-15,425.9092712402344
2024-04-16,425.9488220214844
2024-04-17,420.75164794921875
2024-04-18,418.35064697265625
2024-04-19,409.69537353515625
2024-04-22,413.8155212402344
2024-04-23,419.9909362792969
2024-04-24,421.4136962890625
2024-04-25,419.3782958984375
2024-04-26,425.85003662109375
2024-04-29,427.5791015625
2024-04-30,419.5166015625
2024-05-01,416.4832763671875
2024-05-02,421.7989807128906
2024-05-03,430.2764587402344
2024-05-06,434.989501953125
2024-05-07,435.0586242675781
2024-05-08,434.8017272949219
2024-05-09,435.75030517578125
2024-05-10,436.7778625488281
2024-05-13,437.78564453125
2024-05-14,440.60162353515625
2024-05-15,447.4883728027344
2024-05-16,446.579345703125
2024-05-17,446.3619384765625
2024-05-20,449.4743347167969
2024-05-21,450.3536376953125
2024-05-22,450.2647705078125
2024-05-23,448.2392578125
2024-05-24,452.47802734375
2024-05-28,454.18731689453125
2024-05-29,450.9859924316406
2024-05-30,446.1544494628906
2024-05-31,445.3244934082031
2024-06-03,447.715576171875
2024-06-04,448.9407043457031
2024-06-05,457.99127197265625
2024-06-06,457.833251953125
2024-06-07,457.4281311035156
2024-06-10,459.2757263183594
2024-06-11,462.4276123046875
2024-06-12,468.4843444824219
2024-06-13,471.0237121582031
2024-06-14,473.46417236328125
2024-06-17,479.2640686035156
2024-06-18,479.4122619628906
2024-06-20,475.7169189453125
2024-06-21,474.4423828125
2024-06-24,469.0409851074219
2024-06-25,474.4047546386719
2024-06-26,475.3844909667969
2024-06-27,476.611572265625
2024-06-28,474.1375732421875
2024-07-01,476.9183654785156
2024-07-02,481.9259033203125
2024-07-03,485.9437255859375
2024-07-05,491.0105895996094
2024-07-08,492.1783752441406
2024-07-09,492.6039123535156
2024-07-10,497.7400207519531
2024-07-11,486.82452392578125
2024-07-12,489.6845397949219
2024-07-15,491.0007019042969
2024-07-16,491.1887512207031
2024-07-17,476.76995849609375
2024-07-18,474.5135803222656
2024-07-19,470.3077087402344
2024-07-22,477.31427001953125
2024-07-23,475.6319274902344
2024-07-24,458.5708312988281
2024-07-25,453.51385498046875
2024-07-26,458.1650390625
2024-07-29,459.08538818359375
2024-07-30,452.781494140625
2024-07-31,466.1810607910156
2024-08-01,454.889404296875
2024-08-02,444.0926513671875
2024-08-05,430.8514709472656
2024-08-06,434.96832275390625
2024-08-07,430.25775146484375
2024-08-08,443.41973876953125
2024-08-09,445.7354431152344
2024-08-12,446.6953430175781
2024-08-13,457.7790832519531
2024-08-14,457.92755126953125
2024-08-15,469.4962463378906
2024-08-16,470.0998840332031
2024-08-19,476.275146484375
2024-08-20,475.275634765625
2024-08-21,477.49237060546875
2024-08-22,469.9217834472656
2024-08-23,475.0182800292969
2024-08-26,470.4067077636719
2024-08-27,471.81195068359375
2024-08-28,466.4580993652344
2024-08-29,465.7752685546875
2024-08-30,471.3270263671875
2024-09-03,457.0171203613281
2024-09-04,455.8295593261719
2024-09-05,456.2550964355469
2024-09-06,444.0332946777344
2024-09-09,449.7433776855469
2024-09-10,453.8998107910156
2024-09-11,463.7564392089844
2024-09-12,468.3087463378906
2024-09-13,470.4067077636719
2024-09-16,468.3284912109375
2024-09-17,468.5758972167969
2024-09-18,466.54718017578125
2024-09-19,478.34344482421875
2024-09-20,477.43304443359375
2024-09-23,478.69854736328125
2024-09-24,481.007568359375
2024-09-25,481.4535217285156
2024-09-26,485.07073974609375
2024-09-27,482.37518310546875
2024-09-30,483.683349609375
2024-10-01,476.94439697265625
2024-10-02,477.6183776855469
2024-10-03,477.26153564453125
2024-10-04,482.9400329589844
2024-10-07,477.7669677734375
2024-10-08,484.9022216796875
2024-10-09,488.7176513671875
2024-10-10,488.1626892089844
2024-10-11,488.92572021484375
2024-10-14,493.0285339355469
2024-10-15,486.4383239746094
2024-10-16,486.4977722167969
2024-10-17,486.8347473144531
2024-10-18,490.0257568359375
2024-10-21,490.96722412109375
2024-10-22,491.5024108886719
2024-10-23,483.970703125
2024-10-24,487.8951110839844
2024-10-25,490.8681335449219
2024-10-28,490.9474182128906
2024-10-29,495.6646728515625
2024-10-30,491.9186096191406
2024-10-31,479.5012512207031
2024-11-01,483.0490417480469
2024-11-04,481.641845703125
2024-11-05,487.78607177734375
2024-11-06,501.035888671875
2024-11-07,508.92431640625
2024-11-08,509.5190124511719
2024-11-11,509.22174072265625
2024-11-12,508.3000183105469
2024-11-13,507.6459655761719
2024-11-14,504.11798095703125
2024-11-15,492.1069030761719
2024-11-18,495.5259094238281
2024-11-19,498.93499755859375
2024-11-20,498.64764404296875
2024-11-21,500.44134521484375
2024-11-22,501.2440185546875
2024-11-25,502.0368347167969
2024-11-26,504.732421875
2024-11-27,500.7584228515625
2024-11-29,505.15850830078125
2024-12-02,510.6585998535156
2024-12-03,512.2244262695312
2024-12-04,518.5570068359375
2024-12-05,517.1199951171875
2024-12-06,521.748046875
2024-12-09,517.6849365234375
2024-12-10,515.9208374023438
2024-12-11,525.1571044921875
2024-12-12,521.7679443359375
2024-12-13,525.7616577148438
2024-12-16,533.3329467773438
2024-12-17,530.9842529296875
2024-12-18,511.8280334472656
2024-12-19,509.54876708984375
2024-12-20,513.9983520507812
2024-12-23,519.0060424804688
2024-12-24,526.043701171875
2024-12-26,525.6863403320312
2024-12-27,518.6983032226562
2024-12-30,511.7997131347656
2024-12-31,507.45208740234375
2025-01-02,506.4595031738281
2025-01-03,514.747802734375
2025-01-06,520.6636962890625
2025-01-07,511.3728942871094
2025-01-08,511.4622497558594
2025-01-10,503.44195556640625
2025-01-13,501.8240051269531
2025-01-14,501.3475341796875
2025-01-15,512.8816528320312
2025-01-16,509.2884826660156
2025-01-17,517.8843994140625
2025-01-21,520.9218139648438
2025-01-22,527.5823364257812
2025-01-23,528.703857421875
2025-01-24,525.716064453125
2025-01-27,510.41015625
2025-01-28,517.953857421875
2025-01-29,516.981201171875
2025-01-30,519.1846313476562
2025-01-31,518.4302978515625
2025-02-03,514.2813110351562
2025-02-04,520.59423828125
2025-02-05,522.9566650390625
2025-02-06,525.6863403320312
2025-02-07,519.0557250976562
2025-02-10,525.3389892578125
2025-02-11,524.0882568359375
2025-02-12,524.39599609375
2025-02-13,531.9398193359375
2025-02-14,534.1732177734375
2025-02-18,535.3840942382812
2025-02-19,535.5330810546875
2025-02-20,533.2598876953125
2025-02-21,522.1924438476562
2025-02-24,516.0282592773438
2025-02-25,509.5266418457031
2025-02-26,510.7574768066406
2025-02-27,496.57305908203125
2025-02-28,504.41473388671875
2025-03-03,493.37689208984375
2025-03-04,491.8879699707031
2025-03-05,498.30023193359375
2025-03-06,484.5923156738281
2025-03-07,488.15582275390625
2025-03-10,469.2366638183594
2025-03-11,468.114990234375
2025-03-12,473.3956604003906
2025-03-13,464.87908935546875
2025-03-14,476.11541748046875
2025-03-17,479.2024230957031
2025-03-18,471.0332946777344
2025-03-19,477.3363342285156
2025-03-20,475.7184143066406
2025-03-21,477.28668212890625
2025-03-24,487.76043701171875
2025-03-25,490.5438537597656
2025-03-26,481.51751708984375
2025-03-27,478.7738342285156
2025-03-28,466.16876220703125
2025-03-31,466.14892578125
2025-04-01,469.90655517578125
2025-04-02,473.3362121582031
2025-04-03,447.9967956542969
2025-04-04,420.1722106933594
2025-04-07,421.1861572265625
2025-04-08,413.60125732421875
2025-04-09,463.2461242675781
2025-04-10,443.5432434082031
2025-04-11,451.71466064453125
2025-04-14,454.7764892578125
2025-04-15,455.2834777832031
2025-04-16,441.5550537109375
2025-04-17,441.4755859375
2025-04-21,430.5505065917969
2025-04-22,441.85333251953125
2025-04-23,451.8737487792969
2025-04-24,464.5881652832031
2025-04-25,469.7673645019531
2025-04-28,469.61822509765625
2025-04-29,472.7198486328125
2025-04-30,472.6601867675781
2025-05-01,478.8334655761719
2025-05-02,485.94122314453125
2025-05-05,483.058349609375
2025-05-06,478.5650634765625
2025-05-07,480.44390869140625
2025-05-08,485.4044189453125
2025-05-09,485.0863037109375
2025-05-12,504.8488464355469
2025-05-13,512.5431518554688
2025-05-14,515.6148681640625
2025-05-15,516.1814575195312
2025-05-16,518.4281005859375
2025-05-19,518.9252319335938
2025-05-20,517.1954345703125
2025-05-21,510.00811767578125
2025-05-22,510.9624938964844
2025-05-23,506.2305908203125
2025-05-27,518.1397705078125
2025-05-28,515.8433837890625
2025-05-29,516.8574829101562
2025-05-30,516.0422973632812
2025-06-02,520.1180419921875
2025-06-03,524.183837890625
2025-06-04,525.645263671875
2025-06-05,521.688720703125
2025-06-06,526.7883911132812
2025-06-09,527.5638427734375
2025-06-10,531.0531005859375
2025-06-11,529.263671875
2025-06-12,530.5062255859375
2025-06-13,523.845947265625
2025-06-16,531.132568359375
2025-06-17,525.9534301757812
2025-06-18,525.8638305664062
2025-06-20,523.7166748046875
2025-06-23,529.1017456054688
2025-06-24,537.1927490234375
2025-06-25,538.5661010742188
2025-06-26,543.601806640625
2025-06-27,545.4630126953125
2025-06-30,548.9959106445312
2025-07-01,544.3682861328125
2025-07-02,548.159912109375
2025-07-03,553.553955078125
2025-07-07,549.3840942382812
2025-07-08,549.6925048828125
2025-07-09,553.5838012695312
2025-07-10,552.7876586914062
2025-07-11,551.5436401367188
2025-07-14,553.5440673828125
2025-07-15,554.051513671875
2025-07-16,554.6187744140625
2025-07-17,559.1072998046875
2025-07-18,558.56982421875
2025-07-21,561.4658813476562
2025-07-22,558.559814453125
2025-07-23,561.1075439453125
2025-07-24,562.3018798828125
2025-07-25,563.6553344726562
2025-07-28,565.4168701171875
2025-07-29,564.541015625
2025-07-30,565.2974853515625
2025-07-31,562.3018798828125
2025-08-01,551.2252197265625
2025-08-04,561.3961181640625
2025-08-05,557.5845947265625
2025-08-06,564.6007690429688
2025-08-07,566.5115356445312
2025-08-08,571.7960815429688
2025-08-11,570.104248046875
2025-08-12,577.2697143554688
2025-08-13,577.558349609375
2025-08-14,577.110595703125
2025-08-15,574.57275390625
2025-08-18,574.34375
2025-08-19,566.5514526367188
2025-08-20,563.1876220703125
2025-08-21,560.5802001953125
2025-08-22,569.2284545898438
2025-08-25,567.5863647460938
2025-08-26,569.8654174804688
2025-08-27,570.7412109375
2025-08-28,574.3140258789062
2025-08-29,567.6660766601562
2025-09-02,562.9088745117188
2025-09-03,567.3375854492188
2025-09-04,572.4728393554688
2025-09-05,573.298828125
2025-09-08,576.0953979492188
2025-09-09,577.7275390625
2025-09-10,577.9166870117188
2025-09-11,581.2804565429688
2025-09-12,583.8480224609375
2025-09-15,588.843994140625
2025-09-16,588.3463745117188
2025-09-17,587.1720581054688
2025-09-18,592.4666137695312
2025-09-19,596.4772338867188
2025-09-22,600.0083618164062
2025-09-23,596.0228881835938
2025-09-24,593.9305419921875
2025-09-25,591.3699340820312
2025-09-26,593.8009643554688
2025-09-29,596.5509643554688
2025-09-30,598.1849975585938
2025-10-01,601.0545043945312
2025-10-02,603.5255126953125
2025-10-03,600.9848022460938
2025-10-06,605.498291015625
2025-10-07,602.3099975585938
2025-10-08,609.2147216796875
2025-10-09,608.4774169921875
2025-10-10,587.3545532226562
2025-10-13,599.8190307617188
2025-10-14,595.8236694335938
2025-10-15,600.0282592773438
2025-10-16,597.806396484375
2025-10-17,601.7320556640625
2025-10-20,609.3143310546875
2025-10-21,609.1549072265625
2025-10-22,603.286376953125
2025-10-23,608.35791015625
2025-10-24,614.8540649414062
2025-10-27,625.80419921875
2025-10-28,630.6165161132812
2025-10-29,633.4561767578125
2025-10-30,623.7715454101562
2025-10-31,626.7805786132812
2025-11-03,629.7796630859375
2025-11-04,616.996337890625
2025-11-05,621.0116577148438
2025-11-06,609.44384765625
2025-11-07,607.5209350585938
2025-11-10,620.9617919921875
2025-11-11,619.307861328125
2025-11-12,618.8196411132812
2025-11-13,606.1858520507812
2025-11-14,606.64404296875
2025-11-17,601.4630126953125
2025-11-18,594.1397705078125
2025-11-19,597.6868286132812
2025-11-20,583.5385131835938
2025-11-21,587.9224853515625
2025-11-24,602.9575805664062
2025-11-25,606.674072265625
2025-11-26,612.034423828125
2025-11-28,616.996337890625
2025-12-01,614.923828125
2025-12-02,619.7362670898438
2025-12-03,621.2507934570312
2025-12-04,620.6728515625
2025-12-05,623.2036743164062
2025-12-08,622.0079956054688
2025-12-09,622.7752075195312
2025-12-10,625.3258666992188
2025-12-11,623.3033447265625
2025-12-12,611.3867797851562
2025-12-15,608.3179931640625
2025-12-16,609.5235595703125
2025-12-17,598.2247924804688
2025-12-18,606.8931884765625
2025-12-19,614.8042602539062
2025-12-22,617.7513427734375
2025-12-23,620.6444702148438
2025-12-24,622.460205078125
2025-12-26,622.4203491210938
2025-12-29,619.4074096679688
2025-12-30,617.9707641601562
2025-12-31,612.8628540039062
2026-01-02,611.6756591796875
2026-01-05,616.5341796875
2026-01-06,621.951416015625
2026-01-07,622.550048828125
2026-01-08,619.0083618164062
2026-01-09,625.173828125
2026-01-12,625.6925659179688
2026-01-13,624.7647705078125
2026-01-14,618.0905151367188
2026-01-15,620.3153076171875
2026-01-16,619.7965087890625
2026-01-20,606.6276245117188
2026-01-21,614.8282470703125
2026-01-22,619.2976684570312
2026-01-23,621.2530517578125
2026-01-26,623.9866333007812
2026-01-27,629.6432495117188
2026-01-28,631.728271484375
2026-01-29,627.9472045898438
2026-01-30,620.405029296875
2026-02-02,624.6650390625
2026-02-03,615.0676879882812
2026-02-04,604.322998046875
2026-02-05,595.6235961914062
2026-02-06,608.2138671875
2026-02-09,612.8728637695312
2026-02-10,610.029541015625
2026-02-11,611.6657104492188
2026-02-12,599.22509765625
2026-02-13,600.5020141601562
2026-02-17,599.8834838867188
2026-02-18,604.3629760742188
2026-02-19,602.04833984375
2026-02-20,607.3757934570312
2026-02-23,599.9932250976562
2026-02-24,606.4380493164062
2026-02-25,615.227294921875
2026-02-26,607.8048095703125
2026-02-27,605.8594360351562
2026-03-02,606.6575317382812
2026-03-03,600.162841796875
2026-03-04,609.3112182617188
2026-03-05,607.4755859375
2026-03-06,598.337158203125
2026-03-09,606.3283081054688
2026-03-10,606.3383178710938
2026-03-11,606.2584228515625
2026-03-12,595.85302734375
2026-03-13,592.3213500976562
2026-03-16,598.9656982421875
2026-03-17,601.8887939453125
2026-03-18,593.4986572265625
2026-03-19,591.623046875
2026-03-20,580.6888427734375
2026-03-23,587.3545532226562
2026-03-24,583.3389282226562
2026-03-25,587.1747436523438
2026-03-26,573.1600952148438
2026-03-27,561.9624633789062
2026-03-30,557.6671752929688
2026-03-31,576.54638671875
2026-04-01,583.6685791015625
2026-04-02,584.3378295898438
2026-04-06,587.85400390625
2026-04-07,587.9439086914062
2026-04-08,605.4246826171875
2026-04-09,609.5202026367188
2026-04-10,610.3992309570312
2026-04-13,616.7122802734375
2026-04-14,627.909912109375
2026-04-15,636.7003173828125
2026-04-16,639.7669067382812
2026-04-17,648.1376953125
2026-04-20,646.0799560546875
2026-04-21,643.6226806640625
2026-04-22,654.390869140625
2026-04-23,650.7048950195312
2026-04-24,663.1512451171875
2026-04-27,663.5008544921875
2026-04-28,656.8281860351562
2026-04-29,660.84375
2026-04-30,667.0069580078125
2026-05-01,673.4099731445312
2026-05-04,672.141357421875
2026-05-05,680.8617553710938
2026-05-06,695.0062255859375
2026-05-07,694.1771240234375
2026-05-08,710.44921875
2026-05-11,712.5069580078125
2026-05-12,706.463623046875
2026-05-13,713.9254760742188
2026-05-14,718.9998168945312
2026-05-15,708.1517944335938
2026-05-18,705.1051025390625
2026-05-19,700.7599487304688
2026-05-20,712.3671875
2026-05-21,713.7256469726562
2026-05-22,716.7523193359375
2026-05-26,729.4783935546875
2026-05-27,728.6492919921875
2026-05-28,734.79248046875
2026-05-29,737.49951171875
2026-06-01,741.9246826171875
2026-06-02,745.3408813476562
2026-06-03,743.39306640625
2026-06-04,739.7969970703125
2026-06-05,704.2860107421875
2026-06-08,715.283935546875
2026-06-09,707.052978515625
2026-06-10,692.9285278320312
2026-06-11,716.332763671875
2026-06-12,720.5481567382812
2026-06-15,743.1832885742188
2026-06-16,729.0587768554688
2026-06-17,721.7168579101562
2026-06-18,739.8070068359375
2026-06-22,737.9500122070312
2026-06-23,713.6500244140625
2026-06-24,710.6199951171875
2026-06-25,716.3800048828125
2026-06-26,706.52001953125
2026-06-29,724.0800170898438
2026-06-30,736.4000244140625
2026-07-01,725.1699829101562
2026-07-02,710.969970703125
