date,close
1993-01-29,24.113256454467773
1993-02-01,24.284774780273438
1993-02-02,24.33621597290039
1993-02-03,24.593475341796875
1993-02-04,24.696372985839844
1993-02-05,24.67920684814453
1993-02-08,24.67920684814453
1993-02-09,24.507722854614258
1993-02-10,24.54202651977539
1993-02-11,24.662057876586914
1993-02-12,24.47342300415039
1993-02-16,23.856014251708984
1993-02-17,23.83885955810547
1993-02-18,23.821701049804688
1993-02-19,23.90746307373047
1993-02-22,23.99320411682129
1993-02-23,23.976058959960938
1993-02-24,24.284774780273438
1993-02-25,24.33621597290039
1993-02-26,24.370519638061523
1993-03-01,24.301918029785156
1993-03-02,24.662057876586914
1993-03-03,24.764982223510742
1993-03-04,24.627782821655273
1993-03-05,24.559160232543945
1993-03-08,25.107980728149414
1993-03-09,25.022214889526367
1993-03-10,25.073665618896484
1993-03-11,25.005062103271484
1993-03-12,24.747827529907227
1993-03-15,24.867868423461914
1993-03-16,24.867868423461914
1993-03-17,24.71352195739746
1993-03-18,24.867868423461914
1993-03-19,24.83022689819336
1993-03-22,24.692380905151367
1993-03-23,24.744081497192383
1993-03-24,24.744081497192383
1993-03-25,24.89916229248047
1993-03-26,24.761302947998047
1993-03-29,24.864694595336914
1993-03-30,24.933635711669922
1993-03-31,24.916391372680664
1993-04-01,24.83022689819336
1993-04-02,24.31330680847168
1993-04-05,24.433916091918945
1993-04-06,24.364999771118164
1993-04-07,24.45115089416504
1993-04-08,24.41669464111328
1993-04-12,24.761302947998047
1993-04-13,24.813013076782227
1993-04-14,24.778545379638672
1993-04-15,24.778545379638672
1993-04-16,24.778545379638672
1993-04-19,24.675153732299805
1993-04-20,24.55454444885254
1993-04-21,24.537302017211914
1993-04-22,24.22713279724121
1993-04-23,24.123764038085938
1993-04-26,23.934215545654297
1993-04-27,24.192691802978516
1993-04-28,24.140979766845703
1993-04-29,24.244382858276367
1993-04-30,24.27884292602539
1993-05-03,24.433916091918945
1993-05-04,24.52007484436035
1993-05-05,24.58899688720703
1993-05-06,24.502845764160156
1993-05-07,24.45115089416504
1993-05-10,24.502845764160156
1993-05-11,24.606231689453125
1993-05-12,24.57176971435547
1993-05-13,24.27884292602539
1993-05-14,24.26161003112793
1993-05-17,24.34776496887207
1993-05-18,24.33052635192871
1993-05-19,24.83022689819336
1993-05-20,24.89916229248047
1993-05-21,24.675153732299805
1993-05-24,24.778545379638672
1993-05-25,24.83022689819336
1993-05-26,25.140405654907227
1993-05-27,25.05423927307129
1993-05-28,24.933635711669922
1993-06-01,25.174861907958984
1993-06-02,25.140405654907227
1993-06-03,25.05423927307129
1993-06-04,24.968097686767578
1993-06-07,24.881940841674805
1993-06-08,24.65792465209961
1993-06-09,24.744081497192383
1993-06-10,24.761302947998047
1993-06-11,24.864694595336914
1993-06-14,24.83022689819336
1993-06-15,24.778545379638672
1993-06-16,24.83022689819336
1993-06-17,24.916391372680664
1993-06-18,24.711210250854492
1993-06-21,24.76327133178711
1993-06-22,24.780622482299805
1993-06-23,24.555030822753906
1993-06-24,24.88473892211914
1993-06-25,24.867382049560547
1993-06-28,25.145042419433594
1993-06-29,25.02357292175293
1993-06-30,25.02357292175293
1993-07-01,24.95416831970215
1993-07-02,24.815343856811523
1993-07-06,24.555030822753906
1993-07-07,24.624441146850586
1993-07-08,24.902103424072266
1993-07-09,24.97149658203125
1993-07-12,24.95416831970215
1993-07-13,24.93680191040039
1993-07-14,25.02357292175293
1993-07-15,24.919450759887695
1993-07-16,24.85004234313965
1993-07-19,24.832683563232422
1993-07-20,24.902103424072266
1993-07-21,24.88473892211914
1993-07-22,24.711210250854492
1993-07-23,24.832683563232422
1993-07-26,24.97149658203125
1993-07-27,24.95416831970215
1993-07-28,24.902103424072266
1993-07-29,25.040924072265625
1993-07-30,24.902103424072266
1993-08-02,24.97149658203125
1993-08-03,24.98887062072754
1993-08-04,24.98887062072754
1993-08-05,24.93680191040039
1993-08-06,24.97149658203125
1993-08-09,25.110326766967773
1993-08-10,25.09299087524414
1993-08-11,25.09299087524414
1993-08-12,25.02357292175293
1993-08-13,25.05828857421875
1993-08-16,25.19710922241211
1993-08-17,25.28388023376465
1993-08-18,25.42268943786621
1993-08-19,25.42268943786621
1993-08-20,25.44003677368164
1993-08-23,25.387985229492188
1993-08-24,25.665634155273438
1993-08-25,25.683012008666992
1993-08-26,25.70034408569336
1993-08-27,25.683012008666992
1993-08-30,25.78711700439453
1993-08-31,25.856521606445312
1993-09-01,25.82183265686035
1993-09-02,25.735063552856445
1993-09-03,25.752405166625977
1993-09-07,25.578872680664062
1993-09-08,25.492109298706055
1993-09-09,25.544174194335938
1993-09-10,25.769763946533203
1993-09-13,25.78711700439453
1993-09-14,25.683012008666992
1993-09-15,25.752405166625977
1993-09-16,25.648273468017578
1993-09-17,25.598548889160156
1993-09-20,25.389026641845703
1993-09-21,25.301713943481445
1993-09-22,25.511268615722656
1993-09-23,25.650941848754883
1993-09-24,25.581092834472656
1993-09-27,25.86048698425293
1993-09-28,25.808088302612305
1993-09-29,25.720796585083008
1993-09-30,25.668397903442383
1993-10-01,25.790624618530273
1993-10-04,25.825563430786133
1993-10-05,25.790624618530273
1993-10-06,25.773181915283203
1993-10-07,25.703325271606445
1993-10-08,25.73824691772461
1993-10-11,25.790624618530273
1993-10-12,25.825563430786133
1993-10-13,25.825563430786133
1993-10-14,26.15732192993164
1993-10-15,26.29701805114746
1993-10-18,26.227169036865234
1993-10-19,26.035093307495117
1993-10-20,26.070022583007812
1993-10-21,26.035093307495117
1993-10-22,25.912857055664062
1993-10-25,25.98273277282715
1993-10-26,25.965253829956055
1993-10-27,25.98273277282715
1993-10-28,26.17476463317871
1993-10-29,26.17476463317871
1993-11-01,26.244632720947266
1993-11-02,26.227169036865234
1993-11-03,25.895395278930664
1993-11-04,25.616039276123047
1993-11-05,25.73824691772461
1993-11-08,25.773181915283203
1993-11-09,25.790624618530273
1993-11-10,25.98273277282715
1993-11-11,25.912857055664062
1993-11-12,26.035093307495117
1993-11-15,26.017629623413086
1993-11-16,26.13987922668457
1993-11-17,26.00016975402832
1993-11-18,25.930341720581055
1993-11-19,25.877931594848633
1993-11-22,25.720796585083008
1993-11-23,25.86048698425293
1993-11-24,25.965253829956055
1993-11-26,25.98273277282715
1993-11-29,25.877931594848633
1993-11-30,25.895395278930664
1993-12-01,25.930341720581055
1993-12-02,26.00016975402832
1993-12-03,26.104948043823242
1993-12-06,26.192251205444336
1993-12-07,26.17476463317871
1993-12-08,26.17476463317871
1993-12-09,26.087491989135742
1993-12-10,26.035093307495117
1993-12-13,26.192251205444336
1993-12-14,26.00016975402832
1993-12-15,25.965253829956055
1993-12-16,26.052555084228516
1993-12-17,26.19574546813965
1993-12-20,26.23090362548828
1993-12-21,26.142995834350586
1993-12-22,26.31881332397461
1993-12-23,26.301240921020508
1993-12-27,26.441877365112305
1993-12-28,26.494611740112305
1993-12-29,26.459463119506836
1993-12-30,26.35395050048828
1993-12-31,26.21331214904785
1994-01-03,26.142995834350586
1994-01-04,26.248489379882812
1994-01-05,26.301240921020508
1994-01-06,26.301240921020508
1994-01-07,26.459463119506836
1994-01-10,26.775917053222656
1994-01-11,26.72317123413086
1994-01-12,26.63525390625
1994-01-13,26.5649471282959
1994-01-14,26.670429229736328
1994-01-17,26.670429229736328
1994-01-18,26.705583572387695
1994-01-19,26.63525390625
1994-01-20,26.705583572387695
1994-01-21,26.652854919433594
1994-01-24,26.547353744506836
1994-01-25,26.547353744506836
1994-01-26,26.617687225341797
1994-01-27,26.863813400268555
1994-01-28,26.93413734436035
1994-01-31,27.127534866333008
1994-02-01,26.986879348754883
1994-02-02,27.16269302368164
1994-02-03,27.03962516784668
1994-02-04,26.424293518066406
1994-02-07,26.547353744506836
1994-02-08,26.5649471282959
1994-02-09,26.670429229736328
1994-02-10,26.441877365112305
1994-02-11,26.529769897460938
1994-02-14,26.5649471282959
1994-02-15,26.705583572387695
1994-02-16,26.688007354736328
1994-02-17,26.529769897460938
1994-02-18,26.371551513671875
1994-02-22,26.63525390625
1994-02-23,26.5649471282959
1994-02-24,26.21331214904785
1994-02-25,26.336387634277344
1994-02-28,26.336387634277344
1994-03-01,26.23090362548828
1994-03-02,26.26606559753418
1994-03-03,26.19574546813965
1994-03-04,26.26606559753418
1994-03-07,26.40670394897461
1994-03-08,26.301240921020508
1994-03-09,26.424293518066406
1994-03-10,26.21331214904785
1994-03-11,26.35395050048828
1994-03-14,26.389141082763672
1994-03-15,26.371551513671875
1994-03-16,26.58251953125
1994-03-17,26.58251953125
1994-03-18,26.576719284057617
1994-03-21,26.50598907470703
1994-03-22,26.576719284057617
1994-03-23,26.55902671813965
1994-03-24,26.240747451782227
1994-03-25,25.99321174621582
1994-03-28,26.028562545776367
1994-03-29,25.51578140258789
1994-03-30,25.162128448486328
1994-03-31,25.232860565185547
1994-04-04,24.843835830688477
1994-04-05,25.356643676757812
1994-04-06,25.356643676757812
1994-04-07,25.480411529541016
1994-04-08,25.28590202331543
1994-04-11,25.391990661621094
1994-04-12,25.356643676757812
1994-04-13,25.2239933013916
1994-04-14,25.232860565185547
1994-04-15,25.232860565185547
1994-04-18,25.064882278442383
1994-04-19,25.100248336791992
1994-04-20,25.073715209960938
1994-04-21,25.409669876098633
1994-04-22,25.3831729888916
1994-04-25,25.64838409423828
1994-04-26,25.621868133544922
1994-04-28,25.43621063232422
1994-04-29,25.51578140258789
1994-05-02,25.67490577697754
1994-05-03,25.64838409423828
1994-05-04,25.604169845581055
1994-05-05,25.56881332397461
1994-05-06,25.321273803710938
1994-05-09,25.100248336791992
1994-05-10,25.29474449157715
1994-05-11,25.064882278442383
1994-05-12,25.188644409179688
1994-05-13,25.188644409179688
1994-05-16,25.197490692138672
1994-05-17,25.56881332397461
1994-05-18,25.754499435424805
1994-05-19,25.878280639648438
1994-05-20,25.781005859375
1994-05-23,25.736804962158203
1994-05-24,25.842897415161133
1994-05-25,25.913633346557617
1994-05-26,25.931312561035156
1994-05-27,25.95783805847168
1994-05-31,25.922460556030273
1994-06-01,26.037412643432617
1994-06-02,26.010896682739258
1994-06-03,26.16118812561035
1994-06-06,26.152328491210938
1994-06-07,26.116973876953125
1994-06-08,25.90479278564453
1994-06-09,26.046247482299805
1994-06-10,26.09044647216797
1994-06-13,26.125818252563477
1994-06-14,26.32917022705078
1994-06-15,26.22307014465332
1994-06-16,26.276121139526367
1994-06-17,26.129459381103516
1994-06-20,25.906951904296875
1994-06-21,25.68447494506836
1994-06-22,25.782365798950195
1994-06-23,25.631086349487305
1994-06-24,25.09710121154785
1994-06-27,25.53318214416504
1994-06-28,25.40857696533203
1994-06-29,25.48868751525879
1994-06-30,25.3284854888916
1994-07-01,25.381881713867188
1994-07-05,25.515384674072266
1994-07-06,25.47979164123535
1994-07-07,25.586572647094727
1994-07-08,25.577667236328125
1994-07-11,25.48868751525879
1994-07-12,25.52428436279297
1994-07-13,25.568769454956055
1994-07-14,25.844661712646484
1994-07-15,25.853565216064453
1994-07-18,25.89805030822754
1994-07-19,25.844661712646484
1994-07-20,25.72895050048828
1994-07-21,25.782365798950195
1994-07-22,25.826858520507812
1994-07-25,25.862457275390625
1994-07-26,25.83576011657715
1994-07-27,25.83576011657715
1994-07-28,25.889169692993164
1994-07-29,26.147253036499023
1994-08-01,26.2718505859375
1994-08-02,26.30744171142578
1994-08-03,26.31633949279785
1994-08-04,26.16506004333496
1994-08-05,26.07606315612793
1994-08-08,26.138336181640625
1994-08-09,26.182870864868164
1994-08-10,26.28074073791504
1994-08-11,26.182870864868164
1994-08-12,26.387531280517578
1994-08-15,26.378637313842773
1994-08-16,26.5655460357666
1994-08-17,26.54772186279297
1994-08-18,26.4587459564209
1994-08-19,26.440946578979492
1994-08-22,26.41423988342285
1994-08-23,26.5655460357666
1994-08-24,26.850318908691406
1994-08-25,26.779125213623047
1994-08-26,27.161815643310547
1994-08-29,27.144006729125977
1994-08-30,27.21522331237793
1994-08-31,27.144006729125977
1994-09-01,27.05503273010254
1994-09-02,26.939332962036133
1994-09-06,26.948209762573242
1994-09-07,26.921531677246094
1994-09-08,27.05503273010254
1994-09-09,26.77023696899414
1994-09-12,26.690134048461914
1994-09-13,26.77023696899414
1994-09-14,26.796934127807617
1994-09-15,27.135128021240234
1994-09-16,26.94199562072754
1994-09-19,26.9688663482666
1994-09-20,26.458499908447266
1994-09-21,26.458499908447266
1994-09-22,26.39582061767578
1994-09-23,26.30628776550293
1994-09-26,26.44058609008789
1994-09-27,26.422670364379883
1994-09-28,26.628612518310547
1994-09-29,26.494308471679688
1994-09-30,26.458499908447266
1994-10-03,26.39582061767578
1994-10-04,26.00183868408203
1994-10-05,26.010801315307617
1994-10-06,25.930208206176758
1994-10-07,26.04661750793457
1994-10-10,26.32420539855957
1994-10-11,26.718162536621094
1994-10-12,26.75398063659668
1994-10-13,26.84349822998047
1994-10-14,26.959911346435547
1994-10-17,26.906198501586914
1994-10-18,26.84349822998047
1994-10-19,26.9688663482666
1994-10-20,26.789798736572266
1994-10-21,26.68232536315918
1994-10-24,26.458499908447266
1994-10-25,26.48535919189453
1994-10-26,26.583843231201172
1994-10-27,26.745019912719727
1994-10-28,27.309101104736328
1994-10-31,27.210615158081055
1994-11-01,26.906198501586914
1994-11-02,26.75398063659668
1994-11-03,26.897232055664062
1994-11-04,26.54802894592285
1994-11-07,26.628612518310547
1994-11-08,26.834548950195312
1994-11-09,26.879337310791016
1994-11-10,26.69130516052246
1994-11-11,26.592805862426758
1994-11-14,26.84349822998047
1994-11-15,26.75398063659668
1994-11-16,26.84349822998047
1994-11-17,26.6644287109375
1994-11-18,26.628612518310547
1994-11-21,26.36001205444336
1994-11-22,25.78697395324707
1994-11-23,25.930208206176758
1994-11-25,26.055574417114258
1994-11-28,26.171977996826172
1994-11-29,26.16301918029785
1994-11-30,26.1272029876709
1994-12-01,25.86754035949707
1994-12-02,26.109296798706055
1994-12-05,26.136159896850586
1994-12-06,26.154081344604492
1994-12-07,25.96603012084961
1994-12-08,25.715335845947266
1994-12-09,25.8138370513916
1994-12-12,25.983945846557617
1994-12-13,26.08244514465332
1994-12-14,26.21674919128418
1994-12-15,26.29730987548828
1994-12-16,26.42578125
1994-12-19,26.46186637878418
1994-12-20,26.38064956665039
1994-12-21,26.660425186157227
1994-12-22,26.57919692993164
1994-12-23,26.606285095214844
1994-12-27,26.750680923461914
1994-12-28,26.61530876159668
1994-12-29,26.63334083557129
1994-12-30,26.31747055053711
1995-01-03,26.443819046020508
1995-01-04,26.5701847076416
1995-01-05,26.5701847076416
1995-01-06,26.597253799438477
1995-01-09,26.624332427978516
1995-01-10,26.651399612426758
1995-01-11,26.669458389282227
1995-01-12,26.67847442626953
1995-01-13,26.994356155395508
1995-01-16,27.156810760498047
1995-01-17,27.165855407714844
1995-01-18,27.138769149780273
1995-01-19,26.9853458404541
1995-01-20,26.88606834411621
1995-01-23,26.967294692993164
1995-01-24,27.003395080566406
1995-01-25,27.07558250427246
1995-01-26,27.102670669555664
1995-01-27,27.210952758789062
1995-01-30,27.093650817871094
1995-01-31,27.201946258544922
1995-02-01,27.192913055419922
1995-02-02,27.355384826660156
1995-02-03,27.743459701538086
1995-02-06,27.860769271850586
1995-02-07,27.896879196166992
1995-02-08,27.896879196166992
1995-02-09,27.896879196166992
1995-02-10,27.932987213134766
1995-02-13,27.942012786865234
1995-02-14,27.978103637695312
1995-02-15,28.13153839111328
1995-02-16,28.095443725585938
1995-02-17,27.987131118774414
1995-02-21,27.978103637695312
1995-02-22,28.185691833496094
1995-02-23,28.230810165405273
1995-02-24,28.303022384643555
1995-02-27,28.07738494873047
1995-02-28,28.31204605102539
1995-03-01,28.13153839111328
1995-03-02,28.167646408081055
1995-03-03,28.176651000976562
1995-03-06,28.194721221923828
1995-03-07,27.978103637695312
1995-03-08,28.050312042236328
1995-03-09,28.04128074645996
1995-03-10,28.456451416015625
1995-03-13,28.42936897277832
1995-03-14,28.63694953918457
1995-03-15,28.582794189453125
1995-03-16,28.75429344177246
1995-03-17,28.782880783081055
1995-03-20,28.782880783081055
1995-03-21,28.710296630859375
1995-03-22,28.73751449584961
1995-03-23,28.75566864013672
1995-03-24,29.16397476196289
1995-03-27,29.281957626342773
1995-03-28,29.281957626342773
1995-03-29,29.272878646850586
1995-03-30,29.218412399291992
1995-03-31,29.1004695892334
1995-04-03,29.17305564880371
1995-04-04,29.363618850708008
1995-04-05,29.363618850708008
1995-04-06,29.472505569458008
1995-04-07,29.445274353027344
1995-04-10,29.499723434448242
1995-04-11,29.39990997314453
1995-04-12,29.499723434448242
1995-04-13,29.66304588317871
1995-04-17,29.490663528442383
1995-04-18,29.39082908630371
1995-04-19,29.363618850708008
1995-04-20,29.408977508544922
1995-04-21,29.55414581298828
1995-04-24,29.89899253845215
1995-04-25,29.81730842590332
1995-04-26,29.844541549682617
1995-04-27,29.917131423950195
1995-04-28,29.962499618530273
1995-05-01,29.880840301513672
1995-05-02,29.944364547729492
1995-05-03,30.36174964904785
1995-05-04,30.343618392944336
1995-05-05,30.30731773376465
1995-05-08,30.52511215209961
1995-05-09,30.49787139892578
1995-05-10,30.534170150756836
1995-05-11,30.615816116333008
1995-05-12,30.63397789001465
1995-05-15,30.7791805267334
1995-05-16,30.797311782836914
1995-05-17,30.679336547851562
1995-05-18,30.234699249267578
1995-05-19,30.252870559692383
1995-05-22,30.58861541748047
1995-05-23,30.86989974975586
1995-05-24,30.85173797607422
1995-05-25,30.87899398803711
1995-05-26,30.52511215209961
1995-05-30,30.516029357910156
1995-05-31,31.15119171142578
1995-06-01,31.069543838500977
1995-06-02,31.09674835205078
1995-06-05,31.287290573120117
1995-06-06,31.23287582397461
1995-06-07,31.069543838500977
1995-06-08,30.99694061279297
1995-06-09,30.815475463867188
1995-06-12,30.98787498474121
1995-06-13,31.32361602783203
1995-06-14,31.296384811401367
1995-06-15,31.4324951171875
1995-06-16,31.525806427001953
1995-06-19,31.881799697875977
1995-06-20,31.799633026123047
1995-06-21,31.781389236450195
1995-06-22,32.20124053955078
1995-06-23,32.13734817504883
1995-06-26,31.753995895385742
1995-06-27,31.690114974975586
1995-06-28,31.854406356811523
1995-06-29,31.799633026123047
1995-06-30,31.781389236450195
1995-07-03,31.90004539489746
1995-07-05,32.018672943115234
1995-07-06,32.429420471191406
1995-07-07,32.57545852661133
1995-07-10,32.593727111816406
1995-07-11,32.43854904174805
1995-07-12,32.84016036987305
1995-07-13,32.767127990722656
1995-07-14,32.73975372314453
1995-07-17,32.92231750488281
1995-07-18,32.63935089111328
1995-07-19,32.283390045166016
1995-07-20,32.402042388916016
1995-07-21,32.36552810668945
1995-07-24,32.60282897949219
1995-07-25,32.84927749633789
1995-07-26,32.821895599365234
1995-07-27,33.095726013183594
1995-07-28,32.885780334472656
1995-07-31,32.80366134643555
1995-08-01,32.74887466430664
1995-08-02,32.67586135864258
1995-08-03,32.66672897338867
1995-08-04,32.70326232910156
1995-08-07,32.77626037597656
1995-08-08,32.77626037597656
1995-08-09,32.767127990722656
1995-08-10,32.69410705566406
1995-08-11,32.51158142089844
1995-08-14,32.80366134643555
1995-08-15,32.73975372314453
1995-08-16,32.83102798461914
1995-08-17,32.77626037597656
1995-08-18,32.81275939941406
1995-08-21,32.72148895263672
1995-08-22,32.7853889465332
1995-08-23,32.66672897338867
1995-08-24,32.70326232910156
1995-08-25,32.885780334472656
1995-08-28,32.767127990722656
1995-08-29,32.84927749633789
1995-08-30,32.92231750488281
1995-08-31,32.94968795776367
1995-09-01,33.095726013183594
1995-09-05,33.40603256225586
1995-09-06,33.469932556152344
1995-09-07,33.48818588256836
1995-09-08,33.6159782409668
1995-09-11,33.70724868774414
1995-09-12,33.862422943115234
1995-09-13,34.017574310302734
1995-09-14,34.32790756225586
1995-09-15,34.31843185424805
1995-09-18,34.189979553222656
1995-09-19,34.355140686035156
1995-09-20,34.520301818847656
1995-09-21,34.2358512878418
1995-09-22,34.24503707885742
1995-09-25,34.189979553222656
1995-09-26,34.1807975769043
1995-09-27,34.15324783325195
1995-09-28,34.410179138183594
1995-09-29,34.34597396850586
1995-10-02,34.171607971191406
1995-10-03,34.20831298828125
1995-10-04,34.171607971191406
1995-10-05,34.272560119628906
1995-10-06,34.300086975097656
1995-10-09,34.01564025878906
1995-10-10,33.99725341796875
1995-10-11,34.107383728027344
1995-10-12,34.31843185424805
1995-10-13,34.42855453491211
1995-10-16,34.263370513916016
1995-10-17,34.492774963378906
1995-10-18,34.593719482421875
1995-10-19,34.75889587402344
1995-10-20,34.547821044921875
1995-10-23,34.47443389892578
1995-10-24,34.511146545410156
1995-10-25,34.2266731262207
1995-10-26,33.91469192504883
1995-10-27,34.171607971191406
1995-10-30,34.391841888427734
1995-10-31,34.24503707885742
1995-11-01,34.520301818847656
1995-11-02,34.740535736083984
1995-11-03,34.78643035888672
1995-11-06,34.6671257019043
1995-11-07,34.53866958618164
1995-11-08,34.85061264038086
1995-11-09,34.97913360595703
1995-11-10,34.960758209228516
1995-11-13,34.92405319213867
1995-11-14,34.69466018676758
1995-11-15,35.043338775634766
1995-11-16,35.23604965209961
1995-11-17,35.34614562988281
1995-11-20,35.162635803222656
1995-11-21,35.44709014892578
1995-11-22,35.33697509765625
1995-11-24,35.42875289916992
1995-11-27,35.43790817260742
1995-11-28,35.81411361694336
1995-11-29,35.850833892822266
1995-11-30,35.76824951171875
1995-12-01,35.81411361694336
1995-12-04,36.25457763671875
1995-12-05,36.4931526184082
1995-12-06,36.575721740722656
1995-12-07,36.383060455322266
1995-12-08,36.502342224121094
1995-12-11,36.658329010009766
1995-12-12,36.54821014404297
1995-12-13,36.77762222290039
1995-12-14,36.51151657104492
1995-12-15,36.524879455566406
1995-12-18,35.82320785522461
1995-12-19,36.201744079589844
1995-12-20,35.85088348388672
1995-12-21,36.035545349121094
1995-12-22,36.16480255126953
1995-12-26,36.340232849121094
1995-12-27,36.32176208496094
1995-12-28,36.28483963012695
1995-12-29,36.33100128173828
1996-01-02,36.71876525878906
1996-01-03,36.8203239440918
1996-01-04,36.4694938659668
1996-01-05,36.39562225341797
1996-01-08,36.53411102294922
1996-01-09,35.90629577636719
1996-01-10,35.43540573120117
1996-01-11,35.64778518676758
1996-01-12,35.592376708984375
1996-01-15,35.51850891113281
1996-01-16,35.952449798583984
1996-01-17,35.84164810180664
1996-01-18,35.96168518066406
1996-01-19,36.201744079589844
1996-01-22,36.21097183227539
1996-01-23,36.29408264160156
1996-01-24,36.589508056640625
1996-01-25,36.460243225097656
1996-01-26,36.774169921875
1996-01-29,36.921897888183594
1996-01-30,37.23579788208008
1996-01-31,37.62358856201172
1996-02-01,37.76207733154297
1996-02-02,37.60511016845703
1996-02-05,37.90980529785156
1996-02-06,38.2698860168457
1996-02-07,38.49146270751953
1996-02-08,38.906959533691406
1996-02-09,38.89769744873047
1996-02-12,39.19315719604492
1996-02-13,39.110084533691406
1996-02-14,38.768455505371094
1996-02-15,38.52840042114258
1996-02-16,38.37141799926758
1996-02-20,37.992897033691406
1996-02-21,38.46377182006836
1996-02-22,39.073123931884766
1996-02-23,38.962345123291016
1996-02-26,38.408363342285156
1996-02-27,38.28834915161133
1996-02-28,38.1129150390625
1996-02-29,37.74361801147461
1996-03-01,38.34375
1996-03-04,38.56532669067383
1996-03-05,38.92539978027344
1996-03-06,38.583805084228516
1996-03-07,38.777687072753906
1996-03-08,37.522037506103516
1996-03-11,37.95597457885742
1996-03-12,37.6605339050293
1996-03-13,37.91905975341797
1996-03-14,38.08523178100586
1996-03-15,38.05961990356445
1996-03-18,38.792240142822266
1996-03-19,38.70882034301758
1996-03-20,38.66242599487305
1996-03-21,38.56968307495117
1996-03-22,38.67169952392578
1996-03-25,38.59751510620117
1996-03-26,38.78297805786133
1996-03-27,38.43059158325195
1996-03-28,38.57895278930664
1996-03-29,38.39348602294922
1996-04-01,38.838619232177734
1996-04-02,38.91282653808594
1996-04-03,38.91282653808594
1996-04-04,38.88499450683594
1996-04-08,38.217262268066406
1996-04-09,38.068904876708984
1996-04-10,37.391929626464844
1996-04-11,37.3455696105957
1996-04-12,37.818511962890625
1996-04-15,38.13380813598633
1996-04-16,38.24510955810547
1996-04-17,38.15236282348633
1996-04-18,38.20799255371094
1996-04-19,38.300750732421875
1996-04-22,38.59751510620117
1996-04-23,38.71807861328125
1996-04-24,38.57895278930664
1996-04-25,38.75515365600586
1996-04-26,38.838619232177734
1996-04-29,38.838619232177734
1996-04-30,38.810813903808594
1996-05-01,38.894264221191406
1996-05-02,38.22654342651367
1996-05-03,38.1709098815918
1996-05-06,38.13380813598633
1996-05-07,37.97615051269531
1996-05-08,38.44914245605469
1996-05-09,38.421295166015625
1996-05-10,38.801536560058594
1996-05-13,39.38578414916992
1996-05-14,39.62688446044922
1996-05-15,39.58052062988281
1996-05-16,39.66399002075195
1996-05-17,39.877288818359375
1996-05-20,40.14624786376953
1996-05-21,40.0905876159668
1996-05-22,40.47080993652344
1996-05-23,40.30389404296875
1996-05-24,40.4615364074707
1996-05-28,40.05350112915039
1996-05-29,39.7845573425293
1996-05-30,39.98858642578125
1996-05-31,39.69181442260742
1996-06-03,39.803096771240234
1996-06-04,40.0813102722168
1996-06-05,40.433719635009766
1996-06-06,40.13695526123047
1996-06-07,40.13695526123047
1996-06-10,40.00713348388672
1996-06-11,39.97004318237305
1996-06-12,39.895816802978516
1996-06-13,39.895816802978516
1996-06-14,39.72890853881836
1996-06-17,39.70111083984375
1996-06-18,39.376529693603516
1996-06-19,39.552696228027344
1996-06-20,39.524871826171875
1996-06-21,39.86482620239258
1996-06-24,39.939414978027344
1996-06-25,39.89280319213867
1996-06-26,39.6224365234375
1996-06-27,39.90213394165039
1996-06-28,40.0419921875
1996-07-01,40.38692092895508
1996-07-02,40.23774337768555
1996-07-03,40.153846740722656
1996-07-05,39.128334045410156
1996-07-08,38.96984100341797
1996-07-09,39.128334045410156
1996-07-10,39.286834716796875
1996-07-11,38.49437713623047
1996-07-12,38.522342681884766
1996-07-15,37.384944915771484
1996-07-16,37.4781608581543
1996-07-17,37.92566680908203
1996-07-18,38.447757720947266
1996-07-19,38.16806411743164
1996-07-22,37.88838195800781
1996-07-23,37.403594970703125
1996-07-24,37.4781608581543
1996-07-25,37.813785552978516
1996-07-26,38.018898010253906
1996-07-29,37.599369049072266
1996-07-30,37.96295928955078
1996-07-31,38.24265670776367
1996-08-01,38.87662124633789
1996-08-02,39.715667724609375
1996-08-05,39.482608795166016
1996-08-06,39.603790283203125
1996-08-07,39.706356048583984
1996-08-08,39.64109802246094
1996-08-09,39.51057815551758
1996-08-12,39.799583435058594
1996-08-13,39.482608795166016
1996-08-14,39.6224365234375
1996-08-15,39.5478515625
1996-08-16,39.883480072021484
1996-08-19,39.90213394165039
1996-08-20,39.87417221069336
1996-08-21,39.734317779541016
1996-08-22,40.10724639892578
1996-08-23,39.89280319213867
1996-08-26,39.6970329284668
1996-08-27,39.84619140625
1996-08-28,39.780941009521484
1996-08-29,39.38936233520508
1996-08-30,38.979164123535156
1996-09-03,39.23088073730469
1996-09-04,39.268184661865234
1996-09-05,38.79270553588867
1996-09-06,39.342750549316406
1996-09-09,39.80890655517578
1996-09-10,39.790252685546875
1996-09-11,40.01399230957031
1996-09-12,40.29371643066406
1996-09-13,40.90901565551758
1996-09-16,41.058189392089844
1996-09-17,40.96493911743164
1996-09-18,40.862403869628906
1996-09-19,41.02088165283203
1996-09-20,41.16640090942383
1996-09-23,41.157005310058594
1996-09-24,41.14765548706055
1996-09-25,41.17574691772461
1996-09-26,41.157005310058594
1996-09-27,41.19449996948242
1996-09-30,41.157005310058594
1996-10-01,41.3819465637207
1996-10-02,41.66303634643555
1996-10-03,41.625579833984375
1996-10-04,42.18783187866211
1996-10-07,42.23468017578125
1996-10-08,42.066009521484375
1996-10-09,41.73801803588867
1996-10-10,41.653682708740234
1996-10-11,42.16908264160156
1996-10-14,42.225318908691406
1996-10-15,42.16908264160156
1996-10-16,42.375240325927734
1996-10-17,42.48768997192383
1996-10-18,42.712589263916016
1996-10-21,42.6563720703125
1996-10-22,42.35649871826172
1996-10-23,42.497066497802734
1996-10-24,42.13158416748047
1996-10-25,42.16908264160156
1996-10-28,41.88795852661133
1996-10-29,42.225318908691406
1996-10-30,42.084739685058594
1996-10-31,42.48768997192383
1996-11-01,42.3377685546875
1996-11-04,42.6188850402832
1996-11-05,42.86254119873047
1996-11-06,43.68714904785156
1996-11-07,43.79023361206055
1996-11-08,44.03392791748047
1996-11-11,43.98703384399414
1996-11-12,43.85584259033203
1996-11-13,44.052635192871094
1996-11-14,44.343143463134766
1996-11-15,44.399356842041016
1996-11-18,44.408721923828125
1996-11-19,44.72733688354492
1996-11-20,44.802284240722656
1996-11-21,44.736698150634766
1996-11-22,45.08342361450195
1996-11-25,45.6550407409668
1996-11-26,45.505126953125
1996-11-27,45.42079162597656
1996-11-29,45.589454650878906
1996-12-02,45.60820770263672
1996-12-03,44.83042526245117
1996-12-04,44.95224380493164
1996-12-05,44.83042526245117
1996-12-06,44.56804656982422
1996-12-09,45.2239990234375
1996-12-10,45.00846862792969
1996-12-11,44.596153259277344
1996-12-12,43.85584259033203
1996-12-13,43.96829605102539
1996-12-16,43.406036376953125
1996-12-17,43.752769470214844
1996-12-18,44.09950256347656
1996-12-19,45.00846862792969
1996-12-20,45.10723114013672
1996-12-23,44.99422073364258
1996-12-24,45.32383728027344
1996-12-26,45.672237396240234
1996-12-27,45.728755950927734
1996-12-30,45.333248138427734
1996-12-31,44.504554748535156
1997-01-02,44.617549896240234
1997-01-03,45.25791549682617
1997-01-06,44.86238479614258
1997-01-07,45.408592224121094
1997-01-08,45.013031005859375
1997-01-09,45.389739990234375
1997-01-10,45.87940216064453
1997-01-13,45.81349182128906
1997-01-14,46.387939453125
1997-01-15,46.27490997314453
1997-01-16,46.463279724121094
1997-01-17,46.745765686035156
1997-01-20,46.802268981933594
1997-01-21,47.17897033691406
1997-01-22,47.517974853515625
1997-01-23,46.85880661010742
1997-01-24,46.2560920715332
1997-01-27,46.124244689941406
1997-01-28,46.2560920715332
1997-01-29,46.708126068115234
1997-01-30,47.310794830322266
1997-01-31,47.254310607910156
1997-02-03,47.39555358886719
1997-02-04,47.687477111816406
1997-02-05,46.79286193847656
1997-02-06,47.10362243652344
1997-02-07,47.74400329589844
1997-02-10,47.29195022583008
1997-02-11,47.838157653808594
1997-02-12,48.51616668701172
1997-02-13,49.043548583984375
1997-02-14,48.930519104003906
1997-02-18,49.34487533569336
1997-02-19,49.0152587890625
1997-02-20,48.42198944091797
1997-02-21,48.440853118896484
1997-02-24,49.0152587890625
1997-02-25,49.05296325683594
1997-02-26,48.572662353515625
1997-02-27,47.847564697265625
1997-02-28,47.706302642822266
1997-03-03,48.02647018432617
1997-03-04,47.76284408569336
1997-03-05,48.572662353515625
1997-03-06,48.29019546508789
1997-03-07,48.72336196899414
1997-03-10,49.23185729980469
1997-03-11,48.96818161010742
1997-03-12,48.53500747680664
1997-03-13,47.78165054321289
1997-03-14,48.02647018432617
1997-03-17,48.158329010009766
1997-03-18,47.64039993286133
1997-03-19,47.480281829833984
1997-03-20,47.235477447509766
1997-03-21,47.45415115356445
1997-03-24,48.11588668823242
1997-03-25,47.643218994140625
1997-03-26,47.851200103759766
1997-03-27,46.5844841003418
1997-03-31,45.60139846801758
1997-04-01,45.89440155029297
1997-04-02,45.0720100402832
1997-04-03,45.317771911621094
1997-04-04,45.88496780395508
1997-04-07,46.06459045410156
1997-04-08,46.39543151855469
1997-04-09,46.017303466796875
1997-04-10,45.847145080566406
1997-04-11,44.391395568847656
1997-04-14,44.98694610595703
1997-04-15,45.75261688232422
1997-04-16,46.28200912475586
1997-04-17,46.09294891357422
1997-04-18,46.31979751586914
1997-04-21,46.017303466796875
1997-04-22,47.028778076171875
1997-04-23,47.07606887817383
1997-04-24,46.839759826660156
1997-04-25,46.30088806152344
1997-04-28,46.75462341308594
1997-04-29,48.229305267333984
1997-04-30,48.456199645996094
1997-05-01,48.39946746826172
1997-05-02,49.26915740966797
1997-05-05,50.44135284423828
1997-05-06,50.403526306152344
1997-05-07,49.30696487426758
1997-05-08,49.64728546142578
1997-05-09,49.987548828125
1997-05-12,50.819454193115234
1997-05-13,50.611488342285156
1997-05-14,50.70599365234375
1997-05-15,51.04631042480469
1997-05-16,50.34682846069336
1997-05-19,50.498046875
1997-05-20,51.1030387878418
1997-05-21,50.98958969116211
1997-05-22,50.819454193115234
1997-05-23,51.2921028137207
1997-05-27,51.500064849853516
1997-05-28,51.4906120300293
1997-05-29,51.1881103515625
1997-05-30,51.51896667480469
1997-06-02,51.2921028137207
1997-06-03,51.121944427490234
1997-06-04,51.06523895263672
1997-06-05,51.254310607910156
1997-06-06,52.25629425048828
1997-06-09,52.52096176147461
1997-06-10,52.68169021606445
1997-06-11,52.80461120605469
1997-06-12,53.82551574707031
1997-06-13,54.27924346923828
1997-06-16,54.298152923583984
1997-06-17,54.222530364990234
1997-06-18,54.03348159790039
1997-06-19,54.591209411621094
1997-06-20,54.40519332885742
1997-06-23,53.086116790771484
1997-06-24,54.433658599853516
1997-06-25,54.0540771484375
1997-06-26,53.78837203979492
1997-06-27,53.99712371826172
1997-06-30,53.63651657104492
1997-07-01,54.26285171508789
1997-07-02,55.15492630004883
1997-07-03,55.91407012939453
1997-07-07,55.3447151184082
1997-07-08,55.923583984375
1997-07-09,55.30675506591797
1997-07-10,55.5534553527832
1997-07-11,55.74327850341797
1997-07-14,55.91407012939453
1997-07-15,56.198760986328125
1997-07-16,56.93899154663086
1997-07-17,56.65424728393555
1997-07-18,55.4490852355957
1997-07-21,55.45857238769531
1997-07-22,56.929500579833984
1997-07-23,56.88205337524414
1997-07-24,57.147769927978516
1997-07-25,57.109806060791016
1997-07-28,57.07182312011719
1997-07-29,57.26163101196289
1997-07-30,57.94490432739258
1997-07-31,57.88795471191406
1997-08-01,57.66020584106445
1997-08-04,57.812068939208984
1997-08-05,57.85001754760742
1997-08-06,58.324493408203125
1997-08-07,57.88795471191406
1997-08-08,56.71122741699219
1997-08-11,57.12875747680664
1997-08-12,56.21773147583008
1997-08-13,56.04695129394531
1997-08-14,56.25571823120117
1997-08-15,54.5285758972168
1997-08-18,55.74327850341797
1997-08-19,56.38856887817383
1997-08-20,57.242645263671875
1997-08-21,56.236732482910156
1997-08-22,56.21773147583008
1997-08-25,56.008995056152344
1997-08-26,55.18336486816406
1997-08-27,55.5155143737793
1997-08-28,54.6708984375
1997-08-29,54.8891716003418
1997-09-02,56.67328643798828
1997-09-03,56.369571685791016
1997-09-04,56.730201721191406
1997-09-05,56.568843841552734
1997-09-08,56.81557846069336
1997-09-09,56.84408950805664
1997-09-10,55.6673583984375
1997-09-11,55.382667541503906
1997-09-12,56.27470016479492
1997-09-15,56.17979431152344
1997-09-16,57.58428192138672
1997-09-17,57.58428192138672
1997-09-18,57.831016540527344
1997-09-19,57.92887496948242
1997-09-22,58.252689361572266
1997-09-23,57.98603439331055
1997-09-24,57.5097770690918
1997-09-25,57.10976028442383
1997-09-26,57.58599090576172
1997-09-29,58.138404846191406
1997-09-30,57.52881622314453
1997-10-01,58.290794372558594
1997-10-02,58.614620208740234
1997-10-03,58.909912109375
1997-10-06,59.300384521484375
1997-10-07,59.852848052978516
1997-10-08,59.43376159667969
1997-10-09,59.224205017089844
1997-10-10,59.05278778076172
1997-10-13,59.10990905761719
1997-10-14,59.12894058227539
1997-10-15,58.99562072753906
1997-10-16,58.062232971191406
1997-10-17,57.47166442871094
1997-10-20,58.290794372558594
1997-10-21,59.42424392700195
1997-10-22,59.03373718261719
1997-10-23,57.87168502807617
1997-10-24,57.30026626586914
1997-10-27,53.14747619628906
1997-10-28,56.214439392089844
1997-10-29,56.06204605102539
1997-10-30,54.82383346557617
1997-10-31,56.1191520690918
1997-11-03,57.30026626586914
1997-11-04,57.30026626586914
1997-11-05,57.49075698852539
1997-11-06,57.27166748046875
1997-11-07,56.65256118774414
1997-11-10,56.309661865234375
1997-11-11,56.32871627807617
1997-11-12,55.16672897338867
1997-11-13,55.966793060302734
1997-11-14,56.728763580322266
1997-11-17,57.77647018432617
1997-11-18,57.41450500488281
1997-11-19,57.700279235839844
1997-11-20,58.576480865478516
1997-11-21,58.97659683227539
1997-11-24,57.90983963012695
1997-11-25,58.062232971191406
1997-11-26,58.233680725097656
1997-11-28,58.290794372558594
1997-12-01,59.79567337036133
1997-12-02,59.43376159667969
1997-12-03,59.605194091796875
1997-12-04,59.548065185546875
1997-12-05,60.31002426147461
1997-12-08,60.138545989990234
1997-12-09,59.776649475097656
1997-12-10,59.262298583984375
1997-12-11,58.252689361572266
1997-12-12,58.366981506347656
1997-12-15,58.95753860473633
1997-12-16,59.31944274902344
1997-12-17,59.01468276977539
1997-12-18,58.44320297241211
1997-12-19,58.0063591003418
1997-12-22,58.379302978515625
1997-12-23,57.33702087402344
1997-12-24,57.16486740112305
1997-12-26,57.39436721801758
1997-12-29,58.52278518676758
1997-12-30,59.44073486328125
1997-12-31,59.4024772644043
1998-01-02,59.70849609375
1998-01-05,59.84236526489258
1998-01-06,58.88616180419922
1998-01-07,59.03914260864258
1998-01-08,58.52278518676758
1998-01-09,56.49552536010742
1998-01-12,57.528289794921875
1998-01-13,58.33149719238281
1998-01-14,58.5992431640625
1998-01-15,58.11154556274414
1998-01-16,58.9434814453125
1998-01-20,59.89974594116211
1998-01-21,59.32600021362305
1998-01-22,58.800086975097656
1998-01-23,58.71399688720703
1998-01-26,58.67577362060547
1998-01-27,59.268646240234375
1998-01-28,59.80412673950195
1998-01-29,60.12924575805664
1998-01-30,60.16753387451172
1998-02-02,61.1619987487793
1998-02-03,61.62101745605469
1998-02-04,61.54456329345703
1998-02-05,61.50621795654297
1998-02-06,62.19478225708008
1998-02-09,61.98438262939453
1998-02-10,62.577266693115234
1998-02-11,62.51987838745117
1998-02-12,62.78765106201172
1998-02-13,62.42428970336914
1998-02-17,62.73025894165039
1998-02-18,63.30401611328125
1998-02-19,62.96934127807617
1998-02-20,63.43790817260742
1998-02-23,63.686500549316406
1998-02-24,63.18928527832031
1998-02-25,63.973392486572266
1998-02-26,64.3367691040039
1998-02-27,64.3367691040039
1998-03-02,64.20286560058594
1998-03-03,64.56627655029297
1998-03-04,64.1455078125
1998-03-05,63.5526237487793
1998-03-06,64.83403778076172
1998-03-09,64.6045150756836
1998-03-10,65.21653747558594
1998-03-11,65.52253723144531
1998-03-12,65.79029083251953
1998-03-13,65.54166412353516
1998-03-16,66.2492904663086
1998-03-17,66.44052124023438
1998-03-18,66.68915557861328
1998-03-19,66.8613052368164
1998-03-20,67.4369888305664
1998-03-23,67.28353118896484
1998-03-24,67.85895538330078
1998-03-25,67.60960388183594
1998-03-26,67.5712890625
1998-03-27,67.28353118896484
1998-03-30,67.2452163696289
1998-03-31,67.47537994384766
1998-04-01,68.02200317382812
1998-04-02,68.76042938232422
1998-04-03,69.10565948486328
1998-04-06,68.54944610595703
1998-04-07,68.08911895751953
1998-04-08,67.70548248291016
1998-04-09,68.2425765991211
1998-04-13,68.05074310302734
1998-04-14,68.62619018554688
1998-04-15,68.81798553466797
1998-04-16,68.01239013671875
1998-04-17,68.91387939453125
1998-04-20,68.89470672607422
1998-04-21,69.22074890136719
1998-04-22,69.41252899169922
1998-04-23,68.74126434326172
1998-04-24,68.01239013671875
1998-04-27,66.72732543945312
1998-04-28,66.63143157958984
1998-04-29,67.09172058105469
1998-04-30,68.33847045898438
1998-05-01,69.10565948486328
1998-05-04,68.93303680419922
1998-05-05,68.45355224609375
1998-05-06,67.64795684814453
1998-05-07,67.11093139648438
1998-05-08,68.20417785644531
1998-05-11,67.97403717041016
1998-05-12,68.7028579711914
1998-05-13,68.87547302246094
1998-05-14,68.53025817871094
1998-05-15,68.14662170410156
1998-05-18,67.87813568115234
1998-05-19,68.33847045898438
1998-05-20,68.99058532714844
1998-05-21,68.54944610595703
1998-05-22,68.28095245361328
1998-05-26,67.18768310546875
1998-05-27,67.28353118896484
1998-05-28,67.5904312133789
1998-05-29,66.91913604736328
1998-06-01,67.2260513305664
1998-06-02,67.28353118896484
1998-06-03,66.20946502685547
1998-06-04,67.4369888305664
1998-06-05,68.74126434326172
1998-06-08,68.66453552246094
1998-06-09,68.87547302246094
1998-06-10,68.43436431884766
1998-06-11,67.14928436279297
1998-06-12,67.7822494506836
1998-06-15,65.9985122680664
1998-06-16,67.01504516601562
1998-06-17,68.41516876220703
1998-06-18,68.1082763671875
1998-06-19,67.76705169677734
1998-06-22,68.09415435791016
1998-06-23,68.90226745605469
1998-06-24,69.82583618164062
1998-06-25,69.71038055419922
1998-06-26,69.99898529052734
1998-06-29,70.24913024902344
1998-06-30,69.76805877685547
1998-07-01,70.57626342773438
1998-07-02,70.71094512939453
1998-07-06,71.42282104492188
1998-07-07,71.28817749023438
1998-07-08,71.80766296386719
1998-07-09,71.32665252685547
1998-07-10,71.71147155761719
1998-07-13,71.73069763183594
1998-07-14,72.5388412475586
1998-07-15,72.40413665771484
1998-07-16,72.90442657470703
1998-07-17,73.0006103515625
1998-07-20,73.0006103515625
1998-07-21,71.73069763183594
1998-07-22,71.73069763183594
1998-07-23,70.30685424804688
1998-07-24,70.24913024902344
1998-07-27,70.7494125366211
1998-07-28,69.55646514892578
1998-07-29,69.28705596923828
1998-07-30,70.3260726928711
1998-07-31,68.82527160644531
1998-08-03,68.53669738769531
1998-08-04,65.88140869140625
1998-08-05,66.78575897216797
1998-08-06,67.07438659667969
1998-08-07,67.1898193359375
1998-08-10,66.80501556396484
1998-08-11,65.80448913574219
1998-08-12,66.92047119140625
1998-08-13,66.1123046875
1998-08-14,65.34266662597656
1998-08-17,66.72805786132812
1998-08-18,67.95948028564453
1998-08-19,67.78628540039062
1998-08-20,67.38220977783203
1998-08-21,66.84349060058594
1998-08-24,67.26678466796875
1998-08-25,67.4206771850586
1998-08-26,67.03587341308594
1998-08-27,63.88032913208008
1998-08-28,63.64944839477539
1998-08-31,59.10857009887695
1998-09-01,61.6098747253418
1998-09-02,61.167327880859375
1998-09-03,60.68635940551758
1998-09-04,60.18608474731445
1998-09-08,63.418582916259766
1998-09-09,61.879268646240234
1998-09-10,60.647857666015625
1998-09-11,62.61045455932617
1998-09-14,63.68794250488281
1998-09-15,64.07274627685547
1998-09-16,64.65000915527344
1998-09-17,62.802860260009766
1998-09-18,63.082603454589844
1998-09-21,63.043968200683594
1998-09-22,63.565338134765625
1998-09-23,66.1141357421875
1998-09-24,64.4921646118164
1998-09-25,64.41490936279297
1998-09-28,64.99418640136719
1998-09-29,64.83968353271484
1998-09-30,62.870201110839844
1998-10-01,61.05514144897461
1998-10-02,62.23298263549805
1998-10-05,60.97792053222656
1998-10-06,60.920013427734375
1998-10-07,60.01242446899414
1998-10-08,59.684181213378906
1998-10-09,60.88134765625
1998-10-12,61.769561767578125
1998-10-13,61.55715560913086
1998-10-14,62.13644027709961
1998-10-15,65.4769287109375
1998-10-16,65.49623107910156
1998-10-19,65.7279281616211
1998-10-20,66.1141357421875
1998-10-21,65.88241577148438
1998-10-22,66.86715698242188
1998-10-23,66.01758575439453
1998-10-26,66.50029754638672
1998-10-27,66.1141357421875
1998-10-28,65.99822998046875
1998-10-29,67.60089874267578
1998-10-30,67.96778106689453
1998-11-02,69.12635040283203
1998-11-03,68.6242904663086
1998-11-04,69.35802459716797
1998-11-05,70.30415344238281
1998-11-06,70.51654052734375
1998-11-09,70.0145492553711
1998-11-10,69.82142639160156
1998-11-11,69.35802459716797
1998-11-12,69.28077697753906
1998-11-13,69.95657348632812
1998-11-16,70.47793579101562
1998-11-17,70.47793579101562
1998-11-18,70.90274810791016
1998-11-19,71.52063751220703
1998-11-20,72.06129455566406
1998-11-23,73.760498046875
1998-11-24,73.29706573486328
1998-11-25,73.29706573486328
1998-11-27,73.83773040771484
1998-11-30,71.75234985351562
1998-12-01,72.6791763305664
1998-12-02,72.466796875
1998-12-03,71.26959228515625
1998-12-04,73.14256286621094
1998-12-07,73.49016571044922
1998-12-08,73.16187286376953
1998-12-09,73.29706573486328
1998-12-10,72.22540283203125
1998-12-11,72.37022399902344
1998-12-14,70.28487396240234
1998-12-15,72.09989929199219
1998-12-16,72.00336456298828
1998-12-17,73.15228271484375
1998-12-18,73.46305084228516
1998-12-21,74.48980712890625
1998-12-22,74.81919860839844
1998-12-23,76.388427734375
1998-12-24,76.0590591430664
1998-12-28,75.86534118652344
1998-12-29,77.06649780273438
1998-12-30,76.446533203125
1998-12-31,76.446533203125
1999-01-04,76.27217864990234
1999-01-05,77.14402770996094
1999-01-06,79.00379180908203
1999-01-07,78.61632537841797
1999-01-08,79.19750213623047
1999-01-11,78.44193267822266
1999-01-12,77.02772521972656
1999-01-13,76.48526000976562
1999-01-14,75.14849853515625
1999-01-15,77.10521697998047
1999-01-19,77.60893249511719
1999-01-20,78.22885131835938
1999-01-21,76.15596771240234
1999-01-22,75.9815902709961
1999-01-25,76.75650024414062
1999-01-26,78.1513671875
1999-01-27,77.24083709716797
1999-01-28,78.53887176513672
1999-01-29,79.13938903808594
1999-02-01,78.67446899414062
1999-02-02,78.19011688232422
1999-02-03,78.9843978881836
1999-02-04,77.80267333984375
1999-02-05,76.9114990234375
1999-02-08,77.06649780273438
1999-02-09,75.34223175048828
1999-02-10,75.82658386230469
1999-02-11,77.57017517089844
1999-02-12,76.64027404785156
1999-02-16,76.17530822753906
1999-02-17,76.09783172607422
1999-02-18,76.6983871459961
1999-02-19,77.02772521972656
1999-02-22,79.0812759399414
1999-02-23,79.04254913330078
1999-02-24,77.64766693115234
1999-02-25,76.9114990234375
1999-02-26,76.6015396118164
1999-03-01,76.81465911865234
1999-03-02,76.13658905029297
1999-03-03,76.54341125488281
1999-03-04,77.5120849609375
1999-03-05,79.07160186767578
1999-03-08,79.58496856689453
1999-03-09,79.39127349853516
1999-03-10,80.08869171142578
1999-03-11,80.9798583984375
1999-03-12,80.20494842529297
1999-03-15,81.34793853759766
1999-03-16,81.03799438476562
1999-03-17,80.68927764892578
1999-03-18,81.98725891113281
1999-03-19,80.59365844726562
1999-03-22,80.74900817871094
1999-03-23,78.41859436035156
1999-03-24,78.86529541015625
1999-03-25,80.47713470458984
1999-03-26,79.89454650878906
1999-03-29,81.50640869140625
1999-03-30,81.07915496826172
1999-03-31,79.77799987792969
1999-04-01,80.38003540039062
1999-04-05,82.28323364257812
1999-04-06,82.08905029296875
1999-04-07,82.74935150146484
1999-04-08,83.79800415039062
1999-04-09,83.81744384765625
1999-04-12,84.71075439453125
1999-04-13,84.16698455810547
1999-04-14,82.74935150146484
1999-04-15,82.4385757446289
1999-04-16,81.73946380615234
1999-04-19,80.47713470458984
1999-04-20,81.48697662353516
1999-04-21,83.81744384765625
1999-04-22,84.6136474609375
1999-04-23,84.40003204345703
1999-04-26,84.88552856445312
1999-04-27,85.29334259033203
1999-04-28,84.12814331054688
1999-04-29,83.48727416992188
1999-04-30,82.80757904052734
1999-05-03,84.3223648071289
1999-05-04,83.11827850341797
1999-05-05,83.77857208251953
1999-05-06,83.26397705078125
1999-05-07,83.89510345458984
1999-05-10,83.47757720947266
1999-05-11,84.3223648071289
1999-05-12,84.98263549804688
1999-05-13,85.35161590576172
1999-05-14,83.1377182006836
1999-05-17,83.39017486572266
1999-05-18,83.23482513427734
1999-05-19,83.8368911743164
1999-05-20,83.33191680908203
1999-05-21,82.86578369140625
1999-05-24,81.48697662353516
1999-05-25,80.16645050048828
1999-05-26,81.05977630615234
1999-05-27,79.89454650878906
1999-05-28,80.91412353515625
1999-06-01,80.63251495361328
1999-06-02,80.71017456054688
1999-06-03,81.15687561035156
1999-06-04,82.78816986083984
1999-06-07,83.00178527832031
1999-06-08,82.18611907958984
1999-06-09,82.10845184326172
1999-06-10,81.3510513305664
1999-06-11,80.67135620117188
1999-06-14,80.74900817871094
1999-06-15,81.29280853271484
1999-06-16,82.84640502929688
1999-06-17,83.62321472167969
1999-06-18,83.71985626220703
1999-06-21,83.91461944580078
1999-06-22,83.33025360107422
1999-06-23,82.92121124267578
1999-06-24,82.29788208007812
1999-06-25,82.0933609008789
1999-06-28,83.09650421142578
1999-06-29,83.87565612792969
1999-06-30,85.39503479003906
1999-07-01,86.03781127929688
1999-07-02,86.89488220214844
1999-07-06,86.87540435791016
1999-07-07,86.9923095703125
1999-07-08,87.06049346923828
1999-07-09,87.5766372680664
1999-07-12,87.18706512451172
1999-07-13,86.87540435791016
1999-07-14,87.36234283447266
1999-07-15,87.91749572753906
1999-07-16,88.394775390625
1999-07-19,87.8104019165039
1999-07-20,86.00861358642578
1999-07-21,85.91119384765625
1999-07-22,84.78145599365234
1999-07-23,84.61585235595703
1999-07-26,83.99251556396484
1999-07-27,84.69376373291016
1999-07-28,84.96648406982422
1999-07-29,83.77825164794922
1999-07-30,82.74589538574219
1999-08-02,82.94070434570312
1999-08-03,82.55110931396484
1999-08-04,81.4213638305664
1999-08-05,82.16153717041016
1999-08-06,81.26551055908203
1999-08-09,81.09020233154297
1999-08-10,80.19416046142578
1999-08-11,81.1680908203125
1999-08-12,81.11943817138672
1999-08-13,82.99915313720703
1999-08-16,83.36920928955078
1999-08-17,83.91461944580078
1999-08-18,83.310791015625
1999-08-19,82.6290512084961
1999-08-20,83.46659851074219
1999-08-23,85.0638656616211
1999-08-24,85.37552642822266
1999-08-25,86.2520751953125
1999-08-26,85.2197265625
1999-08-27,84.18733978271484
1999-08-30,82.6290512084961
1999-08-31,82.31734466552734
1999-09-01,83.33025360107422
1999-09-02,82.34663391113281
1999-09-03,84.7521743774414
1999-09-07,84.44055938720703
1999-09-08,84.03148651123047
1999-09-09,83.99251556396484
1999-09-10,84.69376373291016
1999-09-13,84.119140625
1999-09-14,83.56403350830078
1999-09-15,82.23944854736328
1999-09-16,82.56084442138672
1999-09-17,83.60406494140625
1999-09-20,83.48681640625
1999-09-21,81.72879028320312
1999-09-22,81.64088439941406
1999-09-23,79.93171691894531
1999-09-24,79.85357666015625
1999-09-27,80.38097381591797
1999-09-28,80.2247085571289
1999-09-29,79.26756286621094
1999-09-30,80.4786148071289
1999-10-01,80.3028564453125
1999-10-04,81.72879028320312
1999-10-05,81.65064239501953
1999-10-06,82.90081787109375
1999-10-07,82.43199157714844
1999-10-08,83.6821517944336
1999-10-11,83.54541015625
1999-10-12,82.25621032714844
1999-10-13,80.12702178955078
1999-10-14,80.10749816894531
1999-10-15,78.05647277832031
1999-10-18,78.62296295166016
1999-10-19,79.38475036621094
1999-10-20,80.1661148071289
1999-10-21,80.63492584228516
1999-10-22,81.31855773925781
1999-10-25,80.90837097167969
1999-10-26,79.8926010131836
1999-10-27,81.33812713623047
1999-10-28,84.11186981201172
1999-10-29,85.63552856445312
1999-11-01,84.73697662353516
1999-11-02,84.13140869140625
1999-11-03,84.6978988647461
1999-11-04,85.34251403808594
1999-11-05,86.1824722290039
1999-11-08,86.26060485839844
1999-11-09,85.44993591308594
1999-11-10,86.0848159790039
1999-11-11,86.57317352294922
1999-11-12,87.3544692993164
1999-11-15,87.5595703125
1999-11-16,88.29210662841797
1999-11-17,88.52650451660156
1999-11-18,89.15156555175781
1999-11-19,89.07347106933594
1999-11-22,89.05392456054688
1999-11-23,88.2725601196289
1999-11-24,88.74137115478516
1999-11-26,88.4092788696289
1999-11-29,88.09674835205078
1999-11-30,87.06147003173828
1999-12-01,87.76470947265625
1999-12-02,88.29210662841797
1999-12-03,89.91342163085938
1999-12-06,89.249267578125
1999-12-07,88.52650451660156
1999-12-08,87.9600601196289
1999-12-09,88.38976287841797
1999-12-10,88.68274688720703
1999-12-13,88.83902740478516
1999-12-14,87.9795913696289
1999-12-15,88.4483871459961
1999-12-16,88.83902740478516
1999-12-17,89.40956115722656
1999-12-20,88.7634048461914
1999-12-21,90.11450958251953
1999-12-22,90.34952545166016
1999-12-23,91.7887191772461
1999-12-27,91.66144561767578
1999-12-28,91.60272216796875
1999-12-29,91.99431610107422
1999-12-30,91.88663482666016
1999-12-31,92.0335464477539
2000-01-03,91.13274383544922
2000-01-04,87.56884002685547
2000-01-05,87.7255630493164
2000-01-06,86.3156967163086
2000-01-07,91.32853698730469
2000-01-10,91.64190673828125
2000-01-11,90.54529571533203
2000-01-12,89.64454650878906
2000-01-13,90.85858917236328
2000-01-14,92.09225463867188
2000-01-18,91.36772155761719
2000-01-19,92.11186218261719
2000-01-20,90.70193481445312
2000-01-21,90.50615692138672
2000-01-24,87.94096374511719
2000-01-25,88.9395980834961
2000-01-26,88.23467254638672
2000-01-27,87.88221740722656
2000-01-28,85.14077758789062
2000-01-31,87.45143127441406
2000-02-01,88.31301879882812
2000-02-02,88.39134216308594
2000-02-03,89.72283935546875
2000-02-04,89.3508529663086
2000-02-07,89.2137451171875
2000-02-08,90.42781066894531
2000-02-09,88.52837371826172
2000-02-10,88.7046127319336
2000-02-11,86.90313720703125
2000-02-14,87.41223907470703
2000-02-15,88.40110778808594
2000-02-16,87.09893798828125
2000-02-17,86.64859008789062
2000-02-18,84.788330078125
2000-02-22,84.57289123535156
2000-02-23,85.57156372070312
2000-02-24,83.84837341308594
2000-02-25,83.54491424560547
2000-02-28,85.29742431640625
2000-02-29,86.11983489990234
2000-03-01,86.74647521972656
2000-03-02,86.80518341064453
2000-03-03,88.43049621582031
2000-03-06,87.56884002685547
2000-03-07,85.87511444091797
2000-03-08,85.76737213134766
2000-03-09,88.27384185791016
2000-03-10,87.80388641357422
2000-03-13,86.84434509277344
2000-03-14,85.61075592041016
2000-03-15,87.60809326171875
2000-03-16,91.70063018798828
2000-03-17,92.30668640136719
2000-03-20,91.83553314208984
2000-03-21,93.72013854980469
2000-03-22,94.2894515991211
2000-03-23,95.89924621582031
2000-03-24,96.4685287475586
2000-03-27,95.44771575927734
2000-03-28,94.89801025390625
2000-03-29,94.99613189697266
2000-03-30,93.40603637695312
2000-03-31,94.46615600585938
2000-04-03,95.01580047607422
2000-04-04,94.3090591430664
2000-04-05,93.72013854980469
2000-04-06,94.53482818603516
2000-04-07,95.13359069824219
2000-04-10,94.76056671142578
2000-04-11,94.48571014404297
2000-04-12,91.8944091796875
2000-04-13,90.61839294433594
2000-04-14,85.4356918334961
2000-04-17,88.4197006225586
2000-04-18,90.75580596923828
2000-04-19,89.91167449951172
2000-04-20,90.34355163574219
2000-04-24,89.36196899414062
2000-04-25,93.07228088378906
2000-04-26,92.02198791503906
2000-04-27,91.71771240234375
2000-04-28,91.14837646484375
2000-05-01,92.38517761230469
2000-05-02,90.53986358642578
2000-05-03,88.4197006225586
2000-05-04,89.08714294433594
2000-05-05,90.16683197021484
2000-05-08,89.4896240234375
2000-05-09,88.77300262451172
2000-05-10,86.77066802978516
2000-05-11,88.7533950805664
2000-05-12,89.71537017822266
2000-05-15,91.26617431640625
2000-05-16,92.14960479736328
2000-05-17,91.18769073486328
2000-05-18,90.06871032714844
2000-05-19,88.65523529052734
2000-05-22,87.98780822753906
2000-05-23,86.6921157836914
2000-05-24,88.10552978515625
2000-05-25,86.59394836425781
2000-05-26,86.6921157836914
2000-05-30,89.51900482177734
2000-05-31,89.71537017822266
2000-06-01,91.28585052490234
2000-06-02,92.8759994506836
2000-06-05,92.42444610595703
2000-06-06,92.01221466064453
2000-06-07,92.6502685546875
2000-06-08,92.2869873046875
2000-06-09,92.09077453613281
2000-06-12,91.01100158691406
2000-06-13,92.71895599365234
2000-06-14,92.8759994506836
2000-06-15,93.07228088378906
2000-06-16,92.3075942993164
2000-06-19,93.48824310302734
2000-06-20,93.15369415283203
2000-06-21,93.11428833007812
2000-06-22,91.69751739501953
2000-06-23,90.91046142578125
2000-06-26,92.08123779296875
2000-06-27,91.40238952636719
2000-06-28,91.65819549560547
2000-06-29,90.79236602783203
2000-06-30,91.4810562133789
2000-07-03,92.74049377441406
2000-07-05,91.06783294677734
2000-07-06,91.77623748779297
2000-07-07,93.2520751953125
2000-07-10,93.09466552734375
2000-07-11,93.29141235351562
2000-07-12,93.90142059326172
2000-07-13,94.3146743774414
2000-07-14,95.23950958251953
2000-07-17,95.08209228515625
2000-07-18,94.30482482910156
2000-07-19,93.54724884033203
2000-07-20,94.84597778320312
2000-07-21,92.99624633789062
2000-07-24,92.46501922607422
2000-07-25,92.76010131835938
2000-07-26,91.85497283935547
2000-07-27,91.54014587402344
2000-07-28,89.47395324707031
2000-07-31,90.04461669921875
2000-08-01,90.59558868408203
2000-08-02,91.0481948852539
2000-08-03,91.67787170410156
2000-08-04,92.16981506347656
2000-08-07,93.27177429199219
2000-08-08,93.6259536743164
2000-08-09,92.83885955810547
2000-08-10,92.38623809814453
2000-08-11,92.81916046142578
2000-08-14,93.99981689453125
2000-08-15,93.9211196899414
2000-08-16,93.58660125732422
2000-08-17,94.57047271728516
2000-08-18,94.25563049316406
2000-08-21,94.7672348022461
2000-08-22,94.60981750488281
2000-08-23,94.98368072509766
2000-08-24,95.27886199951172
2000-08-25,95.23950958251953
2000-08-28,95.5641860961914
2000-08-29,95.58384704589844
2000-08-30,94.66886138916016
2000-08-31,95.92818450927734
2000-09-01,96.02660369873047
2000-09-05,95.25922393798828
2000-09-06,94.17694854736328
2000-09-07,94.98368072509766
2000-09-08,94.33431243896484
2000-09-11,94.19664001464844
2000-09-12,93.50788879394531
2000-09-13,93.75389099121094
2000-09-14,94.22613525390625
2000-09-15,92.16463470458984
2000-09-18,91.31642150878906
2000-09-19,92.14495849609375
2000-09-20,91.46431732177734
2000-09-21,90.0735855102539
2000-09-22,91.7109146118164
2000-09-25,91.0599594116211
2000-09-26,89.89604949951172
2000-09-27,90.36949157714844
2000-09-28,91.53339385986328
2000-09-29,90.6654052734375
2000-10-02,90.80349731445312
2000-10-03,89.95518493652344
2000-10-04,90.7048568725586
2000-10-05,91.02047729492188
2000-10-06,89.04779052734375
2000-10-09,88.37708282470703
2000-10-10,86.9172592163086
2000-10-11,86.18734741210938
2000-10-12,84.037109375
2000-10-13,86.83834838867188
2000-10-16,87.23289489746094
2000-10-17,85.06291961669922
2000-10-18,84.74723815917969
2000-10-19,87.94308471679688
2000-10-20,88.31790161132812
2000-10-23,88.71236419677734
2000-10-24,88.12061309814453
2000-10-25,86.04927062988281
2000-10-26,86.28600311279297
2000-10-27,87.92334747314453
2000-10-30,88.71236419677734
2000-10-31,90.24127197265625
2000-11-01,89.93550109863281
2000-11-02,90.08343505859375
2000-11-03,90.13276672363281
2000-11-06,90.76403045654297
2000-11-07,90.74431610107422
2000-11-08,88.73217010498047
2000-11-09,88.39679718017578
2000-11-10,86.24652099609375
2000-11-13,85.57585906982422
2000-11-14,87.82466888427734
2000-11-15,88.10089874267578
2000-11-16,86.72001647949219
2000-11-17,86.2563705444336
2000-11-20,85.0234603881836
2000-11-21,85.45746612548828
2000-11-22,83.41567993164062
2000-11-24,85.12210845947266
2000-11-27,85.8717041015625
2000-11-28,84.3922119140625
2000-11-29,84.23442077636719
2000-11-30,83.50447082519531
2000-12-01,83.46499633789062
2000-12-04,84.17521667480469
2000-12-05,86.93700408935547
2000-12-06,85.54621887207031
2000-12-07,84.37246704101562
2000-12-08,84.5697250366211
2000-12-11,87.50907135009766
2000-12-12,87.1342544555664
2000-12-13,85.94078063964844
2000-12-14,84.84590911865234
2000-12-15,82.92953491210938
2000-12-18,84.03764343261719
2000-12-19,82.32598114013672
2000-12-20,79.94158935546875
2000-12-21,80.49565887451172
2000-12-22,82.90974426269531
2000-12-26,83.8001708984375
2000-12-27,84.41360473632812
2000-12-28,84.67086029052734
2000-12-29,83.06800842285156
2001-01-02,81.56421661376953
2001-01-03,85.48211669921875
2001-01-04,84.56200408935547
2001-01-05,81.80165100097656
2001-01-08,82.43486022949219
2001-01-09,82.2171630859375
2001-01-10,83.66168975830078
2001-01-11,83.74080657958984
2001-01-12,83.58251190185547
2001-01-16,84.11681365966797
2001-01-17,84.50262451171875
2001-01-18,85.34364318847656
2001-01-19,84.85883331298828
2001-01-22,85.42276000976562
2001-01-23,86.09555053710938
2001-01-24,86.352783203125
2001-01-25,86.13511657714844
2001-01-26,86.03618621826172
2001-01-29,86.49524688720703
2001-01-30,87.25509643554688
2001-01-31,86.76122283935547
2001-02-01,87.33740234375
2001-02-02,85.35549926757812
2001-02-05,85.9823226928711
2001-02-06,85.72901916503906
2001-02-07,85.28582000732422
2001-02-08,84.2917251586914
2001-02-09,83.4812240600586
2001-02-12,84.43738555908203
2001-02-13,83.74716186523438
2001-02-14,83.6205062866211
2001-02-15,84.4310073852539
2001-02-16,82.56941986083984
2001-02-20,81.29667663574219
2001-02-21,79.54271697998047
2001-02-22,79.66301727294922
2001-02-23,79.12480163574219
2001-02-26,80.8091049194336
2001-02-27,80.06193542480469
2001-02-28,78.48526000976562
2001-03-01,78.8968505859375
2001-03-02,78.26996612548828
2001-03-05,78.98545837402344
2001-03-06,79.83395385742188
2001-03-07,80.40387725830078
2001-03-08,80.49250030517578
2001-03-09,78.1116943359375
2001-03-12,74.76839447021484
2001-03-13,75.99681091308594
2001-03-14,74.49608612060547
2001-03-15,74.51509094238281
2001-03-16,73.02053833007812
2001-03-19,74.50621795654297
2001-03-20,72.50624084472656
2001-03-21,71.2745132446289
2001-03-22,70.55070495605469
2001-03-23,72.68402862548828
2001-03-26,73.6109848022461
2001-03-27,75.11566925048828
2001-03-28,73.03959655761719
2001-03-29,73.31892395019531
2001-03-30,74.08717346191406
2001-04-02,72.50624084472656
2001-04-03,70.08728790283203
2001-04-04,70.3792953491211
2001-04-05,73.0459213256836
2001-04-06,71.93480682373047
2001-04-09,72.73482513427734
2001-04-10,74.06175994873047
2001-04-11,74.1125717163086
2001-04-12,75.45854187011719
2001-04-16,74.6649169921875
2001-04-17,75.71891021728516
2001-04-18,78.72833251953125
2001-04-19,79.77593994140625
2001-04-20,79.04578399658203
2001-04-23,77.61090087890625
2001-04-24,77.19185638427734
2001-04-25,78.20134735107422
2001-04-26,78.55052185058594
2001-04-27,79.85848236083984
2001-04-30,80.41715240478516
2001-05-01,80.664794921875
2001-05-02,80.51875305175781
2001-05-03,79.49657440185547
2001-05-04,80.848876953125
2001-05-07,80.15048217773438
2001-05-08,80.1124496459961
2001-05-09,79.77593994140625
2001-05-10,80.01082611083984
2001-05-11,79.45845031738281
2001-05-14,79.6171875
2001-05-15,79.98540496826172
2001-05-16,81.8711166381836
2001-05-17,81.99809265136719
2001-05-18,82.37268829345703
2001-05-21,83.58539581298828
2001-05-22,83.47743225097656
2001-05-23,82.06158447265625
2001-05-24,82.30284881591797
2001-05-25,81.33145904541016
2001-05-29,80.68384552001953
2001-05-30,79.5537109375
2001-05-31,79.96636199951172
2001-06-01,80.46162414550781
2001-06-04,80.848876953125
2001-06-05,81.77587890625
2001-06-06,81.09651184082031
2001-06-07,81.38859558105469
2001-06-08,80.63304901123047
2001-06-11,80.06163024902344
2001-06-12,79.92195892333984
2001-06-13,79.23623657226562
2001-06-14,77.45849609375
2001-06-15,77.58332061767578
2001-06-18,77.2076644897461
2001-06-19,77.54508209228516
2001-06-20,77.95259094238281
2001-06-21,78.83763122558594
2001-06-22,78.22003173828125
2001-06-25,77.50054931640625
2001-06-26,77.39229583740234
2001-06-27,77.34773254394531
2001-06-28,77.77432250976562
2001-06-29,78.06085205078125
2001-07-02,79.03501892089844
2001-07-03,79.01591491699219
2001-07-05,77.47506713867188
2001-07-06,75.80054473876953
2001-07-09,76.2143783569336
2001-07-10,75.29751586914062
2001-07-11,75.37390899658203
2001-07-12,77.16309356689453
2001-07-13,77.83160400390625
2001-07-16,76.85747528076172
2001-07-17,77.57693481445312
2001-07-18,77.04845428466797
2001-07-19,77.7233657836914
2001-07-20,77.25859832763672
2001-07-23,75.73685455322266
2001-07-24,75.00462341308594
2001-07-25,75.83233642578125
2001-07-26,76.62825775146484
2001-07-27,76.92113494873047
2001-07-30,76.94657135009766
2001-07-31,77.26495361328125
2001-08-01,77.74885559082031
2001-08-02,78.06718444824219
2001-08-03,77.64060974121094
2001-08-06,76.59638214111328
2001-08-07,76.89567565917969
2001-08-08,75.46942901611328
2001-08-09,75.6922607421875
2001-08-10,75.95333099365234
2001-08-13,75.97239685058594
2001-08-14,75.94061279296875
2001-08-15,75.2847671508789
2001-08-16,75.54582977294922
2001-08-17,74.33606719970703
2001-08-20,75.02374267578125
2001-08-21,73.74395751953125
2001-08-22,74.50800323486328
2001-08-23,74.24058532714844
2001-08-24,75.78141784667969
2001-08-27,75.32933044433594
2001-08-28,74.22787475585938
2001-08-29,73.56564331054688
2001-08-30,72.15215301513672
2001-08-31,72.68064880371094
2001-09-04,72.21578979492188
2001-09-05,72.39413452148438
2001-09-06,70.52853393554688
2001-09-07,69.22327423095703
2001-09-10,70.07009887695312
2001-09-17,66.40899658203125
2001-09-18,66.24984741210938
2001-09-19,64.91273498535156
2001-09-20,62.84979248046875
2001-09-21,62.171714782714844
2001-09-24,64.3574447631836
2001-09-25,65.02851104736328
2001-09-26,64.7984390258789
2001-09-27,65.3608169555664
2001-09-28,66.7476806640625
2001-10-01,66.63899993896484
2001-10-02,67.47628021240234
2001-10-03,68.60746765136719
2001-10-04,68.66500091552734
2001-10-05,68.53079986572266
2001-10-08,68.0833969116211
2001-10-09,67.7190933227539
2001-10-10,69.22736358642578
2001-10-11,70.30107116699219
2001-10-12,69.98153686523438
2001-10-15,69.85372161865234
2001-10-16,70.29466247558594
2001-10-17,68.79920959472656
2001-10-18,68.65220642089844
2001-10-19,68.60746765136719
2001-10-22,69.96237182617188
2001-10-23,69.60444641113281
2001-10-24,69.41911315917969
2001-10-25,70.66533660888672
2001-10-26,70.50556945800781
2001-10-29,68.67131805419922
2001-10-30,67.84693145751953
2001-10-31,67.61685943603516
2001-11-01,69.34883117675781
2001-11-02,69.82174682617188
2001-11-05,70.73568725585938
2001-11-06,71.8349380493164
2001-11-07,71.7390365600586
2001-11-08,71.96273040771484
2001-11-09,72.03945922851562
2001-11-12,71.59845733642578
2001-11-13,73.20897674560547
2001-11-14,73.27925109863281
2001-11-15,73.41349792480469
2001-11-16,73.08753204345703
2001-11-19,73.98870086669922
2001-11-20,73.36878967285156
2001-11-21,72.88304901123047
2001-11-23,73.93115234375
2001-11-26,74.09093475341797
2001-11-27,73.77140045166016
2001-11-28,72.43566131591797
2001-11-29,73.41349792480469
2001-11-30,72.88941955566406
2001-12-03,72.45484924316406
2001-12-04,73.68195343017578
2001-12-05,75.03041076660156
2001-12-06,74.99208068847656
2001-12-07,74.49359130859375
2001-12-10,73.10032653808594
2001-12-11,72.95333862304688
2001-12-12,73.03642272949219
2001-12-13,71.61760711669922
2001-12-14,72.30142974853516
2001-12-17,73.04923248291016
2001-12-18,73.48375701904297
2001-12-19,74.00145721435547
2001-12-20,73.27290344238281
2001-12-21,73.7173080444336
2001-12-24,73.57625579833984
2001-12-26,73.98019409179688
2001-12-27,74.42916107177734
2001-12-28,74.39070129394531
2001-12-31,73.30047607421875
2002-01-02,74.08926391601562
2002-01-03,74.92936706542969
2002-01-04,75.42961120605469
2002-01-07,74.89733123779297
2002-01-08,74.72415161132812
2002-01-09,74.11491394042969
2002-01-10,74.44200897216797
2002-01-11,73.71092224121094
2002-01-14,73.24918365478516
2002-01-15,73.84556579589844
2002-01-16,72.35131072998047
2002-01-17,72.89644622802734
2002-01-18,72.56297302246094
2002-01-22,72.06278228759766
2002-01-23,72.61429595947266
2002-01-24,72.83875274658203
2002-01-25,72.81949615478516
2002-01-28,73.01832580566406
2002-01-29,70.72242736816406
2002-01-30,71.74209594726562
2002-01-31,72.58223724365234
2002-02-01,72.24231719970703
2002-02-04,70.44670867919922
2002-02-05,70.0105972290039
2002-02-06,69.70919036865234
2002-02-07,69.27310180664062
2002-02-08,70.60061645507812
2002-02-11,71.46634674072266
2002-02-12,71.24187469482422
2002-02-13,71.99861907958984
2002-02-14,71.86397552490234
2002-02-15,71.11363220214844
2002-02-19,69.74767303466797
2002-02-20,70.92125701904297
2002-02-21,69.45268249511719
2002-02-22,70.31199645996094
2002-02-25,71.47274780273438
2002-02-26,71.32523345947266
2002-02-27,71.60104370117188
2002-02-28,71.28036499023438
2002-03-01,72.94132232666016
2002-03-04,74.23035430908203
2002-03-05,73.99308013916016
2002-03-06,74.87163543701172
2002-03-07,74.71134948730469
2002-03-08,75.02556610107422
2002-03-11,75.18587493896484
2002-03-12,75.14099884033203
2002-03-13,74.41632843017578
2002-03-14,74.3136978149414
2002-03-15,75.02181243896484
2002-03-18,75.03465270996094
2002-03-19,75.53630065917969
2002-03-20,74.1149673461914
2002-03-21,74.14716339111328
2002-03-22,73.98640441894531
2002-03-25,73.06668090820312
2002-03-26,73.49114990234375
2002-03-27,73.68409729003906
2002-03-28,73.65189361572266
2002-04-01,73.68409729003906
2002-04-02,73.27889251708984
2002-04-03,72.764404296875
2002-04-04,72.46214294433594
2002-04-05,72.47500610351562
2002-04-08,72.62934112548828
2002-04-09,72.12127685546875
2002-04-10,72.93805694580078
2002-04-11,71.12438201904297
2002-04-12,71.65821075439453
2002-04-15,71.1115493774414
2002-04-16,72.80297088623047
2002-04-17,72.64865112304688
2002-04-18,72.33351135253906
2002-04-19,72.5971908569336
2002-04-22,71.38809204101562
2002-04-23,71.07939910888672
2002-04-24,70.36550903320312
2002-04-25,70.40410614013672
2002-04-26,69.06636047363281
2002-04-29,68.72551727294922
2002-04-30,69.36861419677734
2002-05-01,70.21760559082031
2002-05-02,69.94747161865234
2002-05-03,69.1885757446289
2002-05-06,67.83154296875
2002-05-07,67.59357452392578
2002-05-08,70.10823822021484
2002-05-09,69.29790496826172
2002-05-10,67.9923324584961
2002-05-13,69.37504577636719
2002-05-14,70.88648223876953
2002-05-15,70.60990142822266
2002-05-16,70.97648620605469
2002-05-17,71.32377624511719
2002-05-20,70.55200958251953
2002-05-21,69.90887451171875
2002-05-22,70.06321716308594
2002-05-23,70.80925750732422
2002-05-24,69.90241241455078
2002-05-28,69.52298736572266
2002-05-29,69.00847625732422
2002-05-30,68.81556701660156
2002-05-31,68.95702362060547
2002-06-03,67.12407684326172
2002-06-04,67.29129028320312
2002-06-05,67.92161560058594
2002-06-06,66.53887939453125
2002-06-07,66.46165466308594
2002-06-10,66.71891784667969
2002-06-11,65.57415771484375
2002-06-12,65.97286987304688
2002-06-13,65.31045532226562
2002-06-14,65.21398162841797
2002-06-17,66.96330261230469
2002-06-18,67.50997924804688
2002-06-19,65.93431854248047
2002-06-20,65.091796875
2002-06-21,64.07401275634766
2002-06-24,64.40962219238281
2002-06-25,62.96394348144531
2002-06-26,63.0672492980957
2002-06-27,64.17080688476562
2002-06-28,63.86748504638672
2002-07-01,62.621910095214844
2002-07-02,61.29240036010742
2002-07-03,61.640899658203125
2002-07-05,64.09339141845703
2002-07-08,63.29307174682617
2002-07-09,61.69896697998047
2002-07-10,59.45302200317383
2002-07-11,59.93710708618164
2002-07-12,59.2787971496582
2002-07-15,59.595035552978516
2002-07-16,58.44623565673828
2002-07-17,58.56238555908203
2002-07-18,56.66497039794922
2002-07-19,54.67072677612305
2002-07-22,53.05081558227539
2002-07-23,51.598697662353516
2002-07-24,54.67719650268555
2002-07-25,54.212501525878906
2002-07-26,55.245113372802734
2002-07-29,57.9363899230957
2002-07-30,58.691505432128906
2002-07-31,58.833457946777344
2002-08-01,57.29741287231445
2002-08-02,56.01314926147461
2002-08-05,54.06406784057617
2002-08-06,55.88404083251953
2002-08-07,56.85856628417969
2002-08-08,58.69792556762695
2002-08-09,58.91734313964844
2002-08-12,58.4849739074707
2002-08-13,57.420074462890625
2002-08-14,59.51755905151367
2002-08-15,60.34368133544922
2002-08-16,60.162994384765625
2002-08-19,61.5699348449707
2002-08-20,60.91805648803711
2002-08-21,61.79581832885742
2002-08-22,62.39601135253906
2002-08-23,61.05360412597656
2002-08-26,61.47954177856445
2002-08-27,60.76960372924805
2002-08-28,59.440162658691406
2002-08-29,59.4659538269043
2002-08-30,59.23360824584961
2002-09-03,56.97477340698242
2002-09-04,57.78791809082031
2002-09-05,57.29741287231445
2002-09-06,58.084800720214844
2002-09-09,58.51079177856445
2002-09-10,59.18198013305664
2002-09-11,58.814090728759766
2002-09-12,57.72986602783203
2002-09-13,57.87188720703125
2002-09-16,58.0138053894043
2002-09-17,56.68433380126953
2002-09-18,56.116371154785156
2002-09-19,54.664276123046875
2002-09-20,54.68240737915039
2002-09-23,54.235103607177734
2002-09-24,53.35995101928711
2002-09-25,54.68240737915039
2002-09-26,55.57706832885742
2002-09-27,53.64518737792969
2002-09-30,53.0228271484375
2002-10-01,55.57057571411133
2002-10-02,53.90451431274414
2002-10-03,53.35995101928711
2002-10-04,52.381038665771484
2002-10-07,51.298377990722656
2002-10-08,52.102272033691406
2002-10-09,50.63065719604492
2002-10-10,52.27081298828125
2002-10-11,54.559261322021484
2002-10-14,54.86393356323242
2002-10-15,57.50247573852539
2002-10-16,56.1086311340332
2002-10-17,57.22367858886719
2002-10-18,57.46355056762695
2002-10-21,58.455413818359375
2002-10-22,58.034053802490234
2002-10-23,58.474876403808594
2002-10-24,57.282047271728516
2002-10-25,58.474876403808594
2002-10-28,58.0923957824707
2002-10-29,57.418174743652344
2002-10-30,57.975669860839844
2002-10-31,57.38575744628906
2002-11-01,58.52023696899414
2002-11-04,59.07773971557617
2002-11-05,59.544498443603516
2002-11-06,60.315940856933594
2002-11-07,58.83787536621094
2002-11-08,58.11830520629883
2002-11-11,57.21720886230469
2002-11-12,57.67098617553711
2002-11-13,57.729347229003906
2002-11-14,58.818477630615234
2002-11-15,59.25282287597656
2002-11-18,58.65640640258789
2002-11-19,58.578609466552734
2002-11-20,59.88164138793945
2002-11-21,60.996681213378906
2002-11-22,60.56234359741211
2002-11-25,60.601219177246094
2002-11-26,59.447303771972656
2002-11-27,61.119873046875
2002-11-29,60.92536926269531
2002-12-02,61.02262496948242
2002-12-03,60.20580291748047
2002-12-04,59.93347930908203
2002-12-05,59.27226638793945
2002-12-06,59.6612434387207
2002-12-09,58.02106857299805
2002-12-10,58.79899215698242
2002-12-11,58.85085678100586
2002-12-12,58.84440994262695
2002-12-13,57.917320251464844
2002-12-16,59.41482925415039
2002-12-17,58.89623260498047
2002-12-18,58.21555709838867
2002-12-19,57.80063247680664
2002-12-20,58.62541580200195
2002-12-23,58.644935607910156
2002-12-24,58.208465576171875
2002-12-26,58.234519958496094
2002-12-27,56.92509078979492
2002-12-30,57.400691986083984
2002-12-31,57.47883224487305
2003-01-02,59.329002380371094
2003-01-03,59.51141357421875
2003-01-06,60.56024169921875
2003-01-07,60.41042709350586
2003-01-08,59.5374755859375
2003-01-09,60.46253967285156
2003-01-10,60.62541198730469
2003-01-13,60.605857849121094
2003-01-14,60.801307678222656
2003-01-15,60.19544219970703
2003-01-16,59.947879791259766
2003-01-17,59.0618896484375
2003-01-21,58.14329528808594
2003-01-22,57.43972396850586
2003-01-23,57.7915153503418
2003-01-24,56.273597717285156
2003-01-27,55.50489044189453
2003-01-28,55.9152946472168
2003-01-29,56.338783264160156
2003-01-30,55.00326156616211
2003-01-31,56.065147399902344
2003-02-03,56.17589569091797
2003-02-04,55.62216567993164
2003-02-05,55.27687454223633
2003-02-06,55.01630401611328
2003-02-07,54.34529113769531
2003-02-10,54.72966766357422
2003-02-11,54.351802825927734
2003-02-12,53.48534393310547
2003-02-13,53.648189544677734
2003-02-14,54.82081985473633
2003-02-18,55.78502655029297
2003-02-19,55.49186325073242
2003-02-20,54.938106536865234
2003-02-21,55.49186325073242
2003-02-24,54.592838287353516
2003-02-25,55.02931213378906
2003-02-26,54.22801208496094
2003-02-27,54.94462966918945
2003-02-28,55.30945587158203
2003-03-03,54.78178024291992
2003-03-04,53.908809661865234
2003-03-05,54.36479187011719
2003-03-06,53.908809661865234
2003-03-07,54.28014373779297
2003-03-10,52.97719955444336
2003-03-11,52.45602798461914
2003-03-12,52.80780792236328
2003-03-13,54.63192367553711
2003-03-14,54.80778503417969
2003-03-17,56.53422164916992
2003-03-18,56.8664436340332
2003-03-19,57.30293273925781
2003-03-20,57.426719665527344
2003-03-21,58.652496337890625
2003-03-24,56.70328903198242
2003-03-25,57.246177673339844
2003-03-26,56.95836639404297
2003-03-27,57.00416946411133
2003-03-28,56.716365814208984
2003-03-31,55.42782211303711
2003-04-01,56.278106689453125
2003-04-02,57.638648986816406
2003-04-03,57.363929748535156
2003-04-04,57.70404815673828
2003-04-07,57.592864990234375
2003-04-08,57.6844367980957
2003-04-09,56.92568588256836
2003-04-10,57.23965072631836
2003-04-11,57.00416946411133
2003-04-14,58.181541442871094
2003-04-15,58.724430084228516
2003-04-16,57.72365951538086
2003-04-17,58.58053970336914
2003-04-21,58.63939666748047
2003-04-22,59.74480438232422
2003-04-23,60.294254302978516
2003-04-24,59.757896423339844
2003-04-25,59.01877212524414
2003-04-28,60.03916549682617
2003-04-29,60.248435974121094
2003-04-30,60.117652893066406
2003-05-01,60.11112594604492
2003-05-02,60.967979431152344
2003-05-05,60.85020446777344
2003-05-06,61.42586135864258
2003-05-07,61.0857048034668
2003-05-08,60.470848083496094
2003-05-09,61.308109283447266
2003-05-12,62.0602912902832
2003-05-13,61.9491081237793
2003-05-14,61.818302154541016
2003-05-15,62.210693359375
2003-05-16,62.05371856689453
2003-05-19,60.601680755615234
2003-05-20,60.47738265991211
2003-05-21,60.601680755615234
2003-05-22,61.20341491699219
2003-05-23,61.32773208618164
2003-05-27,62.400447845458984
2003-05-28,62.5770263671875
2003-05-29,62.41352462768555
2003-05-30,63.41423416137695
2003-06-02,63.67588806152344
2003-06-03,63.937530517578125
2003-06-04,64.85979461669922
2003-06-05,65.18030548095703
2003-06-06,64.92524719238281
2003-06-09,64.26461029052734
2003-06-10,64.91869354248047
2003-06-11,65.60548400878906
2003-06-12,65.80828094482422
2003-06-13,65.1214599609375
2003-06-16,66.49507141113281
2003-06-17,66.49507141113281
2003-06-18,66.43618774414062
2003-06-19,65.42235565185547
2003-06-20,65.2779312133789
2003-06-23,64.60836029052734
2003-06-24,64.67399597167969
2003-06-25,64.02410888671875
2003-06-26,64.85777282714844
2003-06-27,64.10942077636719
2003-06-30,64.0897216796875
2003-07-01,64.6805419921875
2003-07-02,65.49456024169922
2003-07-03,64.81840515136719
2003-07-07,66.10503387451172
2003-07-08,66.40045928955078
2003-07-09,66.02628326416016
2003-07-10,65.18606567382812
2003-07-11,65.80309295654297
2003-07-14,66.12474060058594
2003-07-15,65.98030853271484
2003-07-16,65.59302520751953
2003-07-17,64.6608657836914
2003-07-18,65.32386779785156
2003-07-21,64.51644897460938
2003-07-22,65.10065460205078
2003-07-23,65.1466293334961
2003-07-24,64.65431213378906
2003-07-25,65.79651641845703
2003-07-28,65.55362701416016
2003-07-29,65.2516860961914
2003-07-30,65.09413146972656
2003-07-31,65.24510192871094
2003-08-01,64.66739654541016
2003-08-04,64.66739654541016
2003-08-05,63.2954216003418
2003-08-06,63.66305160522461
2003-08-07,64.3326187133789
2003-08-08,64.51644897460938
2003-08-11,64.75935363769531
2003-08-12,65.35009002685547
2003-08-13,65.01534271240234
2003-08-14,65.19256591796875
2003-08-15,65.39607238769531
2003-08-18,65.96061706542969
2003-08-19,66.21005249023438
2003-08-20,65.94094848632812
2003-08-21,66.15100860595703
2003-08-22,65.49456024169922
2003-08-25,65.59959411621094
2003-08-26,65.71774291992188
2003-08-27,65.73746490478516
2003-08-28,66.14443969726562
2003-08-29,66.5908203125
2003-09-02,67.4836196899414
2003-09-03,67.8511962890625
2003-09-04,67.88407135009766
2003-09-05,67.5033187866211
2003-09-08,68.06128692626953
2003-09-09,67.61488342285156
2003-09-10,66.93218994140625
2003-09-11,67.12911224365234
2003-09-12,67.25386047363281
2003-09-15,67.01753234863281
2003-09-16,67.99564361572266
2003-09-17,67.8643569946289
2003-09-18,68.66525268554688
2003-09-19,68.31597137451172
2003-09-22,67.57792663574219
2003-09-23,67.83494567871094
2003-09-24,66.62899780273438
2003-09-25,66.08203887939453
2003-09-26,65.86457061767578
2003-09-29,66.51042938232422
2003-09-30,65.86457061767578
2003-10-01,67.26822662353516
2003-10-02,67.51201629638672
2003-10-03,68.13143157958984
2003-10-06,68.44120025634766
2003-10-07,68.70478057861328
2003-10-08,68.53340911865234
2003-10-09,68.71794891357422
2003-10-10,68.90904998779297
2003-10-13,69.12657165527344
2003-10-14,69.37033081054688
2003-10-15,69.18579864501953
2003-10-16,69.46260070800781
2003-10-17,68.70478057861328
2003-10-20,69.21878814697266
2003-10-21,69.10014343261719
2003-10-22,68.23030853271484
2003-10-23,68.1051254272461
2003-10-24,68.25666046142578
2003-10-27,68.28961944580078
2003-10-28,69.21878814697266
2003-10-29,69.31104278564453
2003-10-30,69.45600891113281
2003-10-31,69.39010620117188
2003-11-03,69.84481811523438
2003-11-04,69.69322967529297
2003-11-05,69.74596405029297
2003-11-06,70.11494445800781
2003-11-07,69.59437561035156
2003-11-10,69.31104278564453
2003-11-11,69.29126739501953
2003-11-12,70.06886291503906
2003-11-13,70.088623046875
2003-11-14,69.49555969238281
2003-11-17,69.14632415771484
2003-11-18,68.42800903320312
2003-11-19,69.00788879394531
2003-11-20,68.38843536376953
2003-11-21,68.67182159423828
2003-11-24,69.58116912841797
2003-11-25,69.84481811523438
2003-11-26,70.09517669677734
2003-11-28,70.14791870117188
2003-12-01,70.90573120117188
2003-12-02,70.72782135009766
2003-12-03,70.61580657958984
2003-12-04,70.90573120117188
2003-12-05,70.41151428222656
2003-12-08,70.88600158691406
2003-12-09,70.33900451660156
2003-12-10,70.33247375488281
2003-12-11,71.12319946289062
2003-12-12,71.26158905029297
2003-12-15,70.90573120117188
2003-12-16,71.27478790283203
2003-12-17,71.49883270263672
2003-12-18,72.30280303955078
2003-12-19,72.10147857666016
2003-12-22,72.60466003417969
2003-12-23,72.6509780883789
2003-12-24,72.57823944091797
2003-12-26,72.63114166259766
2003-12-29,73.59782409667969
2003-12-30,73.61107635498047
2003-12-31,73.6772689819336
2004-01-02,73.6441650390625
2004-01-05,74.44530487060547
2004-01-06,74.51811218261719
2004-01-07,74.76972961425781
2004-01-08,75.06767272949219
2004-01-09,74.41217041015625
2004-01-12,74.96168518066406
2004-01-13,74.52476501464844
2004-01-14,75.14713287353516
2004-01-15,75.33248901367188
2004-01-16,75.63043975830078
2004-01-20,75.61055755615234
2004-01-21,76.20646667480469
2004-01-22,76.00782012939453
2004-01-23,75.76287078857422
2004-01-26,76.71623992919922
2004-01-27,75.92837524414062
2004-01-28,75.06103515625
2004-01-29,75.13382720947266
2004-01-30,75.13382720947266
2004-02-02,75.45828247070312
2004-02-03,75.33248901367188
2004-02-04,74.71675872802734
2004-02-05,74.93525695800781
2004-02-06,75.77610778808594
2004-02-09,75.79594421386719
2004-02-10,76.04095458984375
2004-02-11,76.84867095947266
2004-02-12,76.57059478759766
2004-02-13,76.22632598876953
2004-02-17,76.9148941040039
2004-02-18,76.57723236083984
2004-02-19,76.29254150390625
2004-02-20,76.06077575683594
2004-02-23,75.86880493164062
2004-02-24,75.73639678955078
2004-02-25,76.05419158935547
2004-02-26,76.10050964355469
2004-02-27,76.15345764160156
2004-03-01,76.90824890136719
2004-03-02,76.45804595947266
2004-03-03,76.59709930419922
2004-03-04,76.79570770263672
2004-03-05,77.05393981933594
2004-03-08,76.11372375488281
2004-03-09,75.80921936035156
2004-03-10,74.53801727294922
2004-03-11,73.57134246826172
2004-03-12,74.53801727294922
2004-03-15,73.62430572509766
2004-03-16,74.01493072509766
2004-03-17,74.84255981445312
2004-03-18,74.86239624023438
2004-03-19,73.78937530517578
2004-03-22,72.85256958007812
2004-03-23,72.72633361816406
2004-03-24,72.7861099243164
2004-03-25,73.7495346069336
2004-03-26,73.76945495605469
2004-03-29,74.80595397949219
2004-03-30,75.0584487915039
2004-03-31,75.14476776123047
2004-04-01,75.59658813476562
2004-04-02,76.16796112060547
2004-04-05,76.58655548095703
2004-04-06,76.34071350097656
2004-04-07,76.16132354736328
2004-04-08,75.98860168457031
2004-04-12,76.28759002685547
2004-04-13,75.21785736083984
2004-04-14,75.33744049072266
2004-04-15,75.05175018310547
2004-04-16,75.62981414794922
2004-04-19,75.62981414794922
2004-04-20,74.36077880859375
2004-04-21,74.8591079711914
2004-04-22,75.90886688232422
2004-04-23,75.9819564819336
2004-04-26,75.87562561035156
2004-04-27,75.94209289550781
2004-04-28,74.95877075195312
2004-04-29,74.30099487304688
2004-04-30,73.72295379638672
2004-05-03,74.51361083984375
2004-05-04,74.45376586914062
2004-05-05,74.93217468261719
2004-05-06,74.2876968383789
2004-05-07,73.05854034423828
2004-05-10,72.30774688720703
2004-05-11,72.91899871826172
2004-05-12,73.38408660888672
2004-05-13,73.0784683227539
2004-05-14,73.11170959472656
2004-05-17,72.48716735839844
2004-05-18,72.85256958007812
2004-05-19,72.6001205444336
2004-05-20,72.83267974853516
2004-05-21,72.95884704589844
2004-05-24,73.26448822021484
2004-05-25,74.31428527832031
2004-05-26,74.57341766357422
2004-05-27,74.99198150634766
2004-05-28,74.9853286743164
2004-06-01,74.88567352294922
2004-06-02,75.16470336914062
2004-06-03,74.47374725341797
2004-06-04,75.06505584716797
2004-06-07,76.20785522460938
2004-06-08,76.31417846679688
2004-06-09,75.60318756103516
2004-06-10,75.97530364990234
2004-06-14,75.2244873046875
2004-06-15,75.75602722167969
2004-06-16,75.74276733398438
2004-06-17,75.62981414794922
2004-06-18,75.77252960205078
2004-06-21,75.48576354980469
2004-06-22,75.8658676147461
2004-06-23,76.51939392089844
2004-06-24,76.27928924560547
2004-06-25,75.91255950927734
2004-06-28,75.65247344970703
2004-06-29,75.96590423583984
2004-06-30,76.3726577758789
2004-07-01,75.3124008178711
2004-07-02,75.27237701416016
2004-07-06,74.61222076416016
2004-07-07,74.83228302001953
2004-07-08,74.31214904785156
2004-07-09,74.50550842285156
2004-07-12,74.53886413574219
2004-07-13,74.59220886230469
2004-07-14,74.36551666259766
2004-07-15,73.8853759765625
2004-07-16,73.82534790039062
2004-07-19,73.5119400024414
2004-07-20,74.44549560546875
2004-07-21,73.07182312011719
2004-07-22,73.27185821533203
2004-07-23,72.65838623046875
2004-07-26,72.51834106445312
2004-07-27,73.1985092163086
2004-07-28,73.41858673095703
2004-07-29,73.73198699951172
2004-07-30,73.91205596923828
2004-08-02,74.06542205810547
2004-08-03,73.4919204711914
2004-08-04,73.48526763916016
2004-08-05,72.28497314453125
2004-08-06,71.25138092041016
2004-08-09,71.35140228271484
2004-08-10,72.27164459228516
2004-08-11,72.12491607666016
2004-08-12,71.33806610107422
2004-08-13,71.47808074951172
2004-08-16,72.21829986572266
2004-08-17,72.62503814697266
2004-08-18,73.37188720703125
2004-08-19,73.15853881835938
2004-08-20,73.67198181152344
2004-08-23,73.48526763916016
2004-08-24,73.5853042602539
2004-08-25,74.08538818359375
2004-08-26,74.08538818359375
2004-08-27,74.31880950927734
2004-08-30,73.70533752441406
2004-08-31,74.0920639038086
2004-09-01,74.23212432861328
2004-09-02,75.07233428955078
2004-09-03,74.765625
2004-09-07,75.2590560913086
2004-09-08,75.07233428955078
2004-09-09,75.00563049316406
2004-09-10,75.39244079589844
2004-09-13,75.63916015625
2004-09-14,75.79251098632812
2004-09-15,75.21900177001953
2004-09-16,75.44573974609375
2004-09-17,75.7664794921875
2004-09-20,75.31116485595703
2004-09-21,75.63927459716797
2004-09-22,74.69517517089844
2004-09-23,74.29337310791016
2004-09-24,74.6348648071289
2004-09-27,74.15945434570312
2004-09-28,74.51434326171875
2004-09-29,74.88932037353516
2004-09-30,74.83576202392578
2004-10-01,76.10130310058594
2004-10-04,76.22855377197266
2004-10-05,76.26871490478516
2004-10-06,76.79102325439453
2004-10-07,75.96741485595703
2004-10-08,75.33795928955078
2004-10-11,75.64600372314453
2004-10-12,75.35133361816406
2004-10-13,74.68842315673828
2004-10-14,74.08580017089844
2004-10-15,74.50093841552734
2004-10-18,74.78215026855469
2004-10-19,74.15272521972656
2004-10-20,74.0054702758789
2004-10-21,74.48753356933594
2004-10-22,73.6505355834961
2004-10-25,73.56348419189453
2004-10-26,74.68842315673828
2004-10-27,75.58573150634766
2004-10-28,75.81336212158203
2004-10-29,75.79995727539062
2004-11-01,76.00756072998047
2004-11-02,76.03433227539062
2004-11-03,76.9919204711914
2004-11-04,78.04318237304688
2004-11-05,78.53201293945312
2004-11-08,78.41814422607422
2004-11-09,78.2641372680664
2004-11-10,78.32443237304688
2004-11-11,78.92037963867188
2004-11-12,79.54310607910156
2004-11-15,79.73853302001953
2004-11-16,79.16769409179688
2004-11-17,79.63780975341797
2004-11-18,79.74523162841797
2004-11-19,78.85874938964844
2004-11-22,79.23484802246094
2004-11-23,79.35574340820312
2004-11-24,79.54377746582031
2004-11-26,79.48336791992188
2004-11-29,79.12065887451172
2004-11-30,79.1744155883789
2004-12-01,80.07432556152344
2004-12-02,80.1414566040039
2004-12-03,80.08778381347656
2004-12-06,80.06088256835938
2004-12-07,79.31542205810547
2004-12-08,79.77885437011719
2004-12-09,80.06088256835938
2004-12-10,80.1414566040039
2004-12-13,80.8399887084961
2004-12-14,81.1220474243164
2004-12-15,81.18247985839844
2004-12-16,81.13546752929688
2004-12-17,80.59428405761719
2004-12-20,80.6145248413086
2004-12-21,81.23532104492188
2004-12-22,81.43103790283203
2004-12-23,81.49177551269531
2004-12-27,81.32304382324219
2004-12-28,81.76839447021484
2004-12-29,81.88983917236328
2004-12-30,81.73468780517578
2004-12-31,81.55921173095703
2005-01-03,81.17459106445312
2005-01-04,80.18269348144531
2005-01-05,79.62937927246094
2005-01-06,80.03424072265625
2005-01-07,79.91954040527344
2005-01-10,80.29740905761719
2005-01-11,79.74407196044922
2005-01-12,80.00727081298828
2005-01-13,79.36624908447266
2005-01-14,79.78458404541016
2005-01-18,80.6145248413086
2005-01-19,79.77108764648438
2005-01-20,79.28524017333984
2005-01-21,78.7994613647461
2005-01-24,78.64425659179688
2005-01-25,78.86688232421875
2005-01-26,79.10309600830078
2005-01-27,79.23802947998047
2005-01-28,79.23802947998047
2005-01-31,79.7306137084961
2005-02-01,80.23668670654297
2005-02-02,80.47957611083984
2005-02-03,80.27037811279297
2005-02-04,81.12739562988281
2005-02-07,81.0194091796875
2005-02-08,81.11387634277344
2005-02-09,80.50660705566406
2005-02-10,80.79671478271484
2005-02-11,81.49177551269531
2005-02-14,81.43103790283203
2005-02-15,81.73468780517578
2005-02-16,81.78864288330078
2005-02-17,81.12739562988281
2005-02-18,81.23532104492188
2005-02-22,80.02747344970703
2005-02-23,80.60102844238281
2005-02-24,81.13410186767578
2005-02-25,81.93707275390625
2005-02-28,81.39725494384766
2005-03-01,81.80213928222656
2005-03-02,81.7616958618164
2005-03-03,81.79536437988281
2005-03-04,82.81427764892578
2005-03-07,82.85478210449219
2005-03-08,82.54437255859375
2005-03-09,81.6266860961914
2005-03-10,81.80887603759766
2005-03-11,81.23532104492188
2005-03-14,81.74139404296875
2005-03-15,81.06665802001953
2005-03-16,80.3783950805664
2005-03-17,80.54031372070312
2005-03-18,80.30121612548828
2005-03-21,80.00312805175781
2005-03-22,79.19022369384766
2005-03-23,79.25794982910156
2005-03-24,79.35282135009766
2005-03-28,79.46795654296875
2005-03-29,78.93956756591797
2005-03-30,80.05731201171875
2005-03-31,79.9083023071289
2005-04-01,79.54924774169922
2005-04-04,79.68474578857422
2005-04-05,80.06411743164062
2005-04-06,80.34183502197266
2005-04-07,80.77537536621094
2005-04-08,79.93537902832031
2005-04-11,79.996337890625
2005-04-12,80.40955352783203
2005-04-13,79.46116638183594
2005-04-14,78.42474365234375
2005-04-15,77.32731628417969
2005-04-18,77.56444549560547
2005-04-19,78.18087005615234
2005-04-20,77.09025573730469
2005-04-21,78.58731842041016
2005-04-22,78.28925323486328
2005-04-25,78.80410766601562
2005-04-26,78.03860473632812
2005-04-27,78.34346771240234
2005-04-28,77.3611831665039
2005-04-29,78.41121673583984
2005-05-02,78.85150146484375
2005-05-03,78.98702239990234
2005-05-04,79.59668731689453
2005-05-05,79.56954956054688
2005-05-06,79.31891632080078
2005-05-09,79.81343078613281
2005-05-10,78.98702239990234
2005-05-11,79.4205322265625
2005-05-12,78.54668426513672
2005-05-13,78.39085388183594
2005-05-16,79.12247467041016
2005-05-17,79.65088653564453
2005-05-18,80.47057342529297
2005-05-19,80.8092269897461
2005-05-20,80.6941146850586
2005-05-23,81.14118194580078
2005-05-24,80.95149230957031
2005-05-25,80.89054870605469
2005-05-26,81.3240966796875
2005-05-27,81.45957946777344
2005-05-31,80.93795013427734
2005-06-01,81.6289291381836
2005-06-02,81.80506896972656
2005-06-03,81.3918228149414
2005-06-06,81.31735229492188
2005-06-07,81.3782958984375
2005-06-08,81.22924041748047
2005-06-09,81.61536407470703
2005-06-10,81.42568969726562
2005-06-13,81.68315124511719
2005-06-14,81.87278747558594
2005-06-15,82.0285873413086
2005-06-16,82.23860168457031
2005-06-17,82.54330444335938
2005-06-20,82.57052612304688
2005-06-21,82.61812591552734
2005-06-22,82.68614959716797
2005-06-23,81.5230941772461
2005-06-24,80.92455291748047
2005-06-27,81.04020690917969
2005-06-28,81.72032928466797
2005-06-29,81.50267028808594
2005-06-30,81.06060028076172
2005-07-01,81.29863739013672
2005-07-05,81.95158386230469
2005-07-06,81.26463317871094
2005-07-07,81.58429718017578
2005-07-08,82.51611328125
2005-07-11,82.93778991699219
2005-07-12,83.15546417236328
2005-07-13,83.27108764648438
2005-07-14,83.59754943847656
2005-07-15,83.54997253417969
2005-07-18,83.21664428710938
2005-07-19,83.67239379882812
2005-07-20,83.95805358886719
2005-07-21,83.46829986572266
2005-07-22,84.02606964111328
2005-07-25,83.78803253173828
2005-07-26,83.89002990722656
2005-07-27,84.19607543945312
2005-07-28,84.72662353515625
2005-07-29,84.16207885742188
2005-08-01,84.10086822509766
2005-08-02,84.60420227050781
2005-08-03,84.82862091064453
2005-08-04,84.14846801757812
2005-08-05,83.57715606689453
2005-08-08,83.42073822021484
2005-08-09,83.92399597167969
2005-08-10,83.88322448730469
2005-08-11,84.21649169921875
2005-08-12,83.69955444335938
2005-08-15,84.21649169921875
2005-08-16,83.12145233154297
2005-08-17,83.1146469116211
2005-08-18,83.10783386230469
2005-08-19,83.29830169677734
2005-08-22,83.29830169677734
2005-08-23,83.1418685913086
2005-08-24,82.40048217773438
2005-08-25,82.69972229003906
2005-08-26,82.1352310180664
2005-08-29,82.76776885986328
2005-08-30,82.33246612548828
2005-08-31,83.37309265136719
2005-09-01,83.31188201904297
2005-09-02,83.16227722167969
2005-09-06,84.13484954833984
2005-09-07,84.27774047851562
2005-09-08,83.99884033203125
2005-09-09,84.74699401855469
2005-09-12,84.57695770263672
2005-09-13,84.10765838623047
2005-09-14,83.80159759521484
2005-09-15,83.76081085205078
2005-09-16,84.35639190673828
2005-09-19,84.07637786865234
2005-09-20,83.3659896850586
2005-09-21,82.58729553222656
2005-09-22,82.88105010986328
2005-09-23,82.9493179321289
2005-09-26,83.04497528076172
2005-09-27,83.02445220947266
2005-09-28,83.10643005371094
2005-09-29,83.78266143798828
2005-09-30,84.04220581054688
2005-10-03,83.74166870117188
2005-10-04,82.799072265625
2005-10-05,81.7130126953125
2005-10-06,81.4193115234375
2005-10-07,81.69935607910156
2005-10-10,81.00946044921875
2005-10-11,80.89334106445312
2005-10-12,80.25814056396484
2005-10-13,80.21031188964844
2005-10-14,81.0572738647461
2005-10-17,81.35782623291016
2005-10-18,80.4766845703125
2005-10-19,81.8154525756836
2005-10-20,80.37422180175781
2005-10-21,80.68844604492188
2005-10-24,81.93841552734375
2005-10-25,81.77452087402344
2005-10-26,81.53546142578125
2005-10-27,80.66793823242188
2005-10-28,81.82910919189453
2005-10-31,82.05452728271484
2005-11-01,82.3004379272461
2005-11-02,83.16104888916016
2005-11-03,83.51626586914062
2005-11-04,83.40696716308594
2005-11-07,83.48893737792969
2005-11-08,83.48893737792969
2005-11-09,83.59821319580078
2005-11-10,84.24713134765625
2005-11-11,84.53398895263672
2005-11-14,84.4862060546875
2005-11-15,84.17881774902344
2005-11-16,84.349609375
2005-11-17,85.13507843017578
2005-11-18,85.46977996826172
2005-11-21,85.90007019042969
2005-11-22,86.26897430419922
2005-11-23,86.76759338378906
2005-11-25,86.83587646484375
2005-11-28,86.22109985351562
2005-11-29,86.12548065185547
2005-11-30,85.6610107421875
2005-12-01,86.53530883789062
2005-12-02,86.64463806152344
2005-12-05,86.46019744873047
2005-12-06,86.62413024902344
2005-12-07,86.11863708496094
2005-12-08,86.06401824951172
2005-12-09,86.28942108154297
2005-12-12,86.37142181396484
2005-12-13,86.95883178710938
2005-12-14,87.30037689208984
2005-12-15,87.04761505126953
2005-12-16,86.7674789428711
2005-12-19,86.32110595703125
2005-12-20,86.40351867675781
2005-12-21,86.54081726074219
2005-12-22,86.9940185546875
2005-12-23,87.04212188720703
2005-12-27,86.15633392333984
2005-12-28,86.34858703613281
2005-12-29,85.96405792236328
2005-12-30,85.49713134765625
2006-01-03,87.00093841552734
2006-01-04,87.41288757324219
2006-01-05,87.4678726196289
2006-01-06,88.19573974609375
2006-01-09,88.4223403930664
2006-01-10,88.51158905029297
2006-01-11,88.79309844970703
2006-01-12,88.44292449951172
2006-01-13,88.36054992675781
2006-01-17,88.12018585205078
2006-01-18,87.76998901367188
2006-01-19,88.10645294189453
2006-01-20,86.49964904785156
2006-01-23,86.80865478515625
2006-01-24,86.89793395996094
2006-01-25,86.97345733642578
2006-01-26,87.45410919189453
2006-01-27,88.26436614990234
2006-01-30,88.19573974609375
2006-01-31,87.55023956298828
2006-02-01,88.16143035888672
2006-02-02,87.13825225830078
2006-02-03,86.7056884765625
2006-02-06,86.93226623535156
2006-02-07,86.1631851196289
2006-02-08,86.94597625732422
2006-02-09,86.8017807006836
2006-02-10,86.95970153808594
2006-02-13,86.8017807006836
2006-02-14,87.72191619873047
2006-02-15,88.03091430664062
2006-02-16,88.69011688232422
2006-02-17,88.44979858398438
2006-02-21,88.23005676269531
2006-02-22,88.76567077636719
2006-02-23,88.63517761230469
2006-02-24,88.8617935180664
2006-02-27,88.89612579345703
2006-02-28,88.0515365600586
2006-03-01,88.83433532714844
2006-03-02,88.82745361328125
2006-03-03,88.41548156738281
2006-03-06,88.01029968261719
2006-03-07,87.87297058105469
2006-03-08,88.05838012695312
2006-03-09,87.4678726196289
2006-03-10,88.29872131347656
2006-03-13,88.46351623535156
2006-03-14,89.3905258178711
2006-03-15,89.788818359375
2006-03-16,89.97418975830078
2006-03-17,90.04932403564453
2006-03-20,89.90457916259766
2006-03-21,89.33924102783203
2006-03-22,89.88392639160156
2006-03-23,89.69773864746094
2006-03-24,89.76665496826172
2006-03-27,89.63571166992188
2006-03-28,89.08421325683594
2006-03-29,89.6426010131836
2006-03-30,89.48401641845703
2006-03-31,89.50469970703125
2006-04-03,89.43575286865234
2006-04-04,90.00798034667969
2006-04-05,90.31817626953125
2006-04-06,90.22169494628906
2006-04-07,89.30479431152344
2006-04-10,89.44268798828125
2006-04-11,88.68433380126953
2006-04-12,88.84977722167969
2006-04-13,88.73258209228516
2006-04-17,88.69812774658203
2006-04-18,90.10450744628906
2006-04-19,90.27685546875
2006-04-20,90.40093994140625
2006-04-21,90.41471099853516
2006-04-24,90.24929809570312
2006-04-25,89.87699890136719
2006-04-26,89.89766693115234
2006-04-27,90.33198547363281
2006-04-28,90.63533782958984
2006-05-01,89.89766693115234
2006-05-02,90.57328796386719
2006-05-03,90.23550415039062
2006-05-04,90.55948638916016
2006-05-05,91.35918426513672
2006-05-08,91.24889373779297
2006-05-09,91.42813110351562
2006-05-10,91.37989807128906
2006-05-11,90.27685546875
2006-05-12,89.09796905517578
2006-05-15,89.27723693847656
2006-05-16,89.146240234375
2006-05-17,87.45030975341797
2006-05-18,87.00908660888672
2006-05-19,87.6226577758789
2006-05-22,86.95391845703125
2006-05-23,86.29210662841797
2006-05-24,86.98152160644531
2006-05-25,88.0569839477539
2006-05-26,88.50509643554688
2006-05-30,86.93323516845703
2006-05-31,87.9052963256836
2006-06-01,88.74637603759766
2006-06-02,88.93252563476562
2006-06-05,87.63643646240234
2006-06-06,87.4227294921875
2006-06-07,86.76776885986328
2006-06-08,86.69196319580078
2006-06-09,86.41618347167969
2006-06-12,85.47857666015625
2006-06-13,84.48591613769531
2006-06-14,85.14083099365234
2006-06-15,86.94703674316406
2006-06-16,86.3134994506836
2006-06-19,85.6348648071289
2006-06-20,85.92565155029297
2006-06-21,86.56271362304688
2006-06-22,86.18187713623047
2006-06-23,86.16803741455078
2006-06-26,86.54887390136719
2006-06-27,85.80107116699219
2006-06-28,86.3826904296875
2006-06-29,88.12764739990234
2006-06-30,88.13458251953125
2006-07-03,88.4946517944336
2006-07-05,87.98915100097656
2006-07-06,88.24534606933594
2006-07-07,87.67064666748047
2006-07-10,87.83682250976562
2006-07-11,88.224609375
2006-07-12,87.2828598022461
2006-07-13,85.86335754394531
2006-07-14,85.53099060058594
2006-07-17,85.40636444091797
2006-07-18,85.84259033203125
2006-07-19,87.0335693359375
2006-07-20,86.43809509277344
2006-07-21,85.82875061035156
2006-07-24,87.39366912841797
2006-07-25,87.70524597167969
2006-07-26,87.822998046875
2006-07-27,87.73985290527344
2006-07-28,88.61927795410156
2006-07-31,88.52926635742188
2006-08-01,88.09303283691406
2006-08-02,88.68852996826172
2006-08-03,88.92398834228516
2006-08-04,88.7716293334961
2006-08-07,88.56390380859375
2006-08-08,88.224609375
2006-08-09,87.92687225341797
2006-08-10,88.19689178466797
2006-08-11,87.94762420654297
2006-08-14,88.0168685913086
2006-08-15,89.06938934326172
2006-08-16,89.81026458740234
2006-08-17,90.038818359375
2006-08-18,90.49579620361328
2006-08-21,90.10803985595703
2006-08-22,90.10114288330078
2006-08-23,89.85183715820312
2006-08-24,89.77571105957031
2006-08-25,89.886474609375
2006-08-28,90.31576538085938
2006-08-29,90.41966247558594
2006-08-30,90.47505187988281
2006-08-31,90.46119689941406
2006-09-01,91.00130462646484
2006-09-05,91.17443084716797
2006-09-06,90.37120056152344
2006-09-07,89.95573425292969
2006-09-08,90.21195220947266
2006-09-11,90.30195617675781
2006-09-12,91.18828582763672
2006-09-13,91.55526733398438
2006-09-14,91.56216430664062
2006-09-15,91.777099609375
2006-09-18,91.90225982666016
2006-09-19,91.67277526855469
2006-09-20,92.15962982177734
2006-09-21,91.71449279785156
2006-09-22,91.43634033203125
2006-09-25,92.1387710571289
2006-09-26,92.9038314819336
2006-09-27,93.01506805419922
2006-09-28,92.98029327392578
2006-09-29,92.9038314819336
2006-10-02,92.55608367919922
2006-10-03,92.75078582763672
2006-10-04,93.83573913574219
2006-10-05,94.0166015625
2006-10-06,93.89833068847656
2006-10-09,93.95396423339844
2006-10-10,94.07918548583984
2006-10-11,93.96788024902344
2006-10-12,94.7815933227539
2006-10-13,95.02506256103516
2006-10-16,95.17108917236328
2006-10-17,94.87203216552734
2006-10-18,94.99726104736328
2006-10-19,95.15019989013672
2006-10-20,95.17108917236328
2006-10-23,95.60929870605469
2006-10-24,95.89441680908203
2006-10-25,96.22130584716797
2006-10-26,96.52033996582031
2006-10-27,95.91527557373047
2006-10-30,95.84571838378906
2006-10-31,95.83181762695312
2006-11-01,95.18501281738281
2006-11-02,95.12935638427734
2006-11-03,94.96246337890625
2006-11-06,96.03351593017578
2006-11-07,96.40215301513672
2006-11-08,96.61076354980469
2006-11-09,96.1030502319336
2006-11-10,96.1447982788086
2006-11-13,96.38126373291016
2006-11-14,97.1045913696289
2006-11-15,97.38278198242188
2006-11-16,97.63314056396484
2006-11-17,97.66094970703125
2006-11-20,97.71661376953125
2006-11-21,97.81394958496094
2006-11-22,98.00867462158203
2006-11-24,97.61231994628906
2006-11-27,96.26995849609375
2006-11-28,96.6872787475586
2006-11-29,97.69573211669922
2006-11-30,97.73746490478516
2006-12-01,97.5218276977539
2006-12-04,98.26606750488281
2006-12-05,98.6903076171875
2006-12-06,98.6068344116211
2006-12-07,98.1756362915039
2006-12-08,98.3564453125
2006-12-11,98.64165496826172
2006-12-12,98.56510162353516
2006-12-13,98.66942596435547
2006-12-14,99.53875732421875
2006-12-15,99.54788208007812
2006-12-18,99.27519989013672
2006-12-19,99.46394348144531
2006-12-20,99.40802001953125
2006-12-21,99.04430389404297
2006-12-22,98.43584442138672
2006-12-26,99.01637268066406
2006-12-27,99.66681671142578
2006-12-28,99.45698547363281
2006-12-29,99.04430389404297
2007-01-03,98.86949157714844
2007-01-04,99.07929229736328
2007-01-05,98.28902435302734
2007-01-08,98.74360656738281
2007-01-09,98.65967559814453
2007-01-10,98.98837280273438
2007-01-11,99.42198944091797
2007-01-12,100.17735290527344
2007-01-16,99.98147583007812
2007-01-17,100.02349853515625
2007-01-18,99.68772888183594
2007-01-19,99.88359832763672
2007-01-22,99.57588958740234
2007-01-23,99.86958312988281
2007-01-24,100.67385864257812
2007-01-25,99.49190521240234
2007-01-26,99.4010238647461
2007-01-29,99.34506225585938
2007-01-30,99.86259460449219
2007-01-31,100.5340347290039
2007-02-01,101.13541412353516
2007-02-02,101.27531433105469
2007-02-05,101.3032455444336
2007-02-06,101.33129119873047
2007-02-07,101.55508422851562
2007-02-08,101.42219543457031
2007-02-09,100.66687774658203
2007-02-12,100.32415771484375
2007-02-13,101.17041778564453
2007-02-14,101.83482360839844
2007-02-15,101.96772766113281
2007-02-16,101.91869354248047
2007-02-20,102.13554382324219
2007-02-21,102.09355163574219
2007-02-22,102.01664733886719
2007-02-23,101.61804962158203
2007-02-26,101.527099609375
2007-02-27,97.56169128417969
2007-02-28,98.56175231933594
2007-03-01,98.26800537109375
2007-03-02,96.98120880126953
2007-03-05,96.05805969238281
2007-03-06,97.70154571533203
2007-03-07,97.60364532470703
2007-03-08,98.42886352539062
2007-03-09,98.45687103271484
2007-03-12,98.603759765625
2007-03-13,96.6875
2007-03-14,97.40782928466797
2007-03-15,97.54070281982422
2007-03-16,97.26753997802734
2007-03-19,98.44014739990234
2007-03-20,98.9807357788086
2007-03-21,100.6097183227539
2007-03-22,100.53254699707031
2007-03-23,100.679931640625
2007-03-26,100.54655456542969
2007-03-27,100.30783081054688
2007-03-28,99.57758331298828
2007-03-29,99.68296813964844
2007-03-30,99.70396423339844
2007-04-02,99.81632995605469
2007-04-03,100.89061737060547
2007-04-04,101.00293731689453
2007-04-05,101.27677154541016
2007-04-09,101.41719055175781
2007-04-10,101.53658294677734
2007-04-11,101.1222915649414
2007-04-12,101.57173156738281
2007-04-13,102.03507232666016
2007-04-16,103.00407409667969
2007-04-17,103.27783966064453
2007-04-18,103.40425872802734
2007-04-19,103.37617492675781
2007-04-20,104.35215759277344
2007-04-23,103.95895385742188
2007-04-24,104.00111389160156
2007-04-25,104.95602416992188
2007-04-26,105.07534790039062
2007-04-27,104.99109649658203
2007-04-30,104.12045288085938
2007-05-01,104.38726806640625
2007-05-02,104.99813842773438
2007-05-03,105.56689453125
2007-05-04,105.96714782714844
2007-05-07,105.9881591796875
2007-05-08,105.84770965576172
2007-05-09,106.13565826416016
2007-05-10,105.02623748779297
2007-05-11,105.92498016357422
2007-05-14,105.69322204589844
2007-05-15,105.72136688232422
2007-05-16,106.44458770751953
2007-05-17,106.2339096069336
2007-05-18,107.16072845458984
2007-05-21,107.10456848144531
2007-05-22,107.02027130126953
2007-05-23,107.03433990478516
2007-05-24,106.06534576416016
2007-05-25,106.5077133178711
2007-05-29,106.89390563964844
2007-05-30,107.76456451416016
2007-05-31,107.6522445678711
2007-06-01,108.1858901977539
2007-06-04,108.1999282836914
2007-06-05,107.77163696289062
2007-06-06,106.61306762695312
2007-06-07,104.689208984375
2007-06-08,106.05135345458984
2007-06-11,106.2339096069336
2007-06-12,105.07534790039062
2007-06-13,106.64813995361328
2007-06-14,107.32926177978516
2007-06-15,107.93987274169922
2007-06-18,107.81298828125
2007-06-19,108.08094787597656
2007-06-20,106.57891845703125
2007-06-21,107.17127990722656
2007-06-22,106.16291046142578
2007-06-25,105.65518188476562
2007-06-26,104.56920623779297
2007-06-27,106.05716705322266
2007-06-28,106.04299926757812
2007-06-29,106.07827758789062
2007-07-02,107.03726959228516
2007-07-03,107.42518615722656
2007-07-05,107.3123550415039
2007-07-06,107.87645721435547
2007-07-09,107.96107482910156
2007-07-10,106.42386627197266
2007-07-11,107.17832946777344
2007-07-12,108.87078094482422
2007-07-13,109.19510650634766
2007-07-16,109.18101501464844
2007-07-17,109.1245346069336
2007-07-18,108.92716217041016
2007-07-19,109.3502426147461
2007-07-20,108.2431640625
2007-07-23,108.5745620727539
2007-07-24,106.6917724609375
2007-07-25,106.91036224365234
2007-07-26,104.3787612915039
2007-07-27,102.32679748535156
2007-07-30,103.92749786376953
2007-07-31,102.7569351196289
2007-08-01,103.25761413574219
2007-08-02,104.08264923095703
2007-08-03,101.40303039550781
2007-08-06,103.10245513916016
2007-08-07,104.2025375366211
2007-08-08,105.65518188476562
2007-08-09,102.52422332763672
2007-08-10,102.04476165771484
2007-08-13,102.41142272949219
2007-08-14,100.84599304199219
2007-08-15,99.4567642211914
2007-08-16,100.20428466796875
2007-08-17,102.04476165771484
2007-08-20,101.9953384399414
2007-08-21,102.19985961914062
2007-08-22,103.4127197265625
2007-08-23,103.32107543945312
2007-08-24,104.5974349975586
2007-08-27,103.62427520751953
2007-08-28,101.34661865234375
2007-08-29,103.33518981933594
2007-08-30,103.06013488769531
2007-08-31,104.07559967041016
2007-09-04,105.1263198852539
2007-09-05,104.21662902832031
2007-09-06,104.45640563964844
2007-09-07,103.00373077392578
2007-09-10,102.80626678466797
2007-09-11,104.00507354736328
2007-09-12,104.2730712890625
2007-09-13,105.00639343261719
2007-09-14,104.99935150146484
2007-09-17,104.435302734375
2007-09-18,107.50979614257812
2007-09-19,108.14444732666016
2007-09-20,107.38287353515625
2007-09-21,107.67259979248047
2007-09-24,107.47419738769531
2007-09-25,107.26171875
2007-09-26,107.82848358154297
2007-09-27,108.46614837646484
2007-09-28,108.10478210449219
2007-10-01,109.32345581054688
2007-10-02,109.17464447021484
2007-10-03,108.95504760742188
2007-10-04,109.12504577636719
2007-10-05,110.42164611816406
2007-10-08,109.83358001708984
2007-10-09,110.86795806884766
2007-10-10,110.68379974365234
2007-10-11,110.15249633789062
2007-10-12,110.7616958618164
2007-10-15,109.8265380859375
2007-10-16,108.95504760742188
2007-10-17,109.28803253173828
2007-10-18,108.89127349853516
2007-10-19,106.04305267333984
2007-10-22,106.6594467163086
2007-10-23,107.52381134033203
2007-10-24,107.32545471191406
2007-10-25,107.58050537109375
2007-10-26,108.84164428710938
2007-10-29,109.20301055908203
2007-10-30,108.44486999511719
2007-10-31,109.57145690917969
2007-11-01,107.00662231445312
2007-11-02,107.1270523071289
2007-11-05,106.3122787475586
2007-11-06,107.74349975585938
2007-11-07,104.79605865478516
2007-11-08,104.26469421386719
2007-11-09,102.83346557617188
2007-11-12,101.81321716308594
2007-11-13,104.91650390625
2007-11-14,104.62599182128906
2007-11-15,103.11685943603516
2007-11-16,103.29401397705078
2007-11-19,101.85575103759766
2007-11-20,102.47921752929688
2007-11-21,100.38201141357422
2007-11-23,102.1178970336914
2007-11-26,99.86481475830078
2007-11-27,101.01262664794922
2007-11-28,104.24344635009766
2007-11-29,104.2788314819336
2007-11-30,105.3274154663086
2007-12-03,104.63310241699219
2007-12-04,103.69786071777344
2007-12-05,105.43367767333984
2007-12-06,106.94286346435547
2007-12-07,106.92158508300781
2007-12-10,107.75052642822266
2007-12-11,104.79605865478516
2007-12-12,105.83045196533203
2007-12-13,105.61089324951172
2007-12-14,104.27174377441406
2007-12-17,102.78389739990234
2007-12-18,103.3577880859375
2007-12-19,103.3577880859375
2007-12-20,104.00961303710938
2007-12-21,105.5089340209961
2007-12-24,106.29244995117188
2007-12-26,106.5204086303711
2007-12-27,105.18131256103516
2007-12-28,104.91777801513672
2007-12-31,104.14136505126953
2008-01-02,103.22969818115234
2008-01-03,103.17982482910156
2008-01-04,100.6512451171875
2008-01-07,100.56575012207031
2008-01-08,98.9417724609375
2008-01-09,99.9817123413086
2008-01-10,100.63701629638672
2008-01-11,99.82499694824219
2008-01-14,100.6298828125
2008-01-15,98.41471862792969
2008-01-16,97.56710052490234
2008-01-17,95.03852081298828
2008-01-18,94.06272888183594
2008-01-22,93.10828399658203
2008-01-23,95.34481048583984
2008-01-24,96.14970397949219
2008-01-25,94.7607421875
2008-01-28,96.32777404785156
2008-01-29,96.80497741699219
2008-01-30,96.09266662597656
2008-01-31,97.8448715209961
2008-02-01,99.41901397705078
2008-02-04,98.16542053222656
2008-02-05,95.53713989257812
2008-02-06,94.76788330078125
2008-02-07,95.39466857910156
2008-02-08,94.78211975097656
2008-02-11,95.26644897460938
2008-02-12,96.14970397949219
2008-02-13,97.13263702392578
2008-02-14,96.27788543701172
2008-02-15,96.25653839111328
2008-02-19,96.52718353271484
2008-02-20,96.8121109008789
2008-02-21,96.00725555419922
2008-02-22,96.59839630126953
2008-02-25,97.8163833618164
2008-02-26,98.55004119873047
2008-02-27,98.4503173828125
2008-02-28,97.48878479003906
2008-02-29,95.31632995605469
2008-03-03,95.08837890625
2008-03-04,94.72517395019531
2008-03-05,95.32345581054688
2008-03-06,93.35044860839844
2008-03-07,92.38885498046875
2008-03-10,91.17086791992188
2008-03-11,94.44735717773438
2008-03-12,93.56412506103516
2008-03-13,93.77071380615234
2008-03-14,92.31767272949219
2008-03-17,91.38459014892578
2008-03-18,95.18097686767578
2008-03-19,92.82341003417969
2008-03-20,94.54270935058594
2008-03-24,96.43244171142578
2008-03-25,96.52547454833984
2008-03-26,95.34441375732422
2008-03-27,95.04374694824219
2008-03-28,94.13472747802734
2008-03-31,94.46399688720703
2008-04-01,97.7852783203125
2008-04-02,97.84969329833984
2008-04-03,98.09306335449219
2008-04-04,97.98573303222656
2008-04-07,98.03582763671875
2008-04-08,97.93563079833984
2008-04-09,97.22696685791016
2008-04-10,97.36298370361328
2008-04-11,95.47328186035156
2008-04-14,95.15116882324219
2008-04-15,95.37305450439453
2008-04-16,97.95708465576172
2008-04-17,98.1002426147461
2008-04-18,99.12384033203125
2008-04-21,99.17393493652344
2008-04-22,98.73729705810547
2008-04-23,98.57984161376953
2008-04-24,99.00933837890625
2008-04-25,99.925537109375
2008-04-28,99.94702911376953
2008-04-29,99.55330657958984
2008-04-30,98.96636199951172
2008-05-01,101.01351928710938
2008-05-02,101.29269409179688
2008-05-05,100.80596160888672
2008-05-06,101.67925262451172
2008-05-07,99.86820220947266
2008-05-08,99.61058044433594
2008-05-09,99.42443084716797
2008-05-12,100.54113006591797
2008-05-13,100.55538940429688
2008-05-14,100.76305389404297
2008-05-15,102.02281951904297
2008-05-16,102.1158676147461
2008-05-19,102.39508056640625
2008-05-20,101.564697265625
2008-05-21,99.8468017578125
2008-05-22,99.86109161376953
2008-05-23,98.52255249023438
2008-05-27,99.2527084350586
2008-05-28,99.71080780029297
2008-05-29,100.21184539794922
2008-05-30,100.46240997314453
2008-06-02,99.42443084716797
2008-06-03,98.84465789794922
2008-06-04,98.7945785522461
2008-06-05,100.7701416015625
2008-06-06,97.55619812011719
2008-06-09,97.79244232177734
2008-06-10,97.30570220947266
2008-06-11,95.87408447265625
2008-06-12,96.23916625976562
2008-06-13,97.45600128173828
2008-06-16,97.51322174072266
2008-06-17,97.04084777832031
2008-06-18,96.09599304199219
2008-06-19,96.21770477294922
2008-06-20,94.65589141845703
2008-06-23,94.5624008178711
2008-06-24,94.37533569335938
2008-06-25,94.82135772705078
2008-06-26,92.2459945678711
2008-06-27,91.74244689941406
2008-06-30,92.06613159179688
2008-07-01,92.35391235351562
2008-07-02,90.77127075195312
2008-07-03,90.86478424072266
2008-07-07,89.93679809570312
2008-07-08,91.53382110595703
2008-07-09,89.77134704589844
2008-07-10,90.1382064819336
2008-07-11,89.08792877197266
2008-07-14,88.28223419189453
2008-07-15,87.03768157958984
2008-07-16,89.17424011230469
2008-07-17,90.0662612915039
2008-07-18,90.62740325927734
2008-07-21,90.67771911621094
2008-07-22,91.70647430419922
2008-07-23,92.20283508300781
2008-07-24,90.28929138183594
2008-07-25,90.26770782470703
2008-07-28,88.94402313232422
2008-07-29,90.84320068359375
2008-07-30,92.46183013916016
2008-07-31,91.2388916015625
2008-08-01,90.75689697265625
2008-08-04,89.91519165039062
2008-08-05,92.33951568603516
2008-08-06,92.74955749511719
2008-08-07,91.36836242675781
2008-08-08,93.06607055664062
2008-08-11,94.03003692626953
2008-08-12,93.05168151855469
2008-08-13,92.49057006835938
2008-08-14,93.18840026855469
2008-08-15,93.64158630371094
2008-08-18,92.36112213134766
2008-08-19,91.35397338867188
2008-08-20,91.77839660644531
2008-08-21,91.9366455078125
2008-08-22,93.26751708984375
2008-08-25,91.37554168701172
2008-08-26,91.64171600341797
2008-08-27,92.53373718261719
2008-08-28,93.6559829711914
2008-08-29,92.64884185791016
2008-09-02,92.07335662841797
2008-09-03,91.99422454833984
2008-09-04,89.22460174560547
2008-09-05,89.50516510009766
2008-09-08,91.35397338867188
2008-09-09,88.64189910888672
2008-09-10,89.00159454345703
2008-09-11,90.28929138183594
2008-09-12,90.70654296875
2008-09-15,86.39025115966797
2008-09-16,87.8362045288086
2008-09-17,83.88682556152344
2008-09-18,86.3758544921875
2008-09-19,89.80618286132812
2008-09-22,87.77301788330078
2008-09-23,85.77603912353516
2008-09-24,86.05099487304688
2008-09-25,87.39677429199219
2008-09-26,87.44019317626953
2008-09-29,80.5882568359375
2008-09-30,83.92375946044922
2008-10-01,83.97442626953125
2008-10-02,80.92829132080078
2008-10-03,79.83573150634766
2008-10-06,75.76943969726562
2008-10-07,72.37601470947266
2008-10-08,70.55268859863281
2008-10-09,65.62537384033203
2008-10-10,64.0335922241211
2008-10-13,73.33112335205078
2008-10-14,72.24580383300781
2008-10-15,65.13334655761719
2008-10-16,67.8466567993164
2008-10-17,67.44146728515625
2008-10-20,71.49331665039062
2008-10-21,69.35885620117188
2008-10-22,65.58196258544922
2008-10-23,66.34169006347656
2008-10-24,62.977195739746094
2008-10-27,60.741432189941406
2008-10-28,67.83941650390625
2008-10-29,67.347412109375
2008-10-30,69.6772232055664
2008-10-31,70.06068420410156
2008-11-03,70.2632827758789
2008-11-04,72.65095520019531
2008-11-05,69.59760284423828
2008-11-06,65.7411117553711
2008-11-07,67.91177368164062
2008-11-10,67.02178192138672
2008-11-11,64.95243835449219
2008-11-12,62.0944709777832
2008-11-13,65.96540069580078
2008-11-14,62.673309326171875
2008-11-17,61.84124755859375
2008-11-18,63.006134033203125
2008-11-19,58.968780517578125
2008-11-20,54.59133529663086
2008-11-21,57.53615951538086
2008-11-24,61.52285385131836
2008-11-25,61.97872543334961
2008-11-26,64.37362670898438
2008-11-28,65.18399810791016
2008-12-01,59.410125732421875
2008-12-02,61.69651412963867
2008-12-03,63.179786682128906
2008-12-04,61.718265533447266
2008-12-05,63.62114715576172
2008-12-08,65.84245300292969
2008-12-09,64.75711822509766
2008-12-10,65.19847869873047
2008-12-11,63.628414154052734
2008-12-12,64.3880844116211
2008-12-15,63.49088668823242
2008-12-16,66.4791488647461
2008-12-17,65.8351821899414
2008-12-18,64.60517883300781
2008-12-19,64.32727813720703
2008-12-22,63.50303268432617
2008-12-23,62.84651565551758
2008-12-24,63.211280822753906
2008-12-26,63.57596969604492
2008-12-29,63.39360809326172
2008-12-30,64.89620208740234
2008-12-31,65.82255554199219
2009-01-02,67.80657958984375
2009-01-05,67.72632598876953
2009-01-06,68.1785888671875
2009-01-07,66.13624572753906
2009-01-08,66.40608978271484
2009-01-09,64.98374938964844
2009-01-12,63.42278289794922
2009-01-13,63.53950119018555
2009-01-14,61.5408935546875
2009-01-15,61.562801361083984
2009-01-16,62.044166564941406
2009-01-20,58.76911544799805
2009-01-21,61.30747604370117
2009-01-22,60.3592414855957
2009-01-23,60.62181854248047
2009-01-26,61.037593841552734
2009-01-27,61.6576042175293
2009-01-28,63.743743896484375
2009-01-29,61.672142028808594
2009-01-30,60.41758346557617
2009-02-02,60.235233306884766
2009-02-03,61.081390380859375
2009-02-04,60.78227996826172
2009-02-05,61.686767578125
2009-02-06,63.44466018676758
2009-02-09,63.53218460083008
2009-02-10,60.62181854248047
2009-02-11,60.979248046875
2009-02-12,61.022987365722656
2009-02-13,60.36651611328125
2009-02-17,57.78441619873047
2009-02-18,57.64580535888672
2009-02-19,57.025794982910156
2009-02-20,56.471431732177734
2009-02-23,54.45094680786133
2009-02-24,56.51518630981445
2009-02-25,56.07025909423828
2009-02-26,55.15850067138672
2009-02-27,53.9257698059082
2009-03-02,51.496822357177734
2009-03-03,51.1102180480957
2009-03-04,52.3210563659668
2009-03-05,50.18387222290039
2009-03-06,50.27140808105469
2009-03-09,49.680564880371094
2009-03-10,52.64200973510742
2009-03-11,52.98483657836914
2009-03-12,55.07096481323242
2009-03-13,55.501319885253906
2009-03-16,55.33356475830078
2009-03-17,57.025794982910156
2009-03-18,58.30225372314453
2009-03-19,57.58015060424805
2009-03-20,56.35406494140625
2009-03-23,60.40191650390625
2009-03-24,59.211795806884766
2009-03-25,59.83620834350586
2009-03-26,61.05571365356445
2009-03-27,59.95375061035156
2009-03-30,57.88208770751953
2009-03-31,58.41838836669922
2009-04-01,59.54969787597656
2009-04-02,61.29079818725586
2009-04-03,61.90056610107422
2009-04-06,61.415706634521484
2009-04-07,59.98314666748047
2009-04-08,60.629642486572266
2009-04-09,63.03923416137695
2009-04-13,63.05397033691406
2009-04-14,61.9666633605957
2009-04-15,62.62782669067383
2009-04-16,63.54613494873047
2009-04-17,63.97222900390625
2009-04-20,61.29079818725586
2009-04-21,62.488258361816406
2009-04-22,62.106292724609375
2009-04-23,62.71599197387695
2009-04-24,63.6636848449707
2009-04-27,63.06129455566406
2009-04-28,62.862937927246094
2009-04-29,64.19998168945312
2009-04-30,64.22200012207031
2009-05-01,64.5672836303711
2009-05-04,66.76386260986328
2009-05-05,66.53612518310547
2009-05-06,67.68949890136719
2009-05-07,66.74915313720703
2009-05-08,68.30659484863281
2009-05-11,67.02833557128906
2009-05-12,66.82996368408203
2009-05-13,65.14766693115234
2009-05-14,65.70602416992188
2009-05-15,65.16968536376953
2009-05-18,67.02098846435547
2009-05-19,66.9401626586914
2009-05-20,66.49205780029297
2009-05-21,65.53701782226562
2009-05-22,65.39744567871094
2009-05-26,67.07242584228516
2009-05-27,65.87495422363281
2009-05-28,66.7932357788086
2009-05-29,67.97602081298828
2009-06-01,69.62156677246094
2009-06-02,69.68037414550781
2009-06-03,68.79881286621094
2009-06-04,69.44527435302734
2009-06-05,69.45996856689453
2009-06-08,69.1734848022461
2009-06-09,69.5261001586914
2009-06-10,69.34976959228516
2009-06-11,69.6583023071289
2009-06-12,69.849365234375
2009-06-15,68.247802734375
2009-06-16,67.32219696044922
2009-06-17,67.25607299804688
2009-06-18,67.74828338623047
2009-06-19,67.99797058105469
2009-06-22,65.9589614868164
2009-06-23,66.01063537597656
2009-06-24,66.57955169677734
2009-06-25,68.02752685546875
2009-06-26,67.85023498535156
2009-06-29,68.48558807373047
2009-06-30,67.93146514892578
2009-07-01,68.21223449707031
2009-07-02,66.35050964355469
2009-07-06,66.3431167602539
2009-07-07,65.05758666992188
2009-07-08,65.0132827758789
2009-07-09,65.13888549804688
2009-07-10,64.98374938964844
2009-07-13,66.56474304199219
2009-07-14,66.94152069091797
2009-07-15,68.8992919921875
2009-07-16,68.78852081298828
2009-07-17,69.54206085205078
2009-07-20,70.28084564208984
2009-07-21,70.60589599609375
2009-07-22,70.59111785888672
2009-07-23,72.14997863769531
2009-07-24,72.44548034667969
2009-07-27,72.65974426269531
2009-07-28,72.31987762451172
2009-07-29,72.14257049560547
2009-07-30,72.8961410522461
2009-07-31,72.99958038330078
2009-08-03,74.20378875732422
2009-08-04,74.39590454101562
2009-08-05,74.18162536621094
2009-08-06,73.7974624633789
2009-08-07,74.7652587890625
2009-08-10,74.61013793945312
2009-08-11,73.67928314208984
2009-08-12,74.46975708007812
2009-08-13,75.03863525390625
2009-08-14,74.46239471435547
2009-08-17,72.63020324707031
2009-08-18,73.2064208984375
2009-08-19,73.84918212890625
2009-08-20,74.61013793945312
2009-08-21,76.07292938232422
2009-08-24,76.06552124023438
2009-08-25,76.21328735351562
2009-08-26,76.22068786621094
2009-08-27,76.39061737060547
2009-08-28,76.37582397460938
2009-08-31,75.69615173339844
2009-09-01,74.02647399902344
2009-09-02,73.74574279785156
2009-09-03,74.35895538330078
2009-09-04,75.40058898925781
2009-09-08,76.05078125
2009-09-09,76.63438415527344
2009-09-10,77.41751098632812
2009-09-11,77.40271759033203
2009-09-14,77.77952575683594
2009-09-15,78.10460662841797
2009-09-16,79.2866439819336
2009-09-17,79.16844940185547
2009-09-18,79.21891021728516
2009-09-21,79.01850891113281
2009-09-22,79.47875213623047
2009-09-23,78.81806945800781
2009-09-24,77.94957733154297
2009-09-25,77.53388977050781
2009-09-28,78.9219970703125
2009-09-29,78.68447875976562
2009-09-30,78.38011932373047
2009-10-01,76.4352798461914
2009-10-02,76.07896423339844
2009-10-05,77.21470642089844
2009-10-06,78.32071685791016
2009-10-07,78.53602600097656
2009-10-08,79.13729095458984
2009-10-09,79.6197738647461
2009-10-12,79.93155670166016
2009-10-13,79.76823425292969
2009-10-14,81.14152526855469
2009-10-15,81.43843078613281
2009-10-16,80.82975769042969
2009-10-19,81.49779510498047
2009-10-20,81.0672836303711
2009-10-21,80.33979034423828
2009-10-22,81.1563491821289
2009-10-23,80.22847747802734
2009-10-26,79.35994720458984
2009-10-27,78.99625396728516
2009-10-28,77.5041732788086
2009-10-29,79.1669692993164
2009-10-30,76.87319946289062
2009-11-02,77.43737030029297
2009-11-03,77.68238067626953
2009-11-04,77.88277435302734
2009-11-05,79.31546020507812
2009-11-06,79.52327728271484
2009-11-09,81.3344955444336
2009-11-10,81.34932708740234
2009-11-11,81.76502990722656
2009-11-12,80.93366241455078
2009-11-13,81.37162780761719
2009-11-16,82.55192565917969
2009-11-17,82.64837646484375
2009-11-18,82.596435546875
2009-11-19,81.52009582519531
2009-11-20,81.23059844970703
2009-11-23,82.26238250732422
2009-11-24,82.38858032226562
2009-11-25,82.67810821533203
2009-11-27,81.3344955444336
2009-11-30,81.60916137695312
2009-12-01,82.61871337890625
2009-12-02,82.58155822753906
2009-12-03,81.93577575683594
2009-12-04,82.4034194946289
2009-12-07,82.27725982666016
2009-12-08,81.36419677734375
2009-12-09,81.66851043701172
2009-12-10,82.1287841796875
2009-12-11,82.47764587402344
2009-12-14,83.04178619384766
2009-12-15,82.65577697753906
2009-12-16,82.78201293945312
2009-12-17,81.7873306274414
2009-12-18,82.24998474121094
2009-12-21,83.08585357666016
2009-12-22,83.3843994140625
2009-12-23,83.548583984375
2009-12-24,83.94410705566406
2009-12-28,84.12322998046875
2009-12-29,84.00383758544922
2009-12-30,83.97398376464844
2009-12-31,83.16795349121094
2010-01-04,84.5784912109375
2010-01-05,84.80237579345703
2010-01-06,84.862060546875
2010-01-07,85.22029113769531
2010-01-08,85.50389862060547
2010-01-11,85.62329864501953
2010-01-12,84.8247299194336
2010-01-13,85.54121398925781
2010-01-14,85.77256774902344
2010-01-15,84.80984497070312
2010-01-19,85.86959075927734
2010-01-20,84.99640655517578
2010-01-21,83.36198425292969
2010-01-22,81.50372314453125
2010-01-25,81.92164611816406
2010-01-26,81.5783462524414
2010-01-27,81.96642303466797
2010-01-28,81.02607727050781
2010-01-29,80.14544677734375
2010-02-01,81.39176940917969
2010-02-02,82.37687683105469
2010-02-03,81.96642303466797
2010-02-04,79.43647766113281
2010-02-05,79.60063171386719
2010-02-08,79.02600860595703
2010-02-09,80.01856231689453
2010-02-10,79.86184692382812
2010-02-11,80.69770812988281
2010-02-12,80.63053894042969
2010-02-16,81.89927673339844
2010-02-17,82.28734588623047
2010-02-18,82.77243041992188
2010-02-19,82.9440689086914
2010-02-22,82.95899963378906
2010-02-23,81.95147705078125
2010-02-24,82.70526123046875
2010-02-25,82.59329986572266
2010-02-26,82.64557647705078
2010-03-01,83.5037841796875
2010-03-02,83.73512268066406
2010-03-03,83.80980682373047
2010-03-04,84.06355285644531
2010-03-05,85.26509094238281
2010-03-08,85.27999877929688
2010-03-09,85.4218521118164
2010-03-10,85.80242919921875
2010-03-11,86.1606216430664
2010-03-12,86.1681137084961
2010-03-15,86.19050598144531
2010-03-16,86.87709045410156
2010-03-17,87.39202880859375
2010-03-18,87.34722137451172
2010-03-19,86.90512084960938
2010-03-22,87.36974334716797
2010-03-23,87.98423767089844
2010-03-24,87.55708312988281
2010-03-25,87.41471099853516
2010-03-26,87.36224365234375
2010-03-29,87.91679382324219
2010-03-30,87.97673034667969
2010-03-31,87.677001953125
2010-04-01,88.2764892578125
2010-04-05,88.99586486816406
2010-04-06,89.20570373535156
2010-04-07,88.69615936279297
2010-04-08,89.00335693359375
2010-04-09,89.587890625
2010-04-12,89.73027801513672
2010-04-13,89.7977066040039
2010-04-14,90.81686401367188
2010-04-15,90.89179992675781
2010-04-16,89.44551086425781
2010-04-19,89.78273010253906
2010-04-20,90.58454895019531
2010-04-21,90.41969299316406
2010-04-22,90.68949127197266
2010-04-23,91.28150177001953
2010-04-26,90.93677520751953
2010-04-27,88.78606414794922
2010-04-28,89.46051788330078
2010-04-29,90.56957244873047
2010-04-30,89.03337097167969
2010-05-03,90.1874008178711
2010-05-04,88.06668090820312
2010-05-05,87.54212188720703
2010-05-06,84.6345443725586
2010-05-07,83.3755874633789
2010-05-10,87.04752349853516
2010-05-11,86.80022430419922
2010-05-12,88.01419067382812
2010-05-13,86.92012023925781
2010-05-14,85.34642028808594
2010-05-17,85.39138793945312
2010-05-18,84.22985076904297
2010-05-19,83.75028228759766
2010-05-20,80.58790588378906
2010-05-21,81.76441192626953
2010-05-24,80.71528625488281
2010-05-25,80.79771423339844
2010-05-26,80.31062316894531
2010-05-27,83.0008773803711
2010-05-28,81.95924377441406
2010-06-01,80.58037567138672
2010-06-02,82.67864227294922
2010-06-03,82.96340942382812
2010-06-04,80.0483169555664
2010-06-07,79.0516586303711
2010-06-08,79.89849090576172
2010-06-09,79.47132110595703
2010-06-10,81.79441833496094
2010-06-11,82.19156646728516
2010-06-14,82.06414031982422
2010-06-15,83.93010711669922
2010-06-16,83.90016174316406
2010-06-17,84.0350570678711
2010-06-18,84.12614440917969
2010-06-21,83.88522338867188
2010-06-22,82.4997787475586
2010-06-23,82.24378204345703
2010-06-24,80.8809585571289
2010-06-25,81.21977233886719
2010-06-28,80.9637680053711
2010-06-29,78.4640121459961
2010-06-30,77.71858978271484
2010-07-01,77.37223815917969
2010-07-02,76.95061492919922
2010-07-06,77.45506286621094
2010-07-07,79.89458465576172
2010-07-08,80.68519592285156
2010-07-09,81.28752899169922
2010-07-12,81.34024810791016
2010-07-13,82.56754302978516
2010-07-14,82.56001281738281
2010-07-15,82.58262634277344
2010-07-16,80.30870056152344
2010-07-19,80.7830581665039
2010-07-20,81.67906188964844
2010-07-21,80.61741638183594
2010-07-22,82.4169692993164
2010-07-23,83.13224792480469
2010-07-26,83.99813842773438
2010-07-27,83.99063873291016
2010-07-28,83.44847106933594
2010-07-29,83.04188537597656
2010-07-30,83.02680969238281
2010-08-02,84.90167999267578
2010-08-03,84.49506378173828
2010-08-04,85.05978393554688
2010-08-05,84.96942901611328
2010-08-06,84.6230697631836
2010-08-09,85.07482147216797
2010-08-10,84.61553192138672
2010-08-11,82.29649353027344
2010-08-12,81.79199981689453
2010-08-13,81.55106353759766
2010-08-16,81.51342010498047
2010-08-17,82.51483917236328
2010-08-18,82.66542053222656
2010-08-19,81.2273178100586
2010-08-20,80.9637680053711
2010-08-23,80.65505981445312
2010-08-24,79.4578857421875
2010-08-25,79.76660919189453
2010-08-26,79.23202514648438
2010-08-27,80.45930480957031
2010-08-30,79.29225158691406
2010-08-31,79.29225158691406
2010-09-01,81.66401672363281
2010-09-02,82.42447662353516
2010-09-03,83.49364471435547
2010-09-07,82.55244445800781
2010-09-08,83.13224792480469
2010-09-09,83.51624298095703
2010-09-10,83.93788146972656
2010-09-13,84.87152099609375
2010-09-14,84.81886291503906
2010-09-15,85.1426010131836
2010-09-16,85.12002563476562
2010-09-17,85.15181732177734
2010-09-20,86.45380401611328
2010-09-21,86.27970886230469
2010-09-22,85.85578918457031
2010-09-23,85.15938568115234
2010-09-24,86.91554260253906
2010-09-27,86.49922180175781
2010-09-28,86.802001953125
2010-09-29,86.65059661865234
2010-09-30,86.39325714111328
2010-10-01,86.7565689086914
2010-10-04,86.10558319091797
2010-10-05,87.83905029296875
2010-10-06,87.83147430419922
2010-10-07,87.7254867553711
2010-10-08,88.217529296875
2010-10-11,88.30083465576172
2010-10-12,88.57333374023438
2010-10-13,89.26216888427734
2010-10-14,88.91397857666016
2010-10-15,89.09565734863281
2010-10-18,89.53466796875
2010-10-19,88.36137390136719
2010-10-20,89.22431945800781
2010-10-21,89.42108917236328
2010-10-22,89.587646484375
2010-10-25,89.85260009765625
2010-10-26,89.86775207519531
2010-10-27,89.61036682128906
2010-10-28,89.6255111694336
2010-10-29,89.6936264038086
2010-11-01,89.72393798828125
2010-11-02,90.43548583984375
2010-11-03,90.79882049560547
2010-11-04,92.54740142822266
2010-11-05,92.89562225341797
2010-11-08,92.7215347290039
2010-11-09,92.0553970336914
2010-11-10,92.4262924194336
2010-11-11,92.07809448242188
2010-11-12,90.9880599975586
2010-11-15,90.85936737060547
2010-11-16,89.44384002685547
2010-11-17,89.4892349243164
2010-11-18,90.80634307861328
2010-11-19,91.05618286132812
2010-11-22,90.98047637939453
2010-11-23,89.66336059570312
2010-11-24,90.9880599975586
2010-11-26,89.92828369140625
2010-11-29,90.20082092285156
2010-11-30,89.6936264038086
2010-12-01,91.6012191772461
2010-12-02,92.77449798583984
2010-12-03,93.02433776855469
2010-12-06,92.92591094970703
2010-12-07,92.97891235351562
2010-12-08,93.31954193115234
2010-12-09,93.68289184570312
2010-12-10,94.2279052734375
2010-12-13,94.2884750366211
2010-12-14,94.37171936035156
2010-12-15,93.94025421142578
2010-12-16,94.48523712158203
2010-12-17,94.58647155761719
2010-12-20,94.81474304199219
2010-12-21,95.41590881347656
2010-12-22,95.71271514892578
2010-12-23,95.57572937011719
2010-12-27,95.6137466430664
2010-12-28,95.750732421875
2010-12-29,95.8192367553711
2010-12-30,95.66703796386719
2010-12-31,95.68984985351562
2011-01-03,96.6790771484375
2011-01-04,96.62584686279297
2011-01-05,97.12806701660156
2011-01-06,96.93779754638672
2011-01-07,96.74757385253906
2011-01-10,96.62584686279297
2011-01-11,96.96825408935547
2011-01-12,97.84337615966797
2011-01-13,97.68355560302734
2011-01-14,98.39128112792969
2011-01-18,98.55864715576172
2011-01-19,97.5922622680664
2011-01-20,97.462890625
2011-01-21,97.68355560302734
2011-01-24,98.23908233642578
2011-01-25,98.29231262207031
2011-01-26,98.67281341552734
2011-01-27,98.91627502441406
2011-01-28,97.18893432617188
2011-01-31,97.91947174072266
2011-02-01,99.48703002929688
2011-02-02,99.29676818847656
2011-02-03,99.5174560546875
2011-02-04,99.79899597167969
2011-02-07,100.42298126220703
2011-02-08,100.87956237792969
2011-02-09,100.65127563476562
2011-02-10,100.68933868408203
2011-02-11,101.29048156738281
2011-02-14,101.53398132324219
2011-02-15,101.21437072753906
2011-02-16,101.85357666015625
2011-02-17,102.15795135498047
2011-02-18,102.37106323242188
2011-02-22,100.31649780273438
2011-02-23,99.7000732421875
2011-02-24,99.631591796875
2011-02-25,100.69694519042969
2011-02-28,101.32093811035156
2011-03-01,99.631591796875
2011-03-02,99.84466552734375
2011-03-03,101.56444549560547
2011-03-04,100.8034896850586
2011-03-07,100.01209259033203
2011-03-08,100.88713836669922
2011-03-09,100.74256896972656
2011-03-10,98.87826538085938
2011-03-11,99.5631103515625
2011-03-14,98.96196746826172
2011-03-15,97.828125
2011-03-16,96.01707458496094
2011-03-17,97.28783416748047
2011-03-18,97.6417236328125
2011-03-21,99.1549301147461
2011-03-22,98.81103515625
2011-03-23,99.09380340576172
2011-03-24,100.04147338867188
2011-03-25,100.34715270996094
2011-03-28,100.10263061523438
2011-03-29,100.77518463134766
2011-03-30,101.47066497802734
2011-03-31,101.33306121826172
2011-04-01,101.76110076904297
2011-04-04,101.84513854980469
2011-04-05,101.82984924316406
2011-04-06,102.15084838867188
2011-04-07,101.89100646972656
2011-04-08,101.53944396972656
2011-04-11,101.23375701904297
2011-04-12,100.47713470458984
2011-04-13,100.46949768066406
2011-04-14,100.54588317871094
2011-04-15,100.91276550292969
2011-04-18,99.78165435791016
2011-04-19,100.35481262207031
2011-04-20,101.72283935546875
2011-04-21,102.24254608154297
2011-04-25,102.13555908203125
2011-04-26,103.01445770263672
2011-04-27,103.68702697753906
2011-04-28,104.02324676513672
2011-04-29,104.2678451538086
2011-05-02,104.10733032226562
2011-05-03,103.73285675048828
2011-05-04,103.04500579833984
2011-05-05,102.11264038085938
2011-05-06,102.56356048583984
2011-05-09,102.9609603881836
2011-05-10,103.83985137939453
2011-05-11,102.74696350097656
2011-05-12,103.23609924316406
2011-05-13,102.44126892089844
2011-05-16,101.79165649414062
2011-05-17,101.77633666992188
2011-05-18,102.6858139038086
2011-05-19,102.93036651611328
2011-05-20,102.11264038085938
2011-05-23,100.92804718017578
2011-05-24,100.84392547607422
2011-05-25,101.18025207519531
2011-05-26,101.64643096923828
2011-05-27,102.03618621826172
2011-05-31,103.09852600097656
2011-06-01,100.7828140258789
2011-06-02,100.67583465576172
2011-06-03,99.6746597290039
2011-06-06,98.61997985839844
2011-06-07,98.55885314941406
2011-06-08,98.1461410522461
2011-06-09,98.89511108398438
2011-06-10,97.5194320678711
2011-06-13,97.59585571289062
2011-06-14,98.83397674560547
2011-06-15,97.07618713378906
2011-06-16,97.29016876220703
2011-06-17,97.58049011230469
2011-06-20,98.0796890258789
2011-06-21,99.42379760742188
2011-06-22,98.82472229003906
2011-06-23,98.54053497314453
2011-06-24,97.39613342285156
2011-06-27,98.2640609741211
2011-06-28,99.54667663574219
2011-06-29,100.39921569824219
2011-06-30,101.35929107666016
2011-07-01,102.85694885253906
2011-07-05,102.77247619628906
2011-07-06,102.8953628540039
2011-07-07,103.96295166015625
2011-07-08,103.22565460205078
2011-07-11,101.35929107666016
2011-07-12,100.92147827148438
2011-07-13,101.25942993164062
2011-07-14,100.56051635742188
2011-07-15,101.14422607421875
2011-07-18,100.31472778320312
2011-07-19,101.9429702758789
2011-07-20,101.88153839111328
2011-07-21,103.29476165771484
2011-07-22,103.3638916015625
2011-07-25,102.78785705566406
2011-07-26,102.40380096435547
2011-07-27,100.30706787109375
2011-07-28,100.01518249511719
2011-07-29,99.33163452148438
2011-08-01,98.90918731689453
2011-08-02,96.38233947753906
2011-08-03,96.9046401977539
2011-08-04,92.36547088623047
2011-08-05,92.2271728515625
2011-08-08,86.22105407714844
2011-08-09,90.2302474975586
2011-08-10,86.24407958984375
2011-08-11,90.11505889892578
2011-08-12,90.7218246459961
2011-08-15,92.64192199707031
2011-08-16,91.8508529663086
2011-08-17,91.91230010986328
2011-08-18,87.94916534423828
2011-08-19,86.51290130615234
2011-08-22,86.58203887939453
2011-08-23,89.43148040771484
2011-08-24,90.69108581542969
2011-08-25,89.30860900878906
2011-08-26,90.60662078857422
2011-08-29,93.21027374267578
2011-08-30,93.45610046386719
2011-08-31,93.87084197998047
2011-09-01,92.88768768310547
2011-09-02,90.51443481445312
2011-09-06,89.85391998291016
2011-09-07,92.38849639892578
2011-09-08,91.42841339111328
2011-09-09,89.03211212158203
2011-09-12,89.6081314086914
2011-09-13,90.42996978759766
2011-09-14,91.68186950683594
2011-09-15,93.2640380859375
2011-09-16,93.8160171508789
2011-09-19,92.88191986083984
2011-09-20,92.77379608154297
2011-09-21,90.04084777832031
2011-09-22,87.13034057617188
2011-09-23,87.65533447265625
2011-09-26,89.73976135253906
2011-09-27,90.74337768554688
2011-09-28,88.89056396484375
2011-09-29,89.59310913085938
2011-09-30,87.35419464111328
2011-10-03,84.86831665039062
2011-10-04,86.72889709472656
2011-10-05,88.33468627929688
2011-10-06,89.93277740478516
2011-10-07,89.3305892944336
2011-10-10,92.31832885742188
2011-10-11,92.41095733642578
2011-10-12,93.22160339355469
2011-10-13,93.03631591796875
2011-10-14,94.62665557861328
2011-10-17,92.82015228271484
2011-10-18,94.6343994140625
2011-10-19,93.51497650146484
2011-10-20,93.92414093017578
2011-10-21,95.70747375488281
2011-10-24,96.88096618652344
2011-10-25,94.99722290039062
2011-10-26,95.96227264404297
2011-10-27,99.30513000488281
2011-10-28,99.28196716308594
2011-10-31,96.88871002197266
2011-11-01,94.18660736083984
2011-11-02,95.72293090820312
2011-11-03,97.46772003173828
2011-11-04,96.87325286865234
2011-11-07,97.47542572021484
2011-11-08,98.72610473632812
2011-11-09,95.08216094970703
2011-11-10,95.97769927978516
2011-11-11,97.78424835205078
2011-11-14,96.85779571533203
2011-11-15,97.3364486694336
2011-11-16,95.79243469238281
2011-11-17,94.27151489257812
2011-11-18,94.17120361328125
2011-11-21,92.38005828857422
2011-11-22,92.01725006103516
2011-11-23,89.98681640625
2011-11-25,89.81697845458984
2011-11-28,92.41868591308594
2011-11-29,92.68113708496094
2011-11-30,96.49497985839844
2011-12-01,96.47953796386719
2011-12-02,96.39459991455078
2011-12-05,97.44453430175781
2011-12-06,97.47542572021484
2011-12-07,97.83829498291016
2011-12-08,95.69207000732422
2011-12-09,97.31330871582031
2011-12-12,95.89278411865234
2011-12-13,94.99722290039062
2011-12-14,93.9858627319336
2011-12-15,94.32556915283203
2011-12-16,94.46543884277344
2011-12-19,93.45545196533203
2011-12-20,96.28339385986328
2011-12-21,96.46987915039062
2011-12-22,97.32444763183594
2011-12-23,98.19462585449219
2011-12-27,98.2723159790039
2011-12-28,96.98263549804688
2011-12-29,97.98486328125
2011-12-30,97.50318908691406
2012-01-03,99.0570068359375
2012-01-04,99.21239471435547
2012-01-05,99.47654724121094
2012-01-06,99.22016906738281
2012-01-09,99.46102142333984
2012-01-10,100.3233871459961
2012-01-11,100.3777847290039
2012-01-12,100.61863708496094
2012-01-13,100.09806060791016
2012-01-17,100.48653411865234
2012-01-18,101.59754180908203
2012-01-19,102.13360595703125
2012-01-20,102.51426696777344
2012-01-23,102.2501449584961
2012-01-24,102.13360595703125
2012-01-25,102.98821258544922
2012-01-26,102.45988464355469
2012-01-27,102.41329956054688
2012-01-30,102.06369018554688
2012-01-31,102.02482604980469
2012-02-01,102.91828155517578
2012-02-02,103.08145141601562
2012-02-03,104.52652740478516
2012-02-06,104.45657348632812
2012-02-07,104.72071838378906
2012-02-08,105.03150177001953
2012-02-09,105.16358947753906
2012-02-10,104.38665771484375
2012-02-13,105.16358947753906
2012-02-14,105.03150177001953
2012-02-15,104.54208374023438
2012-02-16,105.69965362548828
2012-02-17,105.97935485839844
2012-02-21,106.02597045898438
2012-02-22,105.68412017822266
2012-02-23,106.15028381347656
2012-02-24,106.38334655761719
2012-02-27,106.56202697753906
2012-02-28,106.87281036376953
2012-02-29,106.45321655273438
2012-03-01,107.0048828125
2012-03-02,106.67857360839844
2012-03-05,106.24348449707031
2012-03-06,104.68968200683594
2012-03-07,105.41999053955078
2012-03-08,106.46878051757812
2012-03-09,106.88058471679688
2012-03-12,106.88833618164062
2012-03-13,108.81510162353516
2012-03-14,108.69857788085938
2012-03-15,109.327880859375
2012-03-16,109.47921752929688
2012-03-19,109.90841674804688
2012-03-20,109.5885009765625
2012-03-21,109.40902709960938
2012-03-22,108.62088012695312
2012-03-23,108.97199249267578
2012-03-26,110.50154113769531
2012-03-27,110.15812683105469
2012-03-28,109.61188507080078
2012-03-29,109.42463684082031
2012-03-30,109.87720489501953
2012-04-02,110.68092346191406
2012-04-03,110.22834777832031
2012-04-04,109.13594055175781
2012-04-05,109.0812759399414
2012-04-09,107.8561782836914
2012-04-10,106.04578399658203
2012-04-11,106.90416717529297
2012-04-12,108.30099487304688
2012-04-13,107.013427734375
2012-04-16,106.94319152832031
2012-04-17,108.52725982666016
2012-04-18,108.1604995727539
2012-04-19,107.46601104736328
2012-04-20,107.6454849243164
2012-04-23,106.74032592773438
2012-04-24,107.14610290527344
2012-04-25,108.61308288574219
2012-04-26,109.3700180053711
2012-04-27,109.54949188232422
2012-04-30,109.14366912841797
2012-05-01,109.82257843017578
2012-05-02,109.49488067626953
2012-05-03,108.6599349975586
2012-05-04,106.90416717529297
2012-05-07,106.98226165771484
2012-05-08,106.55302429199219
2012-05-09,105.92097473144531
2012-05-10,106.13947296142578
2012-05-11,105.81952667236328
2012-05-14,104.6490478515625
2012-05-15,104.0481948852539
2012-05-16,103.65023803710938
2012-05-17,102.11300659179688
2012-05-18,101.239013671875
2012-05-21,102.97917938232422
2012-05-22,103.15864562988281
2012-05-23,103.21324920654297
2012-05-24,103.4161376953125
2012-05-25,103.08058166503906
2012-05-29,104.3290786743164
2012-05-30,102.8152847290039
2012-05-31,102.58902740478516
2012-06-01,100.0061264038086
2012-06-04,99.9593276977539
2012-06-05,100.71621704101562
2012-06-06,102.97917938232422
2012-06-07,103.04161834716797
2012-06-08,103.86090850830078
2012-06-11,102.54216766357422
2012-06-12,103.72044372558594
2012-06-13,103.05717468261719
2012-06-14,104.14964294433594
2012-06-15,105.21483612060547
2012-06-18,105.41875457763672
2012-06-19,106.43846893310547
2012-06-20,106.26583099365234
2012-06-21,103.88139343261719
2012-06-22,104.68143463134766
2012-06-25,103.0029067993164
2012-06-26,103.52056884765625
2012-06-27,104.45399475097656
2012-06-28,104.15589904785156
2012-06-29,106.75215148925781
2012-07-02,107.07373046875
2012-07-03,107.77970886230469
2012-07-05,107.29340362548828
2012-07-06,106.27371215820312
2012-07-09,106.14037322998047
2012-07-10,105.21483612060547
2012-07-11,105.23046875
2012-07-12,104.72064971923828
2012-07-13,106.4776611328125
2012-07-16,106.22666931152344
2012-07-17,106.95611572265625
2012-07-18,107.7483139038086
2012-07-19,108.03069305419922
2012-07-20,107.04241943359375
2012-07-23,105.95996856689453
2012-07-24,105.0500717163086
2012-07-25,105.0736312866211
2012-07-26,106.80708312988281
2012-07-27,108.77579498291016
2012-07-30,108.77579498291016
2012-07-31,108.01500701904297
2012-08-01,107.92086029052734
2012-08-02,107.17575073242188
2012-08-03,109.30137634277344
2012-08-06,109.51311492919922
2012-08-07,110.06222534179688
2012-08-08,110.195556640625
2012-08-09,110.28966522216797
2012-08-10,110.47006225585938
2012-08-13,110.4151840209961
2012-08-14,110.43084716796875
2012-08-15,110.55634307861328
2012-08-16,111.37206268310547
2012-08-17,111.52110290527344
2012-08-20,111.52898406982422
2012-08-21,111.19170379638672
2012-08-22,111.23869323730469
2012-08-23,110.3288803100586
2012-08-24,110.99557495117188
2012-08-27,111.01911926269531
2012-08-28,110.90930938720703
2012-08-29,110.99557495117188
2012-08-30,110.195556640625
2012-08-31,110.7210464477539
2012-09-04,110.61910247802734
2012-09-05,110.52500915527344
2012-09-06,112.76828002929688
2012-09-07,113.20748138427734
2012-09-10,112.5643081665039
2012-09-11,112.8780517578125
2012-09-12,113.2545166015625
2012-09-13,114.98018646240234
2012-09-14,115.489990234375
2012-09-17,115.09783935546875
2012-09-18,115.00365447998047
2012-09-19,115.06645202636719
2012-09-20,115.07424926757812
2012-09-21,115.02619171142578
2012-09-24,114.85267639160156
2012-09-25,113.6304702758789
2012-09-26,112.99172973632812
2012-09-27,114.05626678466797
2012-09-28,113.5279312133789
2012-10-01,113.82758331298828
2012-10-02,113.94586944580078
2012-10-03,114.41112518310547
2012-10-04,115.23123168945312
2012-10-05,115.23907470703125
2012-10-08,114.84483337402344
2012-10-09,113.70931243896484
2012-10-10,112.98384857177734
2012-10-11,113.04693603515625
2012-10-12,112.67631530761719
2012-10-15,113.61466979980469
2012-10-16,114.76596069335938
2012-10-17,115.28643035888672
2012-10-18,114.98677825927734
2012-10-19,113.07060241699219
2012-10-22,113.08634185791016
2012-10-23,111.51715087890625
2012-10-24,111.20167541503906
2012-10-25,111.52498626708984
2012-10-26,111.4619140625
2012-10-31,111.4619140625
2012-11-01,112.62896728515625
2012-11-02,111.62753295898438
2012-11-05,111.85621643066406
2012-11-06,112.73149108886719
2012-11-07,110.17659759521484
2012-11-08,108.8518295288086
2012-11-09,108.94642639160156
2012-11-12,109.03321075439453
2012-11-13,108.65469360351562
2012-11-14,107.18797302246094
2012-11-15,107.00664520263672
2012-11-16,107.5349349975586
2012-11-19,109.71135711669922
2012-11-20,109.75865936279297
2012-11-21,109.96369934082031
2012-11-23,111.4619140625
2012-11-26,111.22540283203125
2012-11-27,110.6576156616211
2012-11-28,111.54867553710938
2012-11-29,112.06912231445312
2012-11-30,112.0927505493164
2012-12-03,111.54080963134766
2012-12-04,111.38307189941406
2012-12-05,111.58025360107422
2012-12-06,111.95870971679688
2012-12-07,112.29780578613281
2012-12-10,112.34513854980469
2012-12-11,113.11001586914062
2012-12-12,113.16519927978516
2012-12-13,112.47124481201172
2012-12-14,112.05335235595703
2012-12-17,113.3702392578125
2012-12-18,114.63189697265625
2012-12-19,113.78032684326172
2012-12-20,114.43479919433594
2012-12-21,113.39604949951172
2012-12-24,113.046630859375
2012-12-26,112.57017517089844
2012-12-27,112.41924285888672
2012-12-28,111.20415496826172
2012-12-31,113.09426879882812
2013-01-02,115.9928970336914
2013-01-03,115.73084259033203
2013-01-04,116.23905181884766
2013-01-07,115.92140197753906
2013-01-08,115.58792114257812
2013-01-09,115.88167572021484
2013-01-10,116.80291748046875
2013-01-11,116.79496765136719
2013-01-14,116.71553802490234
2013-01-15,116.79496765136719
2013-01-16,116.77912139892578
2013-01-17,117.53353881835938
2013-01-18,117.79557037353516
2013-01-22,118.43089294433594
2013-01-23,118.62152099609375
2013-01-24,118.65324401855469
2013-01-25,119.32039642333984
2013-01-28,119.17742156982422
2013-01-29,119.64593505859375
2013-01-30,119.17742156982422
2013-01-31,118.88357543945312
2013-02-01,120.10658264160156
2013-02-04,118.75653076171875
2013-02-05,119.95568084716797
2013-02-06,120.04302215576172
2013-02-07,119.88418579101562
2013-02-08,120.5513687133789
2013-02-11,120.52742004394531
2013-02-12,120.72601318359375
2013-02-13,120.82917022705078
2013-02-14,120.94041442871094
2013-02-15,120.79750061035156
2013-02-19,121.70282745361328
2013-02-20,120.18598175048828
2013-02-21,119.45533752441406
2013-02-22,120.62274932861328
2013-02-25,118.32767486572266
2013-02-26,119.13773345947266
2013-02-27,120.63861846923828
2013-02-28,120.40043640136719
2013-03-01,120.79750061035156
2013-03-04,121.44070434570312
2013-03-05,122.52873992919922
2013-03-06,122.6955337524414
2013-03-07,122.91788482666016
2013-03-08,123.44194793701172
2013-03-11,123.91051483154297
2013-03-12,123.63259887695312
2013-03-13,123.8072738647461
2013-03-14,124.46646118164062
2013-03-15,124.30216979980469
2013-03-18,123.61609649658203
2013-03-19,123.32891845703125
2013-03-20,124.19046783447266
2013-03-21,123.1295166015625
2013-03-22,124.11866760253906
2013-03-25,123.6001205444336
2013-03-26,124.58924102783203
2013-03-27,124.58924102783203
2013-03-28,124.97210693359375
2013-04-01,124.47756958007812
2013-04-02,125.091796875
2013-04-03,123.82347106933594
2013-04-04,124.32604217529297
2013-04-05,123.76766204833984
2013-04-08,124.60523223876953
2013-04-09,125.03595733642578
2013-04-10,126.5675048828125
2013-04-11,126.98229217529297
2013-04-12,126.67117309570312
2013-04-15,123.73574829101562
2013-04-16,125.56241607666016
2013-04-17,123.72777557373047
2013-04-18,122.95403289794922
2013-04-19,124.02291107177734
2013-04-22,124.57328796386719
2013-04-23,125.8575439453125
2013-04-24,125.93732452392578
2013-04-25,126.44779205322266
2013-04-26,126.22452545166016
2013-04-29,127.0700912475586
2013-04-30,127.37313842773438
2013-05-01,126.25638580322266
2013-05-02,127.42900085449219
2013-05-03,128.7212371826172
2013-05-06,129.0482177734375
2013-05-07,129.70237731933594
2013-05-08,130.29269409179688
2013-05-09,129.92568969726562
2013-05-10,130.34852600097656
2013-05-13,130.4522247314453
2013-05-14,131.8002471923828
2013-05-15,132.51019287109375
2013-05-16,131.8880157470703
2013-05-17,133.16432189941406
2013-05-20,133.1562957763672
2013-05-21,133.34774780273438
2013-05-22,132.35862731933594
2013-05-23,131.97576904296875
2013-05-24,131.8640594482422
2013-05-28,132.65379333496094
2013-05-29,131.79229736328125
2013-05-30,132.2788543701172
2013-05-31,130.38046264648438
2013-06-03,131.09832763671875
2013-06-04,130.46817016601562
2013-06-05,128.6414794921875
2013-06-06,129.80609130859375
2013-06-07,131.4572296142578
2013-06-10,131.4572296142578
2013-06-11,130.10122680664062
2013-06-12,129.0243377685547
2013-06-13,130.98667907714844
2013-06-14,130.1649932861328
2013-06-17,131.17015075683594
2013-06-18,132.2071075439453
2013-06-19,130.38046264648438
2013-06-20,127.1497802734375
2013-06-21,127.55803680419922
2013-06-24,125.94615173339844
2013-06-25,127.15706634521484
2013-06-26,128.416015625
2013-06-27,129.1697998046875
2013-06-28,128.6405487060547
2013-07-01,129.39430236816406
2013-07-02,129.2740478515625
2013-07-03,129.33016967773438
2013-07-05,130.72549438476562
2013-07-08,131.47119140625
2013-07-09,132.41751098632812
2013-07-10,132.46563720703125
2013-07-11,134.2698974609375
2013-07-12,134.32598876953125
2013-07-15,134.83921813964844
2013-07-16,134.33401489257812
2013-07-17,134.67884826660156
2013-07-18,135.41659545898438
2013-07-19,135.6571807861328
2013-07-22,135.92176818847656
2013-07-23,135.633056640625
2013-07-24,135.13592529296875
2013-07-25,135.46470642089844
2013-07-26,135.6090545654297
2013-07-29,135.1920623779297
2013-07-30,135.1920623779297
2013-07-31,135.2882843017578
2013-08-01,136.8519744873047
2013-08-02,137.0845489501953
2013-08-05,136.88406372070312
2013-08-06,136.10621643066406
2013-08-07,135.66514587402344
2013-08-08,136.162353515625
2013-08-09,135.76943969726562
2013-08-12,135.6090545654297
2013-08-13,136.00997924804688
2013-08-14,135.31228637695312
2013-08-15,133.41983032226562
2013-08-16,132.97879028320312
2013-08-19,132.12879943847656
2013-08-20,132.77835083007812
2013-08-21,131.96038818359375
2013-08-22,133.1632537841797
2013-08-23,133.6123504638672
2013-08-26,133.11514282226562
2013-08-27,130.97406005859375
2013-08-28,131.43917846679688
2013-08-29,131.64764404296875
2013-08-30,131.23069763183594
2013-09-03,131.82408142089844
2013-09-04,132.91458129882812
2013-09-05,133.08302307128906
2013-09-06,133.14718627929688
2013-09-09,134.4222412109375
2013-09-10,135.41659545898438
2013-09-11,135.8415985107422
2013-09-12,135.4807586669922
2013-09-13,135.78546142578125
2013-09-16,136.57130432128906
2013-09-17,137.18077087402344
2013-09-18,138.7684783935547
2013-09-19,138.53599548339844
2013-09-20,137.56736755371094
2013-09-23,136.93077087402344
2013-09-24,136.60848999023438
2013-09-25,136.21360778808594
2013-09-26,136.73745727539062
2013-09-27,136.1088409423828
2013-09-30,135.3836212158203
2013-10-01,136.45535278320312
2013-10-02,136.32643127441406
2013-10-03,135.0693359375
2013-10-04,136.09280395507812
2013-10-07,134.91627502441406
2013-10-08,133.34500122070312
2013-10-09,133.44161987304688
2013-10-10,136.3184051513672
2013-10-11,137.1967315673828
2013-10-14,137.74464416503906
2013-10-15,136.7454376220703
2013-10-16,138.65521240234375
2013-10-17,139.58187866210938
2013-10-18,140.5247039794922
2013-10-21,140.53280639648438
2013-10-22,141.34664916992188
2013-10-23,140.66976928710938
2013-10-24,141.13711547851562
2013-10-25,141.78173828125
2013-10-28,142.0073699951172
2013-10-29,142.76483154296875
2013-10-30,142.0557098388672
2013-10-31,141.65284729003906
2013-11-01,141.99127197265625
2013-11-04,142.4908905029297
2013-11-05,142.03965759277344
2013-11-06,142.76483154296875
2013-11-07,140.9598388671875
2013-11-08,142.86154174804688
2013-11-11,142.88575744628906
2013-11-12,142.5956573486328
2013-11-13,143.7398681640625
2013-11-14,144.45703125
2013-11-15,145.08558654785156
2013-11-18,144.57789611816406
2013-11-19,144.26365661621094
2013-11-20,143.8124542236328
2013-11-21,144.97279357910156
2013-11-22,145.69796752929688
2013-11-25,145.55296325683594
2013-11-26,145.59324645996094
2013-11-27,145.94778442382812
2013-11-29,145.85108947753906
2013-12-02,145.4723663330078
2013-12-03,144.84384155273438
2013-12-04,144.82766723632812
2013-12-05,144.1912078857422
2013-12-06,145.80270385742188
2013-12-09,146.17340087890625
2013-12-10,145.649658203125
2013-12-11,144.01393127441406
2013-12-12,143.53842163085938
2013-12-13,143.52230834960938
2013-12-16,144.41676330566406
2013-12-17,143.9574432373047
2013-12-18,146.41517639160156
2013-12-19,146.24598693847656
2013-12-20,147.09661865234375
2013-12-23,147.88247680664062
2013-12-24,148.2065887451172
2013-12-26,148.96005249023438
2013-12-27,148.9520263671875
2013-12-30,148.9276123046875
2013-12-31,149.6324462890625
2014-01-02,148.19839477539062
2014-01-03,148.1741943359375
2014-01-06,147.7447509765625
2014-01-07,148.6521759033203
2014-01-08,148.68453979492188
2014-01-09,148.78182983398438
2014-01-10,149.18687438964844
2014-01-13,147.2019805908203
2014-01-14,148.80612182617188
2014-01-15,149.6082000732422
2014-01-16,149.41378784179688
2014-01-17,148.78182983398438
2014-01-21,149.2192840576172
2014-01-22,149.3165283203125
2014-01-23,148.09312438964844
2014-01-24,144.9334259033203
2014-01-27,144.22047424316406
2014-01-28,145.07923889160156
2014-01-29,143.6857147216797
2014-01-30,145.20887756347656
2014-01-31,144.3582000732422
2014-02-03,141.109375
2014-02-04,142.0977325439453
2014-02-05,141.91958618164062
2014-02-06,143.79104614257812
2014-02-07,145.57354736328125
2014-02-10,145.84080505371094
2014-02-11,147.43690490722656
2014-02-12,147.50979614257812
2014-02-13,148.2714080810547
2014-02-14,149.08970642089844
2014-02-18,149.26792907714844
2014-02-19,148.27947998046875
2014-02-20,149.1544952392578
2014-02-21,148.98435974121094
2014-02-24,149.810791015625
2014-02-25,149.7539825439453
2014-02-26,149.7621307373047
2014-02-27,150.54800415039062
2014-02-28,150.92881774902344
2014-03-03,149.8674774169922
2014-03-04,151.9739532470703
2014-03-05,152.11163330078125
2014-03-06,152.46002197265625
2014-03-07,152.52484130859375
2014-03-10,152.44383239746094
2014-03-11,151.6903533935547
2014-03-12,151.73086547851562
2014-03-13,150.02947998046875
2014-03-14,149.6082000732422
2014-03-17,150.96119689941406
2014-03-18,152.0387420654297
2014-03-19,151.2285614013672
2014-03-20,152.11163330078125
2014-03-21,151.5216522216797
2014-03-24,150.89508056640625
2014-03-25,151.61122131347656
2014-03-26,150.52076721191406
2014-03-27,150.2034149169922
2014-03-28,150.94387817382812
2014-03-31,152.18080139160156
2014-04-01,153.18994140625
2014-04-02,153.7025146484375
2014-04-03,153.4990997314453
2014-04-04,151.6844024658203
2014-04-07,150.00807189941406
2014-04-08,150.62655639648438
2014-04-09,152.24586486816406
2014-04-10,149.0478515625
2014-04-11,147.705078125
2014-04-14,148.86880493164062
2014-04-15,149.89414978027344
2014-04-16,151.46473693847656
2014-04-17,151.67628479003906
2014-04-21,152.2052001953125
2014-04-22,152.89691162109375
2014-04-23,152.53887939453125
2014-04-24,152.8480987548828
2014-04-25,151.59495544433594
2014-04-28,152.07501220703125
2014-04-29,152.78298950195312
2014-04-30,153.23873901367188
2014-05-01,153.25497436523438
2014-05-02,153.03526306152344
2014-05-05,153.3282012939453
2014-05-06,151.99365234375
2014-05-07,152.88877868652344
2014-05-08,152.72601318359375
2014-05-09,152.95396423339844
2014-05-12,154.44309997558594
2014-05-13,154.58140563964844
2014-05-14,153.84902954101562
2014-05-15,152.4981689453125
2014-05-16,153.02713012695312
2014-05-19,153.58865356445312
2014-05-20,152.62022399902344
2014-05-21,153.90597534179688
2014-05-22,154.28024291992188
2014-05-23,154.8987274169922
2014-05-27,155.8508758544922
2014-05-28,155.73699951171875
2014-05-29,156.5425262451172
2014-05-30,156.7947998046875
2014-06-02,156.97389221191406
2014-06-03,156.89248657226562
2014-06-04,157.20985412597656
2014-06-05,158.2351531982422
2014-06-06,158.99200439453125
2014-06-09,159.15469360351562
2014-06-10,159.17100524902344
2014-06-11,158.61767578125
2014-06-12,157.49465942382812
2014-06-13,157.97471618652344
2014-06-16,158.10491943359375
2014-06-17,158.54443359375
2014-06-18,159.7080535888672
2014-06-19,159.88706970214844
2014-06-20,160.21173095703125
2014-06-23,160.16265869140625
2014-06-24,159.19776916503906
2014-06-25,159.91734313964844
2014-06-26,159.80287170410156
2014-06-27,160.1136016845703
2014-06-30,160.03184509277344
2014-07-01,161.10293579101562
2014-07-02,161.26646423339844
2014-07-03,162.05958557128906
2014-07-07,161.4954071044922
2014-07-08,160.4569854736328
2014-07-09,161.176513671875
2014-07-10,160.5387725830078
2014-07-11,160.7595672607422
2014-07-14,161.5690460205078
2014-07-15,161.26646423339844
2014-07-16,161.86334228515625
2014-07-17,160.023681640625
2014-07-18,161.65899658203125
2014-07-21,161.3563995361328
2014-07-22,162.05958557128906
2014-07-23,162.41937255859375
2014-07-24,162.42755126953125
2014-07-25,161.66714477539062
2014-07-28,161.7324981689453
2014-07-29,161.03756713867188
2014-07-30,161.0620880126953
2014-07-31,157.88136291503906
2014-08-01,157.3990020751953
2014-08-04,158.53550720214844
2014-08-05,156.99830627441406
2014-08-06,157.04737854003906
2014-08-07,156.197021484375
2014-08-08,158.00401306152344
2014-08-11,158.46188354492188
2014-08-12,158.2411346435547
2014-08-13,159.31228637695312
2014-08-14,160.06451416015625
2014-08-15,160.03184509277344
2014-08-18,161.37283325195312
2014-08-19,162.21493530273438
2014-08-20,162.6483154296875
2014-08-21,163.12258911132812
2014-08-22,162.869140625
2014-08-25,163.6949005126953
2014-08-26,163.80120849609375
2014-08-27,163.73580932617188
2014-08-28,163.64588928222656
2014-08-29,164.11192321777344
2014-09-02,164.0301055908203
2014-09-03,163.9402313232422
2014-09-04,163.7030792236328
2014-09-05,164.4390106201172
2014-09-08,164.01382446289062
2014-09-09,162.9753875732422
2014-09-10,163.5886688232422
2014-09-11,163.77667236328125
2014-09-12,162.82000732421875
2014-09-15,162.6974334716797
2014-09-16,163.92384338378906
2014-09-17,164.14462280273438
2014-09-18,165.01959228515625
2014-09-19,164.87088012695312
2014-09-22,163.59756469726562
2014-09-23,162.6610870361328
2014-09-24,163.93435668945312
2014-09-25,161.28921508789062
2014-09-26,162.57069396972656
2014-09-29,162.27496337890625
2014-09-30,161.8478546142578
2014-10-01,159.6544189453125
2014-10-02,159.67910766601562
2014-10-03,161.43704223632812
2014-10-06,161.2480926513672
2014-10-07,158.75901794433594
2014-10-08,161.53565979003906
2014-10-09,158.3319091796875
2014-10-10,156.5246124267578
2014-10-13,153.9534149169922
2014-10-14,154.19161987304688
2014-10-15,153.1483612060547
2014-10-16,153.0169219970703
2014-10-17,154.82415771484375
2014-10-20,156.32740783691406
2014-10-21,159.4244842529297
2014-10-22,158.29078674316406
2014-10-23,160.13088989257812
2014-10-24,161.36317443847656
2014-10-27,161.14132690429688
2014-10-28,162.98971557617188
2014-10-29,162.74317932128906
2014-10-30,163.78648376464844
2014-10-31,165.6594696044922
2014-11-03,165.7498321533203
2014-11-04,165.17478942871094
2014-11-05,166.21804809570312
2014-11-06,166.88345336914062
2014-11-07,167.03952026367188
2014-11-10,167.56529235839844
2014-11-11,167.72959899902344
2014-11-12,167.5488739013672
2014-11-13,167.73785400390625
2014-11-14,167.77883911132812
2014-11-17,167.8856964111328
2014-11-18,168.8550262451172
2014-11-19,168.5839080810547
2014-11-20,168.879638671875
2014-11-21,169.78330993652344
2014-11-24,170.25975036621094
2014-11-25,170.13656616210938
2014-11-26,170.57192993164062
2014-11-28,170.21051025390625
2014-12-01,169.02752685546875
2014-12-02,170.12010192871094
2014-12-03,170.77731323242188
2014-12-04,170.58834838867188
2014-12-05,170.86764526367188
2014-12-08,169.72573852539062
2014-12-09,169.61083984375
2014-12-10,166.89169311523438
2014-12-11,167.73785400390625
2014-12-12,165.02699279785156
2014-12-15,163.8932647705078
2014-12-16,162.57888793945312
2014-12-17,165.76622009277344
2014-12-18,169.86544799804688
2014-12-19,170.5882110595703
2014-12-22,171.37295532226562
2014-12-23,171.6041717529297
2014-12-24,171.62069702148438
2014-12-26,172.17416381835938
2014-12-29,172.40542602539062
2014-12-30,171.4803009033203
2014-12-31,169.77871704101562
2015-01-02,169.68783569335938
2015-01-05,166.62330627441406
2015-01-06,165.0539093017578
2015-01-07,167.1106414794922
2015-01-08,170.07608032226562
2015-01-09,168.71315002441406
2015-01-12,167.39154052734375
2015-01-13,166.9207000732422
2015-01-14,165.9129638671875
2015-01-15,164.3931427001953
2015-01-16,166.54898071289062
2015-01-20,166.9041748046875
2015-01-21,167.74673461914062
2015-01-22,170.2412567138672
2015-01-23,169.307861328125
2015-01-26,169.70436096191406
2015-01-27,167.4658966064453
2015-01-28,165.3181915283203
2015-01-29,166.84634399414062
2015-01-30,164.74827575683594
2015-02-02,166.7885284423828
2015-02-03,169.20053100585938
2015-02-04,168.55618286132812
2015-02-05,170.25779724121094
2015-02-06,169.78700256347656
2015-02-09,169.0270538330078
2015-02-10,170.8277130126953
2015-02-11,170.92684936523438
2015-02-12,172.57069396972656
2015-02-13,173.28102111816406
2015-02-17,173.5535888671875
2015-02-18,173.57015991210938
2015-02-19,173.44619750976562
2015-02-20,174.48703002929688
2015-02-23,174.46221923828125
2015-02-24,174.95779418945312
2015-02-25,174.80914306640625
2015-02-26,174.6025848388672
2015-02-27,174.00790405273438
2015-03-02,175.10647583007812
2015-03-03,174.3878936767578
2015-03-04,173.65272521972656
2015-03-05,173.8426971435547
2015-03-06,171.39768981933594
2015-03-09,172.1080322265625
2015-03-10,169.31617736816406
2015-03-11,168.91969299316406
2015-03-12,171.06729125976562
2015-03-13,170.01824951171875
2015-03-16,172.289794921875
2015-03-17,171.77767944335938
2015-03-18,173.8426971435547
2015-03-19,173.04971313476562
2015-03-20,174.57723999023438
2015-03-23,174.23704528808594
2015-03-24,173.2580108642578
2015-03-25,170.7191162109375
2015-03-26,170.31253051757812
2015-03-27,170.7025146484375
2015-03-30,172.78506469726562
2015-03-31,171.27496337890625
2015-04-01,170.6693115234375
2015-04-02,171.2832794189453
2015-04-06,172.43663024902344
2015-04-07,171.98020935058594
2015-04-08,172.56103515625
2015-04-09,173.32435607910156
2015-04-10,174.27020263671875
2015-04-13,173.4820098876953
2015-04-14,173.8138427734375
2015-04-15,174.59381103515625
2015-04-16,174.54403686523438
2015-04-17,172.53614807128906
2015-04-20,174.11253356933594
2015-04-21,173.9051513671875
2015-04-22,174.7597198486328
2015-04-23,175.1994171142578
2015-04-24,175.6060028076172
2015-04-27,174.8759002685547
2015-04-28,175.43182373046875
2015-04-29,174.70999145507812
2015-04-30,172.95925903320312
2015-05-01,174.8344268798828
2015-05-04,175.33218383789062
2015-05-05,173.32435607910156
2015-05-06,172.61083984375
2015-05-07,173.29949951171875
2015-05-08,175.5811767578125
2015-05-11,174.74314880371094
2015-05-12,174.22042846679688
2015-05-13,174.2535858154297
2015-05-14,176.07066345214844
2015-05-15,176.2615203857422
2015-05-18,176.80908203125
2015-05-19,176.75100708007812
2015-05-20,176.62655639648438
2015-05-21,177.14096069335938
2015-05-22,176.71786499023438
2015-05-26,174.8177947998047
2015-05-27,176.47715759277344
2015-05-28,176.27806091308594
2015-05-29,175.1829071044922
2015-06-01,175.5396728515625
2015-06-02,175.3654327392578
2015-06-03,175.830078125
2015-06-04,174.34487915039062
2015-06-05,174.0462188720703
2015-06-08,172.97586059570312
2015-06-09,172.9510040283203
2015-06-10,175.0252227783203
2015-06-11,175.5894317626953
2015-06-12,174.2452850341797
2015-06-15,173.49859619140625
2015-06-16,174.44447326660156
2015-06-17,174.72654724121094
2015-06-18,176.5435791015625
2015-06-19,175.7598876953125
2015-06-22,176.66033935546875
2015-06-23,176.78538513183594
2015-06-24,175.5014190673828
2015-06-25,174.9678497314453
2015-06-26,174.93446350097656
2015-06-29,171.2660369873047
2015-06-30,171.62457275390625
2015-07-01,173.00018310546875
2015-07-02,172.841796875
2015-07-06,172.3498992919922
2015-07-07,173.43374633789062
2015-07-08,170.52403259277344
2015-07-09,170.83248901367188
2015-07-10,172.98353576660156
2015-07-13,174.892822265625
2015-07-14,175.65151977539062
2015-07-15,175.59312438964844
2015-07-16,177.0021514892578
2015-07-17,177.15225219726562
2015-07-20,177.2439422607422
2015-07-21,176.54356384277344
2015-07-22,176.2267303466797
2015-07-23,175.23463439941406
2015-07-24,173.41708374023438
2015-07-27,172.40821838378906
2015-07-28,174.52598571777344
2015-07-29,175.7265625
2015-07-30,175.7682342529297
2015-07-31,175.5014190673828
2015-08-03,174.90948486328125
2015-08-04,174.5676727294922
2015-08-05,175.1428985595703
2015-08-06,173.70887756347656
2015-08-07,173.3754119873047
2015-08-10,175.55978393554688
2015-08-11,173.9756622314453
2015-08-12,174.18411254882812
2015-08-13,173.9673614501953
2015-08-14,174.60098266601562
2015-08-17,175.57647705078125
2015-08-18,175.06788635253906
2015-08-19,173.68386840820312
2015-08-20,170.05711364746094
2015-08-21,164.93797302246094
2015-08-24,157.99295043945312
2015-08-25,156.1337127685547
2015-08-26,162.12831115722656
2015-08-27,166.1385498046875
2015-08-28,166.14691162109375
2015-08-31,164.80462646484375
2015-09-01,159.8855743408203
2015-09-02,162.92031860351562
2015-09-03,163.0370635986328
2015-09-04,160.56919860839844
2015-09-08,164.60447692871094
2015-09-09,162.4033966064453
2015-09-10,163.2871856689453
2015-09-11,164.0292205810547
2015-09-14,163.4205780029297
2015-09-15,165.46324157714844
2015-09-16,166.89727783203125
2015-09-17,166.5220489501953
2015-09-18,163.80079650878906
2015-09-21,164.6473388671875
2015-09-22,162.51026916503906
2015-09-23,162.25045776367188
2015-09-24,161.66383361816406
2015-09-25,161.62185668945312
2015-09-28,157.56565856933594
2015-09-29,157.65774536132812
2015-09-30,160.59947204589844
2015-10-01,161.01849365234375
2015-10-02,163.4237518310547
2015-10-05,166.33181762695312
2015-10-06,165.76193237304688
2015-10-07,167.11965942382812
2015-10-08,168.6282196044922
2015-10-09,168.72872924804688
2015-10-12,168.887939453125
2015-10-13,167.8236083984375
2015-10-14,167.01904296875
2015-10-15,169.58352661132812
2015-10-16,170.35458374023438
2015-10-19,170.43836975097656
2015-10-20,170.22048950195312
2015-10-21,169.16456604003906
2015-10-22,172.02232360839844
2015-10-23,173.9080047607422
2015-10-26,173.48056030273438
2015-10-27,173.14535522460938
2015-10-28,175.1147918701172
2015-10-29,175.01429748535156
2015-10-30,174.2599639892578
2015-11-02,176.32162475585938
2015-11-03,176.83287048339844
2015-11-04,176.29652404785156
2015-11-05,176.12049865722656
2015-11-06,176.02828979492188
2015-11-09,174.3856964111328
2015-11-10,174.78793334960938
2015-11-11,174.10076904296875
2015-11-12,171.67030334472656
2015-11-13,169.74276733398438
2015-11-16,172.32408142089844
2015-11-17,172.19833374023438
2015-11-18,174.930419921875
2015-11-19,174.77955627441406
2015-11-20,175.41650390625
2015-11-23,175.21539306640625
2015-11-24,175.4500732421875
2015-11-25,175.4249267578125
2015-11-27,175.62608337402344
2015-11-30,174.8968963623047
2015-12-01,176.56471252441406
2015-12-02,174.76283264160156
2015-12-03,172.31568908691406
2015-12-04,175.67630004882812
2015-12-07,174.61203002929688
2015-12-08,173.4386749267578
2015-12-09,172.08934020996094
2015-12-10,172.53358459472656
2015-12-11,169.1896514892578
2015-12-14,170.04446411132812
2015-12-15,171.82958984375
2015-12-16,174.34381103515625
2015-12-17,171.68714904785156
2015-12-18,168.6284942626953
2015-12-21,170.01950073242188
2015-12-22,171.56231689453125
2015-12-23,173.68685913085938
2015-12-24,173.40016174316406
2015-12-28,173.00399780273438
2015-12-29,174.85028076171875
2015-12-30,173.61099243164062
2015-12-31,171.87425231933594
2016-01-04,169.47154235839844
2016-01-05,169.75827026367188
2016-01-06,167.61685180664062
2016-01-07,163.5954132080078
2016-01-08,161.79971313476562
2016-01-11,161.95989990234375
2016-01-12,163.26666259765625
2016-01-13,159.1946563720703
2016-01-14,161.80813598632812
2016-01-15,158.33477783203125
2016-01-19,158.54551696777344
2016-01-20,156.5137176513672
2016-01-21,157.39056396484375
2016-01-22,160.6194305419922
2016-01-25,158.19140625
2016-01-26,160.3496856689453
2016-01-27,158.6045379638672
2016-01-28,159.4307098388672
2016-01-29,163.31723022460938
2016-02-01,163.2582244873047
2016-02-02,160.31597900390625
2016-02-03,161.2770233154297
2016-02-04,161.53001403808594
2016-02-05,158.45277404785156
2016-02-08,156.31985473632812
2016-02-09,156.3282928466797
2016-02-10,156.193359375
2016-02-11,154.16163635253906
2016-02-12,157.33990478515625
2016-02-16,159.99557495117188
2016-02-17,162.6090545654297
2016-02-18,161.9430389404297
2016-02-19,161.86717224121094
2016-02-22,164.2108917236328
2016-02-23,162.136962890625
2016-02-24,162.8787841796875
2016-02-25,164.8515625
2016-02-26,164.47222900390625
2016-02-29,163.1823272705078
2016-03-01,167.01824951171875
2016-03-02,167.7685546875
2016-03-03,168.42620849609375
2016-03-04,168.97418212890625
2016-03-07,169.10902404785156
2016-03-08,167.26280212402344
2016-03-09,168.08892822265625
2016-03-10,168.22381591796875
2016-03-11,170.9384765625
2016-03-14,170.7192840576172
2016-03-15,170.44100952148438
2016-03-16,171.4274444580078
2016-03-17,172.51504516601562
2016-03-18,173.19288635253906
2016-03-21,173.4386749267578
2016-03-22,173.34542846679688
2016-03-23,172.20143127441406
2016-03-24,172.12521362304688
2016-03-28,172.2268524169922
2016-03-29,173.8199920654297
2016-03-30,174.58267211914062
2016-03-31,174.158935546875
2016-04-01,175.34532165527344
2016-04-04,174.77757263183594
2016-04-05,173.0319366455078
2016-04-06,174.9215850830078
2016-04-07,172.82850646972656
2016-04-08,173.29461669921875
2016-04-11,172.88784790039062
2016-04-12,174.4979248046875
2016-04-13,176.26052856445312
2016-04-14,176.26898193359375
2016-04-15,176.0740966796875
2016-04-18,177.31126403808594
2016-04-19,177.87059020996094
2016-04-20,178.04006958007812
2016-04-21,177.08248901367188
2016-04-22,177.08248901367188
2016-04-25,176.77743530273438
2016-04-26,177.04013061523438
2016-04-27,177.40455627441406
2016-04-28,175.79446411132812
2016-04-29,174.84536743164062
2016-05-02,176.23513793945312
2016-05-03,174.70130920410156
2016-05-04,173.7267608642578
2016-05-05,173.69290161132812
2016-05-06,174.32843017578125
2016-05-09,174.47250366210938
2016-05-10,176.64187622070312
2016-05-11,174.9894256591797
2016-05-12,175.040283203125
2016-05-13,173.51495361328125
2016-05-16,175.22671508789062
2016-05-17,173.5911865234375
2016-05-18,173.64198303222656
2016-05-19,173.0404052734375
2016-05-20,174.13356018066406
2016-05-23,173.8962860107422
2016-05-24,176.15036010742188
2016-05-25,177.34519958496094
2016-05-26,177.39605712890625
2016-05-27,178.15869140625
2016-05-31,177.81973266601562
2016-06-01,178.18411254882812
2016-06-02,178.7265167236328
2016-06-03,178.1925811767578
2016-06-06,179.09930419921875
2016-06-07,179.3789825439453
2016-06-08,179.96376037597656
2016-06-09,179.71795654296875
2016-06-10,178.0146942138672
2016-06-13,176.64187622070312
2016-06-14,176.29441833496094
2016-06-15,176.0486602783203
2016-06-16,176.57403564453125
2016-06-17,175.91644287109375
2016-06-20,177.04942321777344
2016-06-21,177.55203247070312
2016-06-22,177.26235961914062
2016-06-23,179.5707550048828
2016-06-24,173.12245178222656
2016-06-27,170.0219268798828
2016-06-28,173.0884246826172
2016-06-29,176.03573608398438
2016-06-30,178.43783569335938
2016-07-01,178.81259155273438
2016-07-05,177.52638244628906
2016-07-06,178.59112548828125
2016-07-07,178.48045349121094
2016-07-08,181.13804626464844
2016-07-11,181.77696228027344
2016-07-12,183.09725952148438
2016-07-13,183.0716552734375
2016-07-14,184.0938262939453
2016-07-15,183.84683227539062
2016-07-18,184.34092712402344
2016-07-19,184.15353393554688
2016-07-20,184.9201202392578
2016-07-21,184.22169494628906
2016-07-22,185.04788208007812
2016-07-25,184.54534912109375
2016-07-26,184.63052368164062
2016-07-27,184.4346466064453
2016-07-28,184.6475372314453
2016-07-29,184.9456329345703
2016-08-01,184.7923583984375
2016-08-02,183.6083526611328
2016-08-03,184.14500427246094
2016-08-04,184.34092712402344
2016-08-05,185.84857177734375
2016-08-08,185.7378692626953
2016-08-09,185.84857177734375
2016-08-10,185.38861083984375
2016-08-11,186.2489471435547
2016-08-12,186.08714294433594
2016-08-15,186.623779296875
2016-08-16,185.66123962402344
2016-08-17,186.01046752929688
2016-08-18,186.4278564453125
2016-08-19,186.15525817871094
2016-08-22,186.146728515625
2016-08-23,186.5215606689453
2016-08-24,185.5675048828125
2016-08-25,185.4397735595703
2016-08-26,185.09048461914062
2016-08-29,186.00192260742188
2016-08-30,185.69532775878906
2016-08-31,185.16712951660156
2016-09-01,185.17562866210938
2016-09-02,186.01046752929688
2016-09-06,186.57260131835938
2016-09-07,186.5556182861328
2016-09-08,186.12973022460938
2016-09-09,181.67477416992188
2016-09-12,184.2812957763672
2016-09-13,181.63214111328125
2016-09-14,181.56394958496094
2016-09-15,183.3783416748047
2016-09-16,182.6695098876953
2016-09-19,182.70372009277344
2016-09-20,182.71226501464844
2016-09-21,184.76699829101562
2016-09-22,185.93128967285156
2016-09-23,184.91253662109375
2016-09-26,183.41429138183594
2016-09-27,184.55294799804688
2016-09-28,185.46897888183594
2016-09-29,183.79098510742188
2016-09-30,185.1779327392578
2016-10-03,184.73269653320312
2016-10-04,183.79098510742188
2016-10-05,184.60430908203125
2016-10-06,184.73269653320312
2016-10-07,184.09921264648438
2016-10-10,185.0580596923828
2016-10-11,182.72085571289062
2016-10-12,182.9605712890625
2016-10-13,182.36131286621094
2016-10-14,182.4554443359375
2016-10-17,181.8219451904297
2016-10-18,182.9605712890625
2016-10-19,183.44851684570312
2016-10-20,183.10610961914062
2016-10-21,183.1917724609375
2016-10-24,183.97079467773438
2016-10-25,183.35435485839844
2016-10-26,182.98626708984375
2016-10-27,182.4982452392578
2016-10-28,181.95887756347656
2016-10-31,181.9674530029297
2016-11-01,180.6490478515625
2016-11-02,179.56179809570312
2016-11-03,178.7398681640625
2016-11-04,178.54299926757812
2016-11-07,182.48109436035156
2016-11-08,183.30299377441406
2016-11-09,185.24639892578125
2016-11-10,185.70870971679688
2016-11-11,185.28060913085938
2016-11-14,185.4261474609375
2016-11-15,186.87298583984375
2016-11-16,186.52200317382812
2016-11-17,187.48085021972656
2016-11-18,187.06138610839844
2016-11-21,188.4739227294922
2016-11-22,188.8420867919922
2016-11-23,188.94479370117188
2016-11-25,189.6468505859375
2016-11-28,188.7564697265625
2016-11-29,189.1246337890625
2016-11-30,188.6708526611328
2016-12-01,187.97735595703125
2016-12-02,188.07154846191406
2016-12-05,189.20164489746094
2016-12-06,189.80091857910156
2016-12-07,192.28370666503906
2016-12-08,192.75453186035156
2016-12-09,193.9188232421875
2016-12-12,193.69625854492188
2016-12-13,194.98899841308594
2016-12-14,193.3794708251953
2016-12-15,194.1757049560547
2016-12-16,193.7959442138672
2016-12-19,194.21786499023438
2016-12-20,194.96707153320312
2016-12-21,194.4246063232422
2016-12-22,194.08872985839844
2016-12-23,194.3729248046875
2016-12-27,194.8551483154297
2016-12-28,193.24476623535156
2016-12-29,193.2017059326172
2016-12-30,192.49551391601562
2017-01-03,193.9681396484375
2017-01-04,195.12213134765625
2017-01-05,194.96707153320312
2017-01-06,195.6646270751953
2017-01-09,195.01876831054688
2017-01-10,195.01876831054688
2017-01-11,195.5699005126953
2017-01-12,195.07908630371094
2017-01-13,195.52682495117188
2017-01-17,194.8379364013672
2017-01-18,195.2685089111328
2017-01-19,194.54515075683594
2017-01-20,195.25990295410156
2017-01-23,194.7517852783203
2017-01-24,196.00045776367188
2017-01-25,197.69700622558594
2017-01-26,197.49026489257812
2017-01-27,197.18026733398438
2017-01-30,195.95741271972656
2017-01-31,195.94020080566406
2017-02-01,196.01766967773438
2017-02-02,196.14688110351562
2017-02-03,197.4989013671875
2017-02-06,197.1458282470703
2017-02-07,197.15443420410156
2017-02-08,197.4127655029297
2017-02-09,198.5839385986328
2017-02-10,199.36761474609375
2017-02-13,200.45266723632812
2017-02-14,201.2535858154297
2017-02-15,202.30416870117188
2017-02-16,202.1319580078125
2017-02-17,202.4506072998047
2017-02-21,203.65621948242188
2017-02-22,203.47532653808594
2017-02-23,203.61312866210938
2017-02-24,203.8715362548828
2017-02-27,204.1901092529297
2017-02-28,203.63897705078125
2017-03-01,206.48948669433594
2017-03-02,205.1890869140625
2017-03-03,205.31825256347656
2017-03-06,204.70684814453125
2017-03-07,204.09547424316406
2017-03-08,203.71649169921875
2017-03-09,203.974853515625
2017-03-10,204.68959045410156
2017-03-13,204.79298400878906
2017-03-14,204.00927734375
2017-03-15,205.7747039794922
2017-03-16,205.36990356445312
2017-03-17,205.00924682617188
2017-03-20,204.78439331054688
2017-03-21,202.15505981445312
2017-03-22,202.63079833984375
2017-03-23,202.41456604003906
2017-03-24,202.26756286621094
2017-03-27,202.0599365234375
2017-03-28,203.53028869628906
2017-03-29,203.72055053710938
2017-03-30,204.36923217773438
2017-03-31,203.89352416992188
2017-04-03,203.53895568847656
2017-04-04,203.6686553955078
2017-04-05,203.06321716308594
2017-04-06,203.63406372070312
2017-04-07,203.42648315429688
2017-04-10,203.54754638671875
2017-04-11,203.305419921875
2017-04-12,202.41456604003906
2017-04-13,201.09986877441406
2017-04-17,202.88157653808594
2017-04-18,202.27618408203125
2017-04-19,201.9042510986328
2017-04-20,203.54754638671875
2017-04-21,202.89886474609375
2017-04-24,205.13040161132812
2017-04-25,206.3239288330078
2017-04-26,206.19418334960938
2017-04-27,206.3671875
2017-04-28,205.91744995117188
2017-05-01,206.4363555908203
2017-05-02,206.51422119140625
2017-05-03,206.26341247558594
2017-05-04,206.50552368164062
2017-05-05,207.31857299804688
2017-05-08,207.28399658203125
2017-05-09,207.09373474121094
2017-05-10,207.465576171875
2017-05-11,207.04180908203125
2017-05-12,206.69577026367188
2017-05-15,207.8375244140625
2017-05-16,207.64724731445312
2017-05-17,203.96273803710938
2017-05-18,204.78439331054688
2017-05-19,206.11634826660156
2017-05-22,207.16287231445312
2017-05-23,207.62130737304688
2017-05-24,208.1056365966797
2017-05-25,209.10028076171875
2017-05-26,209.05703735351562
2017-05-30,208.87539672851562
2017-05-31,208.82351684570312
2017-06-01,210.484130859375
2017-06-02,211.1846923828125
2017-06-05,211.02899169921875
2017-06-06,210.3544158935547
2017-06-07,210.7436065673828
2017-06-08,210.8473663330078
2017-06-09,210.52740478515625
2017-06-12,210.484130859375
2017-06-13,211.51336669921875
2017-06-14,211.2452850341797
2017-06-15,210.8387451171875
2017-06-16,210.8848114013672
2017-06-19,212.6404571533203
2017-06-20,211.20639038085938
2017-06-21,211.1542510986328
2017-06-22,211.05862426757812
2017-06-23,211.31068420410156
2017-06-26,211.44973754882812
2017-06-27,209.74624633789062
2017-06-28,211.62356567382812
2017-06-29,209.76361083984375
2017-06-30,210.15475463867188
2017-07-03,210.51107788085938
2017-07-05,210.997802734375
2017-07-06,209.068359375
2017-07-07,210.42417907714844
2017-07-10,210.650146484375
2017-07-11,210.49366760253906
2017-07-12,212.07546997070312
2017-07-13,212.43182373046875
2017-07-14,213.42271423339844
2017-07-17,213.3965606689453
2017-07-18,213.50955200195312
2017-07-19,214.6654815673828
2017-07-20,214.76113891601562
2017-07-21,214.56993103027344
2017-07-24,214.51773071289062
2017-07-25,215.0392303466797
2017-07-26,215.04794311523438
2017-07-27,214.8480682373047
2017-07-28,214.59600830078125
2017-07-31,214.4743194580078
2017-08-01,214.95233154296875
2017-08-02,215.05662536621094
2017-08-03,214.6394805908203
2017-08-04,215.03054809570312
2017-08-07,215.4302978515625
2017-08-08,214.90013122558594
2017-08-09,214.89144897460938
2017-08-10,211.8582000732422
2017-08-11,212.1710968017578
2017-08-14,214.27439880371094
2017-08-15,214.24830627441406
2017-08-16,214.6220703125
2017-08-17,211.27589416503906
2017-08-18,210.94564819335938
2017-08-21,211.11080932617188
2017-08-22,213.31832885742188
2017-08-23,212.55357360839844
2017-08-24,212.05813598632812
2017-08-25,212.55357360839844
2017-08-28,212.56222534179688
2017-08-29,212.8055877685547
2017-08-30,213.81375122070312
2017-08-31,215.1000518798828
2017-09-01,215.40428161621094
2017-09-05,213.85723876953125
2017-09-06,214.5872802734375
2017-09-07,214.5612030029297
2017-09-08,214.30917358398438
2017-09-11,216.59500122070312
2017-09-12,217.3250274658203
2017-09-13,217.42935180664062
2017-09-14,217.3598175048828
2017-09-15,217.65240478515625
2017-09-18,218.11534118652344
2017-09-19,218.33372497558594
2017-09-20,218.4122772216797
2017-09-21,217.82713317871094
2017-09-22,217.8708038330078
2017-09-25,217.42535400390625
2017-09-26,217.5563507080078
2017-09-27,218.403564453125
2017-09-28,218.66563415527344
2017-09-29,219.4342041015625
2017-10-02,220.38633728027344
2017-10-03,220.85792541503906
2017-10-04,221.1199951171875
2017-10-05,222.4301300048828
2017-10-06,222.17681884765625
2017-10-09,221.81002807617188
2017-10-10,222.39520263671875
2017-10-11,222.7445526123047
2017-10-12,222.41265869140625
2017-10-13,222.68341064453125
2017-10-16,222.98037719726562
2017-10-17,223.1376190185547
2017-10-18,223.35595703125
2017-10-19,223.41714477539062
2017-10-20,224.57003784179688
2017-10-23,223.69659423828125
2017-10-24,224.08966064453125
2017-10-25,222.98037719726562
2017-10-26,223.26858520507812
2017-10-27,225.0940399169922
2017-10-30,224.25564575195312
2017-10-31,224.60499572753906
2017-11-01,224.90196228027344
2017-11-02,224.9893035888672
2017-11-03,225.74044799804688
2017-11-06,226.08987426757812
2017-11-07,225.93264770507812
2017-11-08,226.31689453125
2017-11-09,225.4958953857422
2017-11-10,225.4259796142578
2017-11-13,225.63565063476562
2017-11-14,225.111572265625
2017-11-15,223.98483276367188
2017-11-16,225.88890075683594
2017-11-17,225.22509765625
2017-11-20,225.6094512939453
2017-11-21,227.08554077148438
2017-11-22,226.88467407226562
2017-11-24,227.4087371826172
2017-11-27,227.29518127441406
2017-11-28,229.60110473632812
2017-11-29,229.46133422851562
2017-11-30,231.47021484375
2017-12-01,230.98983764648438
2017-12-04,230.7103729248047
2017-12-05,229.8804931640625
2017-12-06,229.92420959472656
2017-12-07,230.649169921875
2017-12-08,231.9069366455078
2017-12-11,232.605712890625
2017-12-12,233.01622009277344
2017-12-13,232.99000549316406
2017-12-14,232.03793334960938
2017-12-15,233.97021484375
2017-12-18,235.45391845703125
2017-12-19,234.5496368408203
2017-12-20,234.42674255371094
2017-12-21,234.90960693359375
2017-12-22,234.84815979003906
2017-12-26,234.5672607421875
2017-12-27,234.68136596679688
2017-12-28,235.1642303466797
2017-12-29,234.27749633789062
2018-01-02,235.95428466796875
2018-01-03,237.44671630859375
2018-01-04,238.44747924804688
2018-01-05,240.03656005859375
2018-01-08,240.47552490234375
2018-01-09,241.0198211669922
2018-01-10,240.651123046875
2018-01-11,242.40682983398438
2018-01-12,243.98715209960938
2018-01-16,243.15310668945312
2018-01-17,245.47080993652344
2018-01-18,245.05809020996094
2018-01-19,246.17306518554688
2018-01-22,248.1747283935547
2018-01-23,248.70147705078125
2018-01-24,248.6048583984375
2018-01-25,248.71029663085938
2018-01-26,251.58978271484375
2018-01-29,249.9217987060547
2018-01-30,247.35833740234375
2018-01-31,247.481201171875
2018-02-01,247.20016479492188
2018-02-02,241.81869506835938
2018-02-05,231.70526123046875
2018-02-06,236.27037048339844
2018-02-07,234.98861694335938
2018-02-08,226.17446899414062
2018-02-09,229.57192993164062
2018-02-12,232.94308471679688
2018-02-13,233.52244567871094
2018-02-14,236.6741943359375
2018-02-15,239.69419860839844
2018-02-16,239.76438903808594
2018-02-20,238.26324462890625
2018-02-21,237.0780792236328
2018-02-22,237.38526916503906
2018-02-23,241.16905212402344
2018-02-26,243.9695281982422
2018-02-27,240.9232635498047
2018-02-28,238.4825897216797
2018-03-01,235.0149688720703
2018-03-02,236.22642517089844
2018-03-05,238.95677185058594
2018-03-06,239.5625
2018-03-07,239.4746856689453
2018-03-08,240.633544921875
2018-03-09,244.8210906982422
2018-03-12,244.51382446289062
2018-03-13,242.9336395263672
2018-03-14,241.68704223632812
2018-03-15,241.42373657226562
2018-03-16,241.6854248046875
2018-03-19,238.41537475585938
2018-03-20,238.8208465576172
2018-03-21,238.36245727539062
2018-03-22,232.40406799316406
2018-03-23,227.45045471191406
2018-03-26,233.6732940673828
2018-03-27,229.69815063476562
2018-03-28,229.0194091796875
2018-03-29,231.94573974609375
2018-04-02,226.93927001953125
2018-04-03,229.84793090820312
2018-04-04,232.30712890625
2018-04-05,234.1404571533203
2018-04-06,228.92247009277344
2018-04-09,230.0506591796875
2018-04-10,233.7085418701172
2018-04-11,232.48345947265625
2018-04-12,234.3960418701172
2018-04-13,233.7085418701172
2018-04-16,235.63003540039062
2018-04-17,238.15090942382812
2018-04-18,238.32725524902344
2018-04-19,237.0050506591797
2018-04-20,234.99539184570312
2018-04-23,234.960205078125
2018-04-24,231.79588317871094
2018-04-25,232.36878967285156
2018-04-26,234.73101806640625
2018-04-27,234.95138549804688
2018-04-30,233.1444091796875
2018-05-01,233.55877685546875
2018-05-02,231.98980712890625
2018-05-03,231.47862243652344
2018-05-04,234.47537231445312
2018-05-07,235.26869201660156
2018-05-08,235.26869201660156
2018-05-09,237.54270935058594
2018-05-10,239.7638702392578
2018-05-11,240.49546813964844
2018-05-14,240.61007690429688
2018-05-15,238.9530487060547
2018-05-16,239.95791625976562
2018-05-17,239.75511169433594
2018-05-18,239.15577697753906
2018-05-21,240.95382690429688
2018-05-22,240.28396606445312
2018-05-23,240.94493103027344
2018-05-24,240.4514617919922
2018-05-25,239.87850952148438
2018-05-29,237.11972045898438
2018-05-30,240.28396606445312
2018-05-31,238.81204223632812
2018-06-01,241.15663146972656
2018-06-04,242.30245971679688
2018-06-05,242.4787139892578
2018-06-06,244.50596618652344
2018-06-07,244.47958374023438
2018-06-08,245.20230102539062
2018-06-11,245.52835083007812
2018-06-12,245.84567260742188
2018-06-13,245.0612335205078
2018-06-14,245.67822265625
2018-06-15,245.3648223876953
2018-06-18,244.86019897460938
2018-06-19,243.92169189453125
2018-06-20,244.33782958984375
2018-06-21,242.8060760498047
2018-06-22,243.24884033203125
2018-06-25,239.93746948242188
2018-06-26,240.46873474121094
2018-06-27,238.4765625
2018-06-28,239.84014892578125
2018-06-29,240.18531799316406
2018-07-02,240.6988983154297
2018-07-03,239.84889221191406
2018-07-05,241.80563354492188
2018-07-06,243.85081481933594
2018-07-09,246.04656982421875
2018-07-10,246.9319610595703
2018-07-11,245.12571716308594
2018-07-12,247.3480987548828
2018-07-13,247.5428924560547
2018-07-16,247.3214874267578
2018-07-17,248.32205200195312
2018-07-18,248.84442138671875
2018-07-19,247.90586853027344
2018-07-20,247.62246704101562
2018-07-23,248.08297729492188
2018-07-24,249.331298828125
2018-07-25,251.4562225341797
2018-07-26,250.86300659179688
2018-07-27,249.1631317138672
2018-07-30,247.86163330078125
2018-07-31,249.0833740234375
2018-08-01,248.66722106933594
2018-08-02,250.02194213867188
2018-08-03,251.09327697753906
2018-08-06,252.01394653320312
2018-08-07,252.84629821777344
2018-08-08,252.74000549316406
2018-08-09,252.39476013183594
2018-08-10,250.70367431640625
2018-08-13,249.76522827148438
2018-08-14,251.35882568359375
2018-08-15,249.4819793701172
2018-08-16,251.5004425048828
2018-08-17,252.38583374023438
2018-08-20,252.92593383789062
2018-08-21,253.51913452148438
2018-08-22,253.36866760253906
2018-08-23,253.03225708007812
2018-08-24,254.55499267578125
2018-08-27,256.5648498535156
2018-08-28,256.6888122558594
2018-08-29,258.0699768066406
2018-08-30,257.0251770019531
2018-08-31,257.03411865234375
2018-09-04,256.5914611816406
2018-09-05,255.90074157714844
2018-09-06,255.1305389404297
2018-09-07,254.634765625
2018-09-10,255.0773468017578
2018-09-11,255.9185028076172
2018-09-12,255.98049926757812
2018-09-13,257.49444580078125
2018-09-14,257.538818359375
2018-09-17,256.17529296875
2018-09-18,257.5653381347656
2018-09-19,257.83978271484375
2018-09-20,259.9293212890625
2018-09-21,259.6918029785156
2018-09-24,258.82904052734375
2018-09-25,258.58905029296875
2018-09-26,257.815185546875
2018-09-27,258.5356140136719
2018-09-28,258.5622253417969
2018-10-01,259.4606018066406
2018-10-02,259.3094482421875
2018-10-03,259.45172119140625
2018-10-04,257.4238586425781
2018-10-05,255.98309326171875
2018-10-08,255.98309326171875
2018-10-09,255.6094970703125
2018-10-10,247.51612854003906
2018-10-11,242.064208984375
2018-10-12,245.4261016845703
2018-10-15,244.0475616455078
2018-10-16,249.38380432128906
2018-10-17,249.42828369140625
2018-10-18,245.8262939453125
2018-10-19,245.6929931640625
2018-10-22,244.58998107910156
2018-10-23,243.34490966796875
2018-10-24,235.971923828125
2018-10-25,240.20535278320312
2018-10-26,235.98077392578125
2018-10-29,234.6734161376953
2018-10-30,238.15086364746094
2018-10-31,240.69456481933594
2018-11-01,243.2560272216797
2018-11-02,241.81515502929688
2018-11-05,243.14923095703125
2018-11-06,244.68789672851562
2018-11-07,249.92637634277344
2018-11-08,249.47274780273438
2018-11-09,247.03582763671875
2018-11-12,242.42001342773438
2018-11-13,241.96629333496094
2018-11-14,240.3121337890625
2018-11-15,242.8201446533203
2018-11-16,243.45167541503906
2018-11-19,239.3338165283203
2018-11-20,234.90469360351562
2018-11-21,235.705078125
2018-11-23,234.130859375
2018-11-26,237.9108123779297
2018-11-27,238.7112579345703
2018-11-28,244.20762634277344
2018-11-29,243.67393493652344
2018-11-30,245.15921020507812
2018-12-03,248.405517578125
2018-12-04,240.35662841796875
2018-12-06,239.99195861816406
2018-12-07,234.41549682617188
2018-12-10,234.8601837158203
2018-12-11,234.91348266601562
2018-12-12,236.09640502929688
2018-12-13,236.01638793945312
2018-12-14,231.6583709716797
2018-12-17,227.11363220214844
2018-12-18,226.8645782470703
2018-12-19,223.4671630859375
2018-12-20,219.82955932617188
2018-12-21,215.32537841796875
2018-12-24,209.6358184814453
2018-12-26,220.2276611328125
2018-12-27,221.9183807373047
2018-12-28,221.632080078125
2018-12-31,223.57337951660156
2019-01-02,223.80596923828125
2019-01-03,218.46531677246094
2019-01-04,225.78297424316406
2019-01-07,227.5631866455078
2019-01-08,229.7012176513672
2019-01-09,230.7747344970703
2019-01-10,231.5888214111328
2019-01-11,231.67831420898438
2019-01-14,230.26483154296875
2019-01-15,232.90386962890625
2019-01-16,233.46737670898438
2019-01-17,235.23870849609375
2019-01-18,238.3696746826172
2019-01-22,235.14915466308594
2019-01-23,235.64126586914062
2019-01-24,235.76649475097656
2019-01-25,237.76145935058594
2019-01-28,235.95440673828125
2019-01-29,235.64126586914062
2019-01-30,239.37159729003906
2019-01-31,241.47390747070312
2019-02-01,241.5902099609375
2019-02-04,243.28994750976562
2019-02-05,244.30972290039062
2019-02-06,243.98770141601562
2019-02-07,241.661865234375
2019-02-08,241.9569549560547
2019-02-11,242.09117126464844
2019-02-12,245.20433044433594
2019-02-13,246.00051879882812
2019-02-14,245.45480346679688
2019-02-15,248.12962341308594
2019-02-19,248.55899047851562
2019-02-20,249.05999755859375
2019-02-21,248.17431640625
2019-02-22,249.71302795410156
2019-02-25,250.05291748046875
2019-02-26,249.87400817871094
2019-02-27,249.76666259765625
2019-02-28,249.30148315429688
2019-03-01,250.8579864501953
2019-03-04,249.94566345214844
2019-03-05,249.6056671142578
2019-03-06,248.0938262939453
2019-03-07,246.01828002929688
2019-03-08,245.52638244628906
2019-03-11,249.0868377685547
2019-03-12,250.02609252929688
2019-03-13,251.68112182617188
2019-03-14,251.5200958251953
2019-03-15,252.7627716064453
2019-03-18,253.6791534423828
2019-03-19,253.74203491210938
2019-03-20,252.97828674316406
2019-03-21,255.8356170654297
2019-03-22,250.91175842285156
2019-03-25,250.72305297851562
2019-03-26,252.592041015625
2019-03-27,251.2711181640625
2019-03-28,252.22354125976562
2019-03-29,253.81393432617188
2019-04-01,256.82403564453125
2019-04-02,256.9498596191406
2019-04-03,257.3540954589844
2019-04-04,258.0370178222656
2019-04-05,259.2858581542969
2019-04-08,259.4836120605469
2019-04-09,258.1538391113281
2019-04-10,259.0343933105469
2019-04-11,258.96246337890625
2019-04-12,260.71466064453125
2019-04-15,260.54376220703125
2019-04-16,260.71466064453125
2019-04-17,260.07672119140625
2019-04-18,260.5887451171875
2019-04-22,260.81341552734375
2019-04-23,263.15863037109375
2019-04-24,262.5744934082031
2019-04-25,262.4127197265625
2019-04-26,263.634765625
2019-04-29,264.04815673828125
2019-04-30,264.1828918457031
2019-05-01,262.1971435546875
2019-05-02,261.6309509277344
2019-05-03,264.1919250488281
2019-05-06,263.1047058105469
2019-05-07,258.7108154296875
2019-05-08,258.35150146484375
2019-05-09,257.56982421875
2019-05-10,258.8636474609375
2019-05-13,252.3583526611328
2019-05-14,254.64064025878906
2019-05-15,256.132080078125
2019-05-16,258.5043029785156
2019-05-17,256.8330383300781
2019-05-20,255.13482666015625
2019-05-21,257.43499755859375
2019-05-22,256.644287109375
2019-05-23,253.5084228515625
2019-05-24,254.0835723876953
2019-05-28,251.72039794921875
2019-05-29,250.03115844726562
2019-05-30,250.7140350341797
2019-05-31,247.33560180664062
2019-06-03,246.70669555664062
2019-06-04,252.0618438720703
2019-06-05,254.24525451660156
2019-06-06,255.89849853515625
2019-06-07,258.4593200683594
2019-06-10,259.6453552246094
2019-06-11,259.5824279785156
2019-06-12,259.1241455078125
2019-06-13,260.1934814453125
2019-06-14,259.9058837890625
2019-06-17,260.0047607421875
2019-06-18,262.727294921875
2019-06-19,263.32037353515625
2019-06-20,265.836181640625
2019-06-21,265.44976806640625
2019-06-24,265.1247253417969
2019-06-25,262.5244140625
2019-06-26,262.2625427246094
2019-06-27,263.1925354003906
2019-06-28,264.5468444824219
2019-07-01,266.9485168457031
2019-07-02,267.6437072753906
2019-07-03,269.7835388183594
2019-07-05,269.4765625
2019-07-08,267.99591064453125
2019-07-09,268.3299255371094
2019-07-10,269.6120910644531
2019-07-11,270.2440185546875
2019-07-12,271.453857421875
2019-07-15,271.54425048828125
2019-07-16,270.6684265136719
2019-07-17,268.8265686035156
2019-07-18,269.8105773925781
2019-07-19,268.3118591308594
2019-07-22,268.9709777832031
2019-07-23,270.8941650390625
2019-07-24,272.16717529296875
2019-07-25,270.8670654296875
2019-07-26,272.681884765625
2019-07-29,272.18524169921875
2019-07-30,271.5171203613281
2019-07-31,268.546630859375
2019-08-01,266.20819091796875
2019-08-02,264.20379638671875
2019-08-05,256.25836181640625
2019-08-06,259.85174560546875
2019-08-07,260.0052795410156
2019-08-08,265.1065979003906
2019-08-09,263.3008728027344
2019-08-12,260.0955505371094
2019-08-13,264.1404724121094
2019-08-14,256.3304138183594
2019-08-15,257.0077819824219
2019-08-16,260.79986572265625
2019-08-19,263.94189453125
2019-08-20,261.91937255859375
2019-08-21,264.0503234863281
2019-08-22,263.9689636230469
2019-08-23,257.18829345703125
2019-08-26,260.03228759765625
2019-08-27,259.0120849609375
2019-08-28,260.8359375
2019-08-29,264.16754150390625
2019-08-30,264.0503234863281
2019-09-03,262.50628662109375
2019-09-04,265.4858703613281
2019-09-05,268.89874267578125
2019-09-06,269.1064147949219
2019-09-09,269.24188232421875
2019-09-10,269.1786804199219
2019-09-11,271.09283447265625
2019-09-12,272.03179931640625
2019-09-13,271.8512878417969
2019-09-16,271.0115661621094
2019-09-17,271.69769287109375
2019-09-18,271.8603210449219
2019-09-19,271.8421630859375
2019-09-20,270.5577087402344
2019-09-23,270.4942932128906
2019-09-24,268.3717346191406
2019-09-25,269.959228515625
2019-09-26,269.3967590332031
2019-09-27,267.9454345703125
2019-09-30,269.18804931640625
2019-10-01,265.9861145019531
2019-10-02,261.28753662109375
2019-10-03,263.4283447265625
2019-10-04,266.9930114746094
2019-10-07,265.841064453125
2019-10-08,261.7138671875
2019-10-09,264.19927978515625
2019-10-10,265.9861145019531
2019-10-11,268.74371337890625
2019-10-14,268.4443664550781
2019-10-15,271.1020812988281
2019-10-16,270.66668701171875
2019-10-17,271.46478271484375
2019-10-18,270.2767028808594
2019-10-21,272.1089172363281
2019-10-22,271.2199401855469
2019-10-23,272.0090637207031
2019-10-24,272.45355224609375
2019-10-25,273.56927490234375
2019-10-28,275.1112060546875
2019-10-29,275.02960205078125
2019-10-30,275.8731994628906
2019-10-31,275.13836669921875
2019-11-01,277.68731689453125
2019-11-04,278.8029479980469
2019-11-05,278.4945983886719
2019-11-06,278.5580749511719
2019-11-07,279.5376281738281
2019-11-08,280.22711181640625
2019-11-11,279.6918640136719
2019-11-12,280.2814636230469
2019-11-13,280.3722229003906
2019-11-14,280.7802734375
2019-11-15,282.81219482421875
2019-11-18,283.0207214355469
2019-11-19,282.9390869140625
2019-11-20,281.8869323730469
2019-11-21,281.4334716796875
2019-11-22,282.0592956542969
2019-11-25,284.2452697753906
2019-11-26,284.8892822265625
2019-11-27,286.1592102050781
2019-11-29,285.09796142578125
2019-12-02,282.6761474609375
2019-12-03,280.7802734375
2019-12-04,282.51275634765625
2019-12-05,283.0207214355469
2019-12-06,285.60589599609375
2019-12-09,284.7078857421875
2019-12-10,284.3903503417969
2019-12-11,285.19775390625
2019-12-12,287.6559143066406
2019-12-13,287.8282165527344
2019-12-16,289.8055725097656
2019-12-17,289.86907958984375
2019-12-18,289.8872375488281
2019-12-19,291.07537841796875
2019-12-20,292.35162353515625
2019-12-23,292.7982177734375
2019-12-24,292.807373046875
2019-12-26,294.3660888671875
2019-12-27,294.29315185546875
2019-12-30,292.6706237792969
2019-12-31,293.3815612792969
2020-01-02,296.1252746582031
2020-01-03,293.8829040527344
2020-01-06,295.0041809082031
2020-01-07,294.17474365234375
2020-01-08,295.7424621582031
2020-01-09,297.7478332519531
2020-01-10,296.8909912109375
2020-01-13,298.9327392578125
2020-01-14,298.4770202636719
2020-01-15,299.1515197753906
2020-01-16,301.63995361328125
2020-01-17,302.5788269042969
2020-01-21,301.98638916015625
2020-01-22,302.02276611328125
2020-01-23,302.3692321777344
2020-01-24,299.6802673339844
2020-01-27,294.8764953613281
2020-01-28,297.96649169921875
2020-01-29,297.72039794921875
2020-01-30,298.6866455078125
2020-01-31,293.2630615234375
2020-02-03,295.4416809082031
2020-02-04,299.9444580078125
2020-02-05,303.4083251953125
2020-02-06,304.4292297363281
2020-02-07,302.8067626953125
2020-02-10,305.06732177734375
2020-02-11,305.59600830078125
2020-02-12,307.5649108886719
2020-02-13,307.2366638183594
2020-02-14,307.7289733886719
2020-02-18,306.9359130859375
2020-02-19,308.40350341796875
2020-02-20,307.13641357421875
2020-02-21,303.97344970703125
2020-02-24,293.89202880859375
2020-02-25,284.9864807128906
2020-02-26,283.9383239746094
2020-02-27,271.1861572265625
2020-02-28,270.0466613769531
2020-03-02,281.7414855957031
2020-03-03,273.674560546875
2020-03-04,285.1779479980469
2020-03-05,275.6981506347656
2020-03-06,271.1405334472656
2020-03-09,249.96597290039062
2020-03-10,262.9003601074219
2020-03-11,250.08441162109375
2020-03-12,226.15708923339844
2020-03-13,245.49038696289062
2020-03-16,218.62791442871094
2020-03-17,230.4320831298828
2020-03-18,218.76466369628906
2020-03-19,219.22952270507812
2020-03-20,209.78195190429688
2020-03-23,204.4182586669922
2020-03-24,222.93922424316406
2020-03-25,226.27664184570312
2020-03-26,239.48892211914062
2020-03-27,232.3555908203125
2020-03-30,239.90151977539062
2020-03-31,236.32566833496094
2020-04-01,225.68983459472656
2020-04-02,230.89772033691406
2020-04-03,227.56031799316406
2020-04-06,242.8446807861328
2020-04-07,243.09217834472656
2020-04-08,251.25245666503906
2020-04-09,255.0758514404297
2020-04-13,252.7469940185547
2020-04-14,260.2012023925781
2020-04-15,254.67239379882812
2020-04-16,255.9010467529297
2020-04-17,262.81427001953125
2020-04-20,258.18408203125
2020-04-21,250.34475708007812
2020-04-22,255.9010467529297
2020-04-23,255.8826446533203
2020-04-24,259.4493408203125
2020-04-27,263.1901550292969
2020-04-28,261.9799499511719
2020-04-29,268.83819580078125
2020-04-30,266.33514404296875
2020-05-01,259.2843322753906
2020-05-04,259.99945068359375
2020-05-05,262.4017333984375
2020-05-06,260.6229553222656
2020-05-07,263.76788330078125
2020-05-08,268.1322326660156
2020-05-11,268.18719482421875
2020-05-12,262.841796875
2020-05-13,258.19317626953125
2020-05-14,261.2831115722656
2020-05-15,262.48419189453125
2020-05-18,270.4794006347656
2020-05-19,267.7012939453125
2020-05-20,272.24896240234375
2020-05-21,270.36932373046875
2020-05-22,270.8828430175781
2020-05-26,274.2203063964844
2020-05-27,278.3003234863281
2020-05-28,277.7868957519531
2020-05-29,279.0247497558594
2020-06-01,280.1524353027344
2020-06-02,282.47210693359375
2020-06-03,286.2313232421875
2020-06-04,285.4794921875
2020-06-05,292.7961730957031
2020-06-08,296.3353576660156
2020-06-09,294.125732421875
2020-06-10,292.4845886230469
2020-06-11,275.623046875
2020-06-12,278.9239196777344
2020-06-15,281.5278015136719
2020-06-16,286.94659423828125
2020-06-17,285.754638671875
2020-06-18,285.8646240234375
2020-06-19,284.2309875488281
2020-06-22,286.0543518066406
2020-06-23,287.3713073730469
2020-06-24,280.0408020019531
2020-06-25,283.04302978515625
2020-06-26,276.32025146484375
2020-06-29,280.38153076171875
2020-06-30,283.97308349609375
2020-07-01,285.9622497558594
2020-07-02,287.5370178222656
2020-07-06,291.9757995605469
2020-07-07,288.96441650390625
2020-07-08,291.174560546875
2020-07-09,289.51702880859375
2020-07-10,292.4731140136719
2020-07-13,289.9405822753906
2020-07-14,293.6979675292969
2020-07-15,296.3960876464844
2020-07-16,295.4200744628906
2020-07-17,296.2764587402344
2020-07-20,298.6708984375
2020-07-21,299.3062744140625
2020-07-22,301.0099182128906
2020-07-23,297.4184265136719
2020-07-24,295.5029602050781
2020-07-27,297.6578369140625
2020-07-28,295.7700500488281
2020-07-29,299.4075927734375
2020-07-30,298.33929443359375
2020-07-31,300.6968688964844
2020-08-03,302.7873840332031
2020-08-04,303.9568786621094
2020-08-05,305.8448181152344
2020-08-06,307.8891906738281
2020-08-07,308.11029052734375
2020-08-10,309.0311584472656
2020-08-11,306.48016357421875
2020-08-12,310.7532958984375
2020-08-13,310.1915283203125
2020-08-14,310.20068359375
2020-08-17,311.18609619140625
2020-08-18,311.8583984375
2020-08-19,310.55999755859375
2020-08-20,311.52691650390625
2020-08-21,312.63189697265625
2020-08-24,315.7998962402344
2020-08-25,316.905029296875
2020-08-26,320.08209228515625
2020-08-27,320.7820129394531
2020-08-28,322.85406494140625
2020-08-31,321.68450927734375
2020-09-01,324.7143249511719
2020-09-02,329.4110107421875
2020-09-03,318.0744934082031
2020-09-04,315.4776611328125
2020-09-08,306.8577880859375
2020-09-09,312.9173278808594
2020-09-10,307.48406982421875
2020-09-11,307.6405944824219
2020-09-14,311.6925964355469
2020-09-15,313.2674560546875
2020-09-16,312.0241394042969
2020-09-17,309.27984619140625
2020-09-18,305.7191467285156
2020-09-21,302.3166198730469
2020-09-22,305.3955383300781
2020-09-23,298.3130798339844
2020-09-24,299.1082763671875
2020-09-25,303.9439392089844
2020-09-28,308.9923400878906
2020-09-29,307.3094482421875
2020-09-30,309.6394958496094
2020-10-01,311.6273193359375
2020-10-02,308.6687316894531
2020-10-05,314.1422424316406
2020-10-06,309.6764221191406
2020-10-07,315.06683349609375
2020-10-08,317.85919189453125
2020-10-09,320.69781494140625
2020-10-12,325.85699462890625
2020-10-13,323.7304382324219
2020-10-14,321.69622802734375
2020-10-15,321.2987365722656
2020-10-16,321.1045227050781
2020-10-19,316.2226257324219
2020-10-20,317.4893493652344
2020-10-21,316.8883361816406
2020-10-22,318.6265869140625
2020-10-23,319.7083740234375
2020-10-26,313.8002624511719
2020-10-27,312.7183837890625
2020-10-28,302.030029296875
2020-10-29,305.09967041015625
2020-10-30,301.91900634765625
2020-11-02,305.3031005859375
2020-11-03,310.6935119628906
2020-11-04,317.63720703125
2020-11-05,323.83203125
2020-11-06,323.7581481933594
2020-11-09,327.82635498046875
2020-11-10,327.3456115722656
2020-11-11,329.7773132324219
2020-11-12,326.5780944824219
2020-11-13,331.0993957519531
2020-11-16,335.232421875
2020-11-17,333.429443359375
2020-11-18,329.4166564941406
2020-11-19,330.8035888671875
2020-11-20,328.5382995605469
2020-11-23,330.5077209472656
2020-11-24,335.8333740234375
2020-11-25,335.3155822753906
2020-11-27,336.2495422363281
2020-11-30,334.7608642578125
2020-12-01,338.4222717285156
2020-12-02,339.1342468261719
2020-12-03,339.04180908203125
2020-12-04,341.9634704589844
2020-12-07,341.2607727050781
2020-12-08,342.2593688964844
2020-12-09,339.1896667480469
2020-12-10,339.0787353515625
2020-12-11,338.6811828613281
2020-12-14,337.16485595703125
2020-12-15,341.7231140136719
2020-12-16,342.2593688964844
2020-12-17,344.1733093261719
2020-12-18,342.79901123046875
2020-12-21,341.5733947753906
2020-12-22,340.9977111816406
2020-12-23,341.3040771484375
2020-12-24,342.6319274902344
2020-12-28,345.575439453125
2020-12-29,344.91607666015625
2020-12-30,345.4082946777344
2020-12-31,347.1632080078125
2021-01-04,342.4368896484375
2021-01-05,344.79541015625
2021-01-06,346.85675048828125
2021-01-07,352.0101318359375
2021-01-08,354.0158386230469
2021-01-11,351.6295471191406
2021-01-12,351.7037048339844
2021-01-13,352.6509094238281
2021-01-14,351.4158935546875
2021-01-15,348.8531494140625
2021-01-19,351.59234619140625
2021-01-20,356.45794677734375
2021-01-21,356.78289794921875
2021-01-22,355.52008056640625
2021-01-25,356.92218017578125
2021-01-26,356.36505126953125
2021-01-27,347.65533447265625
2021-01-28,350.645263671875
2021-01-29,343.6254577636719
2021-02-01,349.34527587890625
2021-02-02,354.2851257324219
2021-02-03,354.5636901855469
2021-02-04,358.593505859375
2021-02-05,360.0048828125
2021-02-08,362.6049499511719
2021-02-09,362.3634033203125
2021-02-10,362.2055358886719
2021-02-11,362.7905578613281
2021-02-12,364.58270263671875
2021-02-16,364.2669677734375
2021-02-17,364.3505859375
2021-02-18,362.7998046875
2021-02-19,362.1591491699219
2021-02-22,359.3735656738281
2021-02-23,359.81005859375
2021-02-24,363.7747802734375
2021-02-25,355.0093688964844
2021-02-26,353.18011474609375
2021-03-01,361.7413024902344
2021-03-02,358.9184875488281
2021-03-03,354.1644592285156
2021-03-04,349.7817077636719
2021-03-05,356.2165222167969
2021-03-08,354.4429931640625
2021-03-09,359.5035400390625
2021-03-10,361.7413024902344
2021-03-11,365.4090576171875
2021-03-12,365.9011535644531
2021-03-15,368.083251953125
2021-03-16,367.61895751953125
2021-03-17,368.8725280761719
2021-03-18,363.5055847167969
2021-03-19,362.83294677734375
2021-03-22,365.73016357421875
2021-03-23,362.8515319824219
2021-03-24,361.00701904296875
2021-03-25,363.0378723144531
2021-03-26,368.8882141113281
2021-03-29,368.7019348144531
2021-03-30,367.72381591796875
2021-03-31,369.2142333984375
2021-04-01,373.2013854980469
2021-04-05,378.5580139160156
2021-04-06,378.33447265625
2021-04-07,378.7723083496094
2021-04-08,380.57025146484375
2021-04-09,383.33709716796875
2021-04-12,383.4767761230469
2021-04-13,384.61328125
2021-04-14,383.2998962402344
2021-04-15,387.4173583984375
2021-04-16,388.7123107910156
2021-04-19,386.8025207519531
2021-04-20,383.9705505371094
2021-04-21,387.60382080078125
2021-04-22,384.063720703125
2021-04-23,388.2278747558594
2021-04-26,389.038330078125
2021-04-27,388.9544677734375
2021-04-28,388.84271240234375
2021-04-29,391.32073974609375
2021-04-30,388.74951171875
2021-05-03,389.5879821777344
2021-05-04,387.1844482421875
2021-05-05,387.3056335449219
2021-05-06,390.3985595703125
2021-05-07,393.23974609375
2021-05-10,389.34576416015625
2021-05-11,385.87091064453125
2021-05-12,377.6729736328125
2021-05-13,382.20989990234375
2021-05-14,388.07879638671875
2021-05-17,387.0914001464844
2021-05-18,383.7562561035156
2021-05-19,382.75018310546875
2021-05-20,386.86773681640625
2021-05-21,386.5510559082031
2021-05-24,390.4916687011719
2021-05-25,389.62530517578125
2021-05-26,390.3985595703125
2021-05-27,390.6034851074219
2021-05-28,391.3021545410156
2021-06-01,390.9573974609375
2021-06-02,391.572265625
2021-06-03,390.1190185546875
2021-06-04,393.6870422363281
2021-06-07,393.3049621582031
2021-06-08,393.3887939453125
2021-06-09,392.8019104003906
2021-06-10,394.6278381347656
2021-06-11,395.280029296875
2021-06-14,396.16497802734375
2021-06-15,395.43829345703125
2021-06-16,393.23046875
2021-06-17,393.1000671386719
2021-06-18,387.7969970703125
2021-06-21,393.3487548828125
2021-06-22,395.45166015625
2021-06-23,394.9750061035156
2021-06-24,397.3114929199219
2021-06-25,398.7228088378906
2021-06-28,399.52655029296875
2021-06-29,399.7416076660156
2021-06-30,400.0780334472656
2021-07-01,402.2930908203125
2021-07-02,405.3680725097656
2021-07-06,404.6296691894531
2021-07-07,406.05963134765625
2021-07-08,402.7510070800781
2021-07-09,407.05035400390625
2021-07-12,408.50836181640625
2021-07-13,407.1158142089844
2021-07-14,407.7232971191406
2021-07-15,406.33074951171875
2021-07-16,403.1436767578125
2021-07-19,397.19000244140625
2021-07-20,402.8819885253906
2021-07-21,406.143798828125
2021-07-22,406.9942932128906
2021-07-23,411.1814880371094
2021-07-26,412.1908874511719
2021-07-27,410.3122863769531
2021-07-28,410.1439514160156
2021-07-29,411.8450622558594
2021-07-30,409.8449401855469
2021-08-02,408.9850769042969
2021-08-03,412.3122863769531
2021-08-04,410.2842102050781
2021-08-05,412.88250732421875
2021-08-06,413.56475830078125
2021-08-09,413.228271484375
2021-08-10,413.7423095703125
2021-08-11,414.7704162597656
2021-08-12,416.0133972167969
2021-08-13,416.7705993652344
2021-08-16,417.7519226074219
2021-08-17,415.01348876953125
2021-08-18,410.47113037109375
2021-08-19,411.1066589355469
2021-08-20,414.3778991699219
2021-08-23,418.0229797363281
2021-08-24,418.6865234375
2021-08-25,419.5650939941406
2021-08-26,417.08831787109375
2021-08-27,420.8175048828125
2021-08-30,422.66802978515625
2021-08-31,422.0419006347656
2021-09-01,422.26617431640625
2021-09-02,423.5652770996094
2021-09-03,423.4625244140625
2021-09-07,421.94842529296875
2021-09-08,421.4343566894531
2021-09-09,419.6305847167969
2021-09-10,416.3219299316406
2021-09-13,417.3874816894531
2021-09-14,415.1349182128906
2021-09-15,418.60247802734375
2021-09-16,417.9388427734375
2021-09-17,413.8676452636719
2021-09-20,406.96673583984375
2021-09-21,406.58233642578125
2021-09-22,410.54852294921875
2021-09-23,415.53662109375
2021-09-24,416.2211608886719
2021-09-27,415.0303649902344
2021-09-28,406.666748046875
2021-09-29,407.3511657714844
2021-09-30,402.37237548828125
2021-10-01,407.1542663574219
2021-10-04,401.9035949707031
2021-10-05,406.08538818359375
2021-10-06,407.7730712890625
2021-10-07,411.2985534667969
2021-10-08,410.54852294921875
2021-10-11,407.57623291015625
2021-10-12,406.5729064941406
2021-10-13,408.03570556640625
2021-10-14,414.8990478515625
2021-10-15,418.0588684082031
2021-10-18,419.2965087890625
2021-10-19,422.53131103515625
2021-10-20,424.1908264160156
2021-10-21,425.2973327636719
2021-10-22,424.85662841796875
2021-10-25,427.13507080078125
2021-10-26,427.51947021484375
2021-10-27,425.6253967285156
2021-10-28,429.7322998046875
2021-10-29,430.6042785644531
2021-11-01,431.344970703125
2021-11-02,433.0889892578125
2021-11-03,435.7331237792969
2021-11-04,437.7864685058594
2021-11-05,439.305419921875
2021-11-08,439.6804504394531
2021-11-09,438.2271728515625
2021-11-10,434.7016906738281
2021-11-11,434.84234619140625
2021-11-12,438.1239318847656
2021-11-15,438.2741394042969
2021-11-16,440.0086669921875
2021-11-17,438.9397888183594
2021-11-18,440.4305419921875
2021-11-19,439.64300537109375
2021-11-22,438.4052429199219
2021-11-23,438.98663330078125
2021-11-24,440.15875244140625
2021-11-26,430.3418273925781
2021-11-29,435.6205749511719
2021-11-30,427.1444091796875
2021-12-01,422.4000549316406
2021-12-02,428.8696594238281
2021-12-03,425.1379699707031
2021-12-06,430.1729431152344
2021-12-07,439.0709228515625
2021-12-08,440.23370361328125
2021-12-09,437.2613830566406
2021-12-10,441.3775939941406
2021-12-13,437.4676208496094
2021-12-14,434.4578552246094
2021-12-15,441.246337890625
2021-12-16,437.355224609375
2021-12-17,432.700439453125
2021-12-20,428.0994567871094
2021-12-21,435.7020263671875
2021-12-22,440.0585021972656
2021-12-23,442.7965393066406
2021-12-27,449.06304931640625
2021-12-28,448.696044921875
2021-12-29,449.27008056640625
2021-12-30,448.02801513671875
2021-12-31,446.89892578125
2022-01-03,449.4864196777344
2022-01-04,449.33587646484375
2022-01-05,440.7076721191406
2022-01-06,440.293701171875
2022-01-07,438.552978515625
2022-01-10,438.0072937011719
2022-01-11,441.9967041015625
2022-01-12,443.1916809082031
2022-01-13,437.0851745605469
2022-01-14,437.26397705078125
2022-01-18,429.5201110839844
2022-01-19,425.0602111816406
2022-01-20,420.3555603027344
2022-01-21,412.1037292480469
2022-01-24,413.8539123535156
2022-01-25,408.8011474609375
2022-01-26,407.77557373046875
2022-01-27,405.761962890625
2022-01-28,415.83917236328125
2022-01-31,423.3289489746094
2022-02-01,426.18927001953125
2022-02-02,430.32940673828125
2022-02-03,420.2144470214844
2022-02-04,422.1903991699219
2022-02-07,420.83544921875
2022-02-08,424.29803466796875
2022-02-09,430.5081481933594
2022-02-10,422.7737731933594
2022-02-11,414.43719482421875
2022-02-14,413.0822448730469
2022-02-15,419.7439880371094
2022-02-16,420.2144470214844
2022-02-17,411.23809814453125
2022-02-18,408.5753173828125
2022-02-22,404.1906433105469
2022-02-23,397.02081298828125
2022-02-24,402.9956359863281
2022-02-25,411.8873291015625
2022-02-28,410.83349609375
2022-03-01,404.5763854980469
2022-03-02,412.0190734863281
2022-03-03,409.9678649902344
2022-03-04,406.636962890625
2022-03-07,394.6496887207031
2022-03-08,391.65753173828125
2022-03-09,402.158203125
2022-03-10,400.3423156738281
2022-03-11,395.2519226074219
2022-03-14,392.3632507324219
2022-03-15,400.99139404296875
2022-03-16,409.8831787109375
2022-03-17,415.0111389160156
2022-03-18,419.5567321777344
2022-03-21,419.43402099609375
2022-03-22,424.34197998046875
2022-03-23,418.87713623046875
2022-03-24,425.19146728515625
2022-03-25,427.2679443359375
2022-03-28,430.3070983886719
2022-03-29,435.63031005859375
2022-03-30,432.9404296875
2022-03-31,426.27685546875
2022-04-01,427.4850158691406
2022-04-04,431.1470947265625
2022-04-05,425.7011413574219
2022-04-06,421.44439697265625
2022-04-07,423.56805419921875
2022-04-08,422.4354553222656
2022-04-11,415.2151184082031
2022-04-12,413.6766052246094
2022-04-13,418.4145812988281
2022-04-14,413.2046813964844
2022-04-18,413.3745422363281
2022-04-19,420.04754638671875
2022-04-20,419.73602294921875
2022-04-21,413.4595031738281
2022-04-22,402.1145935058594
2022-04-25,404.4457702636719
2022-04-26,392.732666015625
2022-04-27,393.8370056152344
2022-04-28,403.78509521484375
2022-04-29,388.86297607421875
2022-05-02,391.2037658691406
2022-05-03,392.9970397949219
2022-05-04,404.96484375
2022-05-05,390.5713195800781
2022-05-06,388.2401123046875
2022-05-09,375.80963134765625
2022-05-10,376.6779479980469
2022-05-11,370.69403076171875
2022-05-12,370.30706787109375
2022-05-13,379.1602783203125
2022-05-16,377.6218566894531
2022-05-17,385.3896179199219
2022-05-18,369.85394287109375
2022-05-19,367.5887145996094
2022-05-20,367.7491455078125
2022-05-23,374.6298522949219
2022-05-24,371.7699890136719
2022-05-25,375.0545654296875
2022-05-26,382.5486755371094
2022-05-27,391.93994140625
2022-05-31,389.74072265625
2022-06-01,386.5882568359375
2022-06-02,393.9503173828125
2022-06-03,387.4849548339844
2022-06-06,388.6648254394531
2022-06-07,392.3929748535156
2022-06-08,388.12677001953125
2022-06-09,378.8960266113281
2022-06-10,367.90966796875
2022-06-13,353.9407958984375
2022-06-14,352.874267578125
2022-06-15,357.9049377441406
2022-06-16,346.0597839355469
2022-06-17,346.8056945800781
2022-06-21,355.53607177734375
2022-06-22,354.8915100097656
2022-06-23,358.370361328125
2022-06-24,369.7643127441406
2022-06-27,368.3519592285156
2022-06-28,360.8254699707031
2022-06-29,360.53155517578125
2022-06-30,357.6025390625
2022-07-01,361.384765625
2022-07-05,362.0672912597656
2022-07-06,363.2900390625
2022-07-07,368.7310791015625
2022-07-08,368.42779541015625
2022-07-11,364.2190856933594
2022-07-12,360.9960632324219
2022-07-13,359.1002502441406
2022-07-14,358.2281494140625
2022-07-15,365.0721740722656
2022-07-18,362.0578308105469
2022-07-19,371.84027099609375
2022-07-20,374.2101135253906
2022-07-21,378.02069091796875
2022-07-22,374.5133972167969
2022-07-25,374.9684143066406
2022-07-26,370.5321960449219
2022-07-27,380.153564453125
2022-07-28,384.9216613769531
2022-07-29,390.5332336425781
2022-08-01,389.3768310546875
2022-08-02,386.8079833984375
2022-08-03,392.8651428222656
2022-08-04,392.5997314453125
2022-08-05,391.93621826171875
2022-08-08,391.4811706542969
2022-08-09,389.9266052246094
2022-08-10,398.1165466308594
2022-08-11,398.1165466308594
2022-08-12,404.8563232421875
2022-08-15,406.5246276855469
2022-08-16,407.3209228515625
2022-08-17,404.4296875
2022-08-18,405.60516357421875
2022-08-19,400.1546936035156
2022-08-22,391.8223876953125
2022-08-23,390.8745422363281
2022-08-24,392.1257629394531
2022-08-25,397.66168212890625
2022-08-26,384.201171875
2022-08-29,381.6607666015625
2022-08-30,377.4709777832031
2022-08-31,374.5987854003906
2022-09-01,375.7741394042969
2022-09-02,371.8119201660156
2022-09-06,370.408935546875
2022-09-07,377.0633239746094
2022-09-08,379.5279541015625
2022-09-09,385.4239196777344
2022-09-12,389.5663757324219
2022-09-13,372.6270751953125
2022-09-14,374.0489196777344
2022-09-15,369.8022766113281
2022-09-16,366.9810485839844
2022-09-19,369.8269348144531
2022-09-20,365.5818786621094
2022-09-21,359.2047424316406
2022-09-22,356.1874694824219
2022-09-23,350.2197265625
2022-09-26,346.75506591796875
2022-09-27,345.869873046875
2022-09-28,352.6753845214844
2022-09-29,345.3083190917969
2022-09-30,339.9686279296875
2022-10-03,348.9442443847656
2022-10-04,359.7568664550781
2022-10-05,358.9193115234375
2022-10-06,355.2167053222656
2022-10-07,345.3083190917969
2022-10-10,342.6717834472656
2022-10-11,340.5016174316406
2022-10-12,339.37847900390625
2022-10-13,348.3350830078125
2022-10-14,340.3968811035156
2022-10-17,349.1441650390625
2022-10-18,353.2463684082031
2022-10-19,350.7431335449219
2022-10-20,347.8020324707031
2022-10-21,356.2541809082031
2022-10-24,360.61346435546875
2022-10-25,366.3719787597656
2022-10-26,363.61163330078125
2022-10-27,361.66998291015625
2022-10-28,370.27435302734375
2022-10-31,367.5997619628906
2022-11-01,365.9912109375
2022-11-02,356.8061828613281
2022-11-03,353.1322021484375
2022-11-04,358.21484375
2022-11-07,361.6414489746094
2022-11-08,363.5926208496094
2022-11-09,356.10186767578125
2022-11-10,375.671142578125
2022-11-11,379.3070983886719
2022-11-14,376.0804443359375
2022-11-15,379.28802490234375
2022-11-16,376.3945617675781
2022-11-17,375.2427978515625
2022-11-18,376.94659423828125
2022-11-21,375.575927734375
2022-11-22,380.6300964355469
2022-11-23,383.0286865234375
2022-11-25,382.9429931640625
2022-11-28,376.8323669433594
2022-11-29,376.1851806640625
2022-11-30,388.0351257324219
2022-12-01,387.74969482421875
2022-12-02,387.30230712890625
2022-12-05,380.3349914550781
2022-12-06,374.85260009765625
2022-12-07,374.21484375
2022-12-08,377.14642333984375
2022-12-09,374.3291015625
2022-12-12,379.7259216308594
2022-12-13,382.600341796875
2022-12-14,380.1542053222656
2022-12-15,370.8549499511719
2022-12-16,366.4765930175781
2022-12-19,363.3689880371094
2022-12-20,363.86627197265625
2022-12-21,369.3068542480469
2022-12-22,364.038330078125
2022-12-23,366.13238525390625
2022-12-27,364.68853759765625
2022-12-28,360.1562194824219
2022-12-29,366.63922119140625
2022-12-30,365.6733703613281
2023-01-03,364.1339416503906
2023-01-04,366.9451599121094
2023-01-05,362.757080078125
2023-01-06,371.07586669921875
2023-01-09,370.8655090332031
2023-01-10,373.46636962890625
2023-01-11,378.1898193359375
2023-01-12,379.56671142578125
2023-01-13,381.039306640625
2023-01-17,380.34124755859375
2023-01-18,374.33642578125
2023-01-19,371.6112976074219
2023-01-20,378.5340576171875
2023-01-23,383.07598876953125
2023-01-24,382.6647644042969
2023-01-25,382.8081970214844
2023-01-26,387.0154724121094
2023-01-27,387.90472412109375
2023-01-30,383.0377197265625
2023-01-31,388.6696472167969
2023-02-01,392.80035400390625
2023-02-02,398.51837158203125
2023-02-03,394.2825012207031
2023-02-06,391.87286376953125
2023-02-07,396.99798583984375
2023-02-08,392.6568603515625
2023-02-09,389.25286865234375
2023-02-10,390.1612548828125
2023-02-13,394.7414245605469
2023-02-14,394.55975341796875
2023-02-15,395.84100341796875
2023-02-16,390.3907775878906
2023-02-17,389.4154968261719
2023-02-21,381.6034240722656
2023-02-22,381.07757568359375
2023-02-23,383.10467529296875
2023-02-24,379.0121765136719
2023-02-27,380.3030090332031
2023-02-28,378.8974304199219
2023-03-01,377.44403076171875
2023-03-02,380.3795166015625
2023-03-03,386.47998046875
2023-03-06,386.7477111816406
2023-03-07,380.8193359375
2023-03-08,381.44091796875
2023-03-09,374.4034118652344
2023-03-10,369.00091552734375
2023-03-13,368.4749755859375
2023-03-14,374.5659484863281
2023-03-15,372.2232971191406
2023-03-16,378.7539978027344
2023-03-17,374.3253173828125
2023-03-20,377.92474365234375
2023-03-21,382.8870849609375
2023-03-22,376.3602294921875
2023-03-23,377.3775939941406
2023-03-24,379.8539733886719
2023-03-27,380.56427001953125
2023-03-28,379.7099914550781
2023-03-29,385.2290954589844
2023-03-30,387.48468017578125
2023-03-31,392.9461364746094
2023-04-03,394.4434509277344
2023-04-04,392.2550354003906
2023-04-05,391.22802734375
2023-04-06,392.7541198730469
2023-04-10,393.1572570800781
2023-04-11,393.26287841796875
2023-04-12,391.6599426269531
2023-04-13,396.8622131347656
2023-04-14,395.892822265625
2023-04-17,397.3133544921875
2023-04-18,397.572509765625
2023-04-19,397.50531005859375
2023-04-20,395.3361511230469
2023-04-21,395.6431884765625
2023-04-24,396.05596923828125
2023-04-25,389.7690734863281
2023-04-26,388.1181945800781
2023-04-27,395.84478759765625
2023-04-28,399.2234191894531
2023-05-01,398.8203430175781
2023-05-02,394.3379211425781
2023-05-03,391.6311340332031
2023-05-04,388.85723876953125
2023-05-05,396.05596923828125
2023-05-08,396.16156005859375
2023-05-09,394.42431640625
2023-05-10,396.26708984375
2023-05-11,395.5760498046875
2023-05-12,395.05767822265625
2023-05-15,396.4206848144531
2023-05-16,393.7716064453125
2023-05-17,398.5515441894531
2023-05-18,402.3908996582031
2023-05-19,401.805419921875
2023-05-22,401.96856689453125
2023-05-23,397.4573059082031
2023-05-24,394.577880859375
2023-05-25,397.994873046875
2023-05-26,403.1491394042969
2023-05-30,403.3027038574219
2023-05-31,401.0663146972656
2023-06-01,404.8768615722656
2023-06-02,410.7318115234375
2023-06-05,409.94476318359375
2023-06-06,410.83740234375
2023-06-07,409.4168701171875
2023-06-08,411.8932189941406
2023-06-09,412.6322937011719
2023-06-12,416.3756103515625
2023-06-13,419.12078857421875
2023-06-14,419.6198425292969
2023-06-15,424.8221435546875
2023-06-16,423.3751220703125
2023-06-20,421.17852783203125
2023-06-21,419.0205993652344
2023-06-22,420.5331115722656
2023-06-23,417.3538513183594
2023-06-26,415.6487121582031
2023-06-27,420.2055358886719
2023-06-28,420.4175109863281
2023-06-29,422.0745544433594
2023-06-30,427.0553283691406
2023-07-03,427.54669189453125
2023-07-05,426.91082763671875
2023-07-06,423.5677795410156
2023-07-07,422.49847412109375
2023-07-10,423.5677795410156
2023-07-11,426.26531982421875
2023-07-12,429.6950378417969
2023-07-13,433.10546875
2023-07-14,432.8357238769531
2023-07-17,434.3386535644531
2023-07-18,437.5660095214844
2023-07-19,438.5390319824219
2023-07-20,435.6296081542969
2023-07-21,435.6296081542969
2023-07-24,437.57568359375
2023-07-25,438.77032470703125
2023-07-26,438.8377380371094
2023-07-27,435.9281311035156
2023-07-28,440.1961364746094
2023-07-31,441.0342712402344
2023-08-01,439.77215576171875
2023-08-02,433.6545715332031
2023-08-03,432.41180419921875
2023-08-04,430.4561462402344
2023-08-07,434.21337890625
2023-08-08,432.32513427734375
2023-08-09,429.43487548828125
2023-08-10,429.5890808105469
2023-08-11,429.3385925292969
2023-08-14,431.7085876464844
2023-08-15,426.6796569824219
2023-08-16,423.5486145019531
2023-08-17,420.3211975097656
2023-08-18,420.5235290527344
2023-08-21,423.2595520019531
2023-08-22,422.1131286621094
2023-08-23,426.8144836425781
2023-08-24,420.8992614746094
2023-08-25,423.866455078125
2023-08-28,426.5543212890625
2023-08-29,432.7200927734375
2023-08-30,434.50238037109375
2023-08-31,433.8665771484375
2023-09-01,434.6758117675781
2023-09-05,432.7971496582031
2023-09-06,429.8876953125
2023-09-07,428.56787109375
2023-09-08,429.2132568359375
2023-09-11,432.0361328125
2023-09-12,429.6661071777344
2023-09-13,430.1671142578125
2023-09-14,433.87615966796875
2023-09-15,428.6487121582031
2023-09-18,428.9000549316406
2023-09-19,428.01055908203125
2023-09-20,424.0758056640625
2023-09-21,417.0664978027344
2023-09-22,416.1286926269531
2023-09-25,417.87860107421875
2023-09-26,411.73944091796875
2023-09-27,411.90374755859375
2023-09-28,414.291748046875
2023-09-29,413.2863464355469
2023-10-02,413.1219482421875
2023-10-03,407.5918884277344
2023-10-04,410.55999755859375
2023-10-05,410.4052734375
2023-10-06,415.2779235839844
2023-10-09,417.9366455078125
2023-10-10,420.1119384765625
2023-10-11,421.83282470703125
2023-10-12,419.2611083984375
2023-10-13,417.1728515625
2023-10-16,421.5621032714844
2023-10-17,421.542724609375
2023-10-18,415.9256591796875
2023-10-19,412.27117919921875
2023-10-20,407.2051696777344
2023-10-23,406.4993896484375
2023-10-24,409.5641784667969
2023-10-25,403.68603515625
2023-10-26,398.85205078125
2023-10-27,397.0440979003906
2023-10-30,401.7910461425781
2023-10-31,404.314453125
2023-11-01,408.6263732910156
2023-11-02,416.45745849609375
2023-11-03,420.2569580078125
2023-11-06,421.2237243652344
2023-11-07,422.4225769042969
2023-11-08,422.7319030761719
2023-11-09,419.43511962890625
2023-11-10,425.9803466796875
2023-11-13,425.57427978515625
2023-11-14,433.8307800292969
2023-11-15,434.7491760253906
2023-11-16,435.281005859375
2023-11-17,435.82232666015625
2023-11-20,439.1771545410156
2023-11-21,438.22003173828125
2023-11-22,439.9118957519531
2023-11-24,440.18255615234375
2023-11-27,439.3898010253906
2023-11-28,439.82489013671875
2023-11-29,439.5155334472656
2023-11-30,441.2460632324219
2023-12-01,443.8564147949219
2023-12-04,441.5264892578125
2023-12-05,441.4394226074219
2023-12-06,439.6605224609375
2023-12-07,443.0153503417969
2023-12-08,444.919921875
2023-12-11,446.6504821777344
2023-12-12,448.6903991699219
2023-12-13,454.8778991699219
2023-12-14,456.3377685546875
2023-12-15,455.5863952636719
2023-12-18,458.149169921875
2023-12-19,460.93505859375
2023-12-20,454.5478210449219
2023-12-21,458.8577575683594
2023-12-22,459.7799377441406
2023-12-26,461.72137451171875
2023-12-27,462.55621337890625
2023-12-28,462.73089599609375
2023-12-29,461.3913269042969
2024-01-02,458.8092041015625
2024-01-03,455.0622863769531
2024-01-04,453.5964660644531
2024-01-05,454.21771240234375
2024-01-08,460.7021179199219
2024-01-09,460.0032043457031
2024-01-10,462.60467529296875
2024-01-11,462.40087890625
2024-01-12,462.72119140625
2024-01-16,461.0224304199219
2024-01-17,458.45977783203125
2024-01-18,462.5367736816406
2024-01-19,468.3028259277344
2024-01-22,469.29296875
2024-01-23,470.6616516113281
2024-01-24,471.1761779785156
2024-01-25,473.7388610839844
2024-01-26,473.13702392578125
2024-01-29,476.88397216796875
2024-01-30,476.51507568359375
2024-01-31,468.7396240234375
2024-02-01,474.8746032714844
2024-02-02,479.873779296875
2024-02-05,478.1264343261719
2024-02-06,479.51458740234375
2024-02-07,483.51397705078125
2024-02-08,483.7275085449219
2024-02-09,486.523193359375
2024-02-12,486.30963134765625
2024-02-13,479.6116638183594
2024-02-14,483.9701843261719
2024-02-15,487.3094787597656
2024-02-16,484.8826904296875
2024-02-20,482.2132263183594
2024-02-21,482.6500244140625
2024-02-22,492.638671875
2024-02-23,492.97845458984375
2024-02-26,491.1729431152344
2024-02-27,492.08538818359375
2024-02-28,491.43505859375
2024-02-29,493.2016906738281
2024-03-01,497.8320007324219
2024-03-04,497.29815673828125
2024-03-05,492.32806396484375
2024-03-06,494.8227844238281
2024-03-07,499.734619140625
2024-03-08,496.7351379394531
2024-03-11,496.3079833984375
2024-03-12,501.6469421386719
2024-03-13,500.86065673828125
2024-03-14,499.8705139160156
2024-03-15,496.4381103515625
2024-03-18,499.3885192871094
2024-03-19,502.1636962890625
2024-03-20,506.80828857421875
2024-03-21,508.48321533203125
2024-03-22,507.5191955566406
2024-03-25,506.1170654296875
2024-03-26,505.1822509765625
2024-03-27,509.427734375
2024-03-28,509.33038330078125
2024-04-01,508.4442443847656
2024-04-02,505.21148681640625
2024-04-03,505.7664489746094
2024-04-04,499.5930480957031
2024-04-05,504.81219482421875
2024-04-08,505.0946350097656
2024-04-09,505.6788635253906
2024-04-10,500.61541748046875
2024-04-11,504.39349365234375
2024-04-12,497.43133544921875
2024-04-15,491.1994934082031
2024-04-16,490.3036193847656
2024-04-17,487.4018859863281
2024-04-18,486.39892578125
2024-04-19,482.1534729003906
2024-04-22,486.5937194824219
2024-04-23,492.367919921875
2024-04-24,492.1342468261719
2024-04-25,490.2646179199219
2024-04-26,494.90936279296875
2024-04-29,496.662109375
2024-04-30,488.7943420410156
2024-05-01,487.2071533203125
2024-05-02,491.76422119140625
2024-05-03,497.8597717285156
2024-05-06,503.0010986328125
2024-05-07,503.5561218261719
2024-05-08,503.6048278808594
2024-05-09,506.5065612792969
2024-05-10,507.1589660644531
2024-05-13,507.22705078125
2024-05-14,509.5543212890625
2024-05-15,515.8641357421875
2024-05-16,514.8026733398438
2024-05-17,515.5428466796875
2024-05-20,516.1367797851562
2024-05-21,517.402587890625
2024-05-22,515.912841796875
2024-05-23,512.1444702148438
2024-05-24,515.5330200195312
2024-05-28,515.8933715820312
2024-05-29,512.2807006835938
2024-05-30,508.8824157714844
2024-05-31,513.5173950195312
2024-06-03,513.9360961914062
2024-06-04,514.5106201171875
2024-06-05,520.6256103515625
2024-06-06,520.615966796875
2024-06-07,519.9829711914062
2024-06-10,521.5895385742188
2024-06-11,522.8458251953125
2024-06-12,527.139892578125
2024-06-13,528.2013549804688
2024-06-14,528.5226440429688
2024-06-17,532.7291870117188
2024-06-18,534.0825805664062
2024-06-20,532.6317138671875
2024-06-21,531.9176635742188
2024-06-24,530.1885375976562
2024-06-25,532.2303466796875
2024-06-26,532.89453125
2024-06-27,533.734619140625
2024-06-28,531.6343383789062
2024-07-01,532.7285766601562
2024-07-02,536.3135375976562
2024-07-03,538.70703125
2024-07-05,541.8134765625
2024-07-08,542.4386596679688
2024-07-09,542.9661865234375
2024-07-10,548.3388671875
2024-07-11,543.61083984375
2024-07-12,547.0397338867188
2024-07-15,548.544189453125
2024-07-16,551.7970581054688
2024-07-17,544.0602416992188
2024-07-18,539.8792114257812
2024-07-19,536.2940063476562
2024-07-22,541.8232421875
2024-07-23,540.973388671875
2024-07-24,528.7135620117188
2024-07-25,525.958740234375
2024-07-26,531.8493041992188
2024-07-29,532.1619262695312
2024-07-30,529.4658203125
2024-07-31,538.0719604492188
2024-08-01,530.452392578125
2024-08-02,520.5762939453125
2024-08-05,505.4151611328125
2024-08-06,510.07476806640625
2024-08-07,506.6654357910156
2024-08-08,518.3782348632812
2024-08-09,520.6641235351562
2024-08-12,520.9376220703125
2024-08-13,529.5048828125
2024-08-14,531.17529296875
2024-08-15,540.2797241210938
2024-08-16,541.4910278320312
2024-08-19,546.6685791015625
2024-08-20,545.779541015625
2024-08-21,547.6551513671875
2024-08-22,543.3568115234375
2024-08-23,549.1302490234375
2024-08-26,547.8212280273438
2024-08-27,548.5733642578125
2024-08-28,545.3887939453125
2024-08-29,545.4375
2024-08-30,550.6443481445312
2024-09-03,539.3126831054688
2024-09-04,538.208740234375
2024-09-05,536.8997192382812
2024-09-06,527.8636474609375
2024-09-09,533.7737426757812
2024-09-10,536.0986328125
2024-09-11,541.5985107421875
2024-09-12,546.1605224609375
2024-09-13,549.0131225585938
2024-09-16,549.8238525390625
2024-09-17,550.0484619140625
2024-09-18,548.4171752929688
2024-09-19,557.7755737304688
2024-09-20,556.8114013671875
2024-09-23,558.2027587890625
2024-09-24,559.7999267578125
2024-09-25,558.565185546875
2024-09-26,560.7798461914062
2024-09-27,559.9664916992188
2024-09-30,562.21044921875
2024-10-01,557.1739501953125
2024-10-02,557.4091186523438
2024-10-03,556.3900146484375
2024-10-04,561.4461669921875
2024-10-07,556.3704223632812
2024-10-08,561.6322631835938
2024-10-09,565.5222778320312
2024-10-10,564.53271484375
2024-10-11,567.9132690429688
2024-10-14,572.5578002929688
2024-10-15,568.1093139648438
2024-10-16,570.57861328125
2024-10-17,570.6275024414062
2024-10-18,572.822509765625
2024-10-21,571.8817749023438
2024-10-22,571.5780029296875
2024-10-23,566.3552856445312
2024-10-24,567.580078125
2024-10-25,567.3841552734375
2024-10-28,569.1381225585938
2024-10-29,570.0592651367188
2024-10-30,568.3346557617188
2024-10-31,557.1935424804688
2024-11-01,559.5452270507812
2024-11-04,558.3399047851562
2024-11-05,565.0911865234375
2024-11-06,579.1425170898438
2024-11-07,583.62060546875
2024-11-08,586.1487426757812
2024-11-11,586.707275390625
2024-11-12,584.8845825195312
2024-11-13,585.1687622070312
2024-11-14,581.4060668945312
2024-11-15,573.9590454101562
2024-11-18,576.3108520507812
2024-11-19,578.41748046875
2024-11-20,578.6134643554688
2024-11-21,581.7196044921875
2024-11-22,583.5226440429688
2024-11-25,585.501953125
2024-11-26,588.5592041015625
2024-11-27,586.7757568359375
2024-11-29,590.4208374023438
2024-12-02,591.4791259765625
2024-12-03,591.7536010742188
2024-12-04,595.427978515625
2024-12-05,594.4481811523438
2024-12-06,595.5750122070312
2024-12-09,592.508056640625
2024-12-10,590.6658325195312
2024-12-11,595.2320556640625
2024-12-12,592.1651000976562
2024-12-13,592.0474853515625
2024-12-16,594.575439453125
2024-12-17,592.1257934570312
2024-12-18,574.478515625
2024-12-19,574.302001953125
2024-12-20,581.199951171875
2024-12-23,584.680419921875
2024-12-24,591.1791381835938
2024-12-26,591.2184448242188
2024-12-27,584.9949340820312
2024-12-30,578.3193359375
2024-12-31,576.21533203125
2025-01-02,574.7994995117188
2025-01-03,581.9865112304688
2025-01-06,585.339111328125
2025-01-07,578.722412109375
2025-01-08,579.56787109375
2025-01-10,570.7192993164062
2025-01-13,571.6041870117188
2025-01-14,572.3907470703125
2025-01-15,582.8026123046875
2025-01-16,581.6817016601562
2025-01-17,587.521728515625
2025-01-21,592.899658203125
2025-01-22,596.2325439453125
2025-01-23,599.4868774414062
2025-01-24,597.7367553710938
2025-01-27,589.2815551757812
2025-01-28,594.3448486328125
2025-01-29,591.6804809570312
2025-01-30,594.8561401367188
2025-01-31,591.6903686523438
2025-02-03,587.70849609375
2025-02-04,591.6510620117188
2025-02-05,594.0499267578125
2025-02-06,596.1145629882812
2025-02-07,590.6580200195312
2025-02-10,594.6693115234375
2025-02-11,595.12158203125
2025-02-12,593.2044677734375
2025-02-13,599.4672241210938
2025-02-14,599.437744140625
2025-02-18,601.1975708007812
2025-02-19,602.61328125
2025-02-20,600.1063232421875
2025-02-21,589.842041015625
2025-02-24,587.157958984375
2025-02-25,584.2379150390625
2025-02-26,584.5328369140625
2025-02-27,575.20263671875
2025-02-28,584.178955078125
2025-03-03,573.9441528320312
2025-03-04,567.1505126953125
2025-03-05,573.2460327148438
2025-03-06,563.0703735351562
2025-03-07,566.2262573242188
2025-03-10,551.1444702148438
2025-03-11,546.56298828125
2025-03-12,549.4632568359375
2025-03-13,542.138671875
2025-03-14,553.3369140625
2025-03-17,557.6039428710938
2025-03-18,551.5770874023438
2025-03-19,557.5842895507812
2025-03-20,555.9718017578125
2025-03-21,556.1552734375
2025-03-24,566.1151733398438
2025-03-25,567.4760131835938
2025-03-26,560.701416015625
2025-03-27,559.2122802734375
2025-03-28,547.9507446289062
2025-03-31,551.6289672851562
2025-04-01,553.18701171875
2025-04-02,556.6878051757812
2025-04-03,529.2537841796875
2025-04-04,498.26971435546875
2025-04-07,497.3821716308594
2025-04-08,489.591796875
2025-04-09,541.0084228515625
2025-04-10,517.3019409179688
2025-04-11,526.5320434570312
2025-04-14,531.6401977539062
2025-04-15,530.151123046875
2025-04-16,518.3668823242188
2025-04-17,519.1065063476562
2025-04-21,506.7503662109375
2025-04-22,519.9348754882812
2025-04-23,527.991455078125
2025-04-24,539.1051635742188
2025-04-25,543.0003662109375
2025-04-28,543.2073974609375
2025-04-29,546.62939453125
2025-04-30,546.8462524414062
2025-05-01,550.7216186523438
2025-05-02,558.8966674804688
2025-05-05,555.6917724609375
2025-05-06,551.0471801757812
2025-05-07,553.3645629882812
2025-05-08,557.2202758789062
2025-05-09,556.51025390625
2025-05-12,574.9014892578125
2025-05-13,578.6981201171875
2025-05-14,579.437744140625
2025-05-15,582.2678833007812
2025-05-16,585.9559936523438
2025-05-19,586.596923828125
2025-05-20,584.6246948242188
2025-05-21,574.7733154296875
2025-05-22,575.0001831054688
2025-05-23,571.0753173828125
2025-05-27,582.9483032226562
2025-05-28,579.5757446289062
2025-05-29,581.8635864257812
2025-05-30,581.2127685546875
2025-06-02,584.4866943359375
2025-06-03,587.81982421875
2025-06-04,587.6619873046875
2025-06-05,584.8219604492188
2025-06-06,590.8275146484375
2025-06-09,591.3599243164062
2025-06-10,594.7128295898438
2025-06-11,593.0166625976562
2025-06-12,595.37353515625
2025-06-13,588.7171020507812
2025-06-16,594.318359375
2025-06-17,589.2398071289062
2025-06-18,589.1510620117188
2025-06-20,587.7673950195312
2025-06-23,593.572998046875
2025-06-24,600.1304321289062
2025-06-25,600.4666748046875
2025-06-26,605.16455078125
2025-06-27,608.1713256835938
2025-06-30,611.0790405273438
2025-07-01,610.88134765625
2025-07-02,613.650634765625
2025-07-03,618.4869995117188
2025-07-07,613.8780517578125
2025-07-08,613.5418090820312
2025-07-09,617.2210083007812
2025-07-10,618.9617919921875
2025-07-11,616.7858276367188
2025-07-14,617.9627685546875
2025-07-15,615.3220825195312
2025-07-16,617.3792724609375
2025-07-17,621.1574096679688
2025-07-18,620.7024536132812
2025-07-21,621.87939453125
2025-07-22,621.9683837890625
2025-07-23,627.2598876953125
2025-07-24,627.4674682617188
2025-07-25,630.1181640625
2025-07-28,629.9598388671875
2025-07-29,628.29833984375
2025-07-30,627.5070190429688
2025-07-31,625.1531372070312
2025-08-01,614.9066162109375
2025-08-04,624.2530517578125
2025-08-05,621.088134765625
2025-08-06,625.845458984375
2025-08-07,625.3212890625
2025-08-08,630.1972045898438
2025-08-11,628.9509887695312
2025-08-12,635.6469116210938
2025-08-13,637.82275390625
2025-08-14,637.882080078125
2025-08-15,636.3886108398438
2025-08-18,636.2501220703125
2025-08-19,632.7984008789062
2025-08-20,631.1170043945312
2025-08-21,628.5850830078125
2025-08-22,638.2380981445312
2025-08-25,635.4292602539062
2025-08-26,638.0897827148438
2025-08-27,639.543701171875
2025-08-28,641.80859375
2025-08-29,637.9810180664062
2025-09-02,633.2533569335938
2025-09-03,636.6853637695312
2025-09-04,642.00634765625
2025-09-05,640.1469116210938
2025-09-08,641.7196044921875
2025-09-09,643.2031860351562
2025-09-10,645.0625
2025-09-11,650.4231567382812
2025-09-12,650.2054443359375
2025-09-15,653.6671142578125
2025-09-16,652.7671508789062
2025-09-17,651.9561157226562
2025-09-18,655.0023803710938
2025-09-19,658.2465209960938
2025-09-22,661.3607788085938
2025-09-23,657.7606201171875
2025-09-24,655.6678466796875
2025-09-25,652.6429443359375
2025-09-26,656.3820190429688
2025-09-29,658.2266845703125
2025-09-30,660.7061157226562
2025-10-01,662.9574584960938
2025-10-02,663.7210693359375
2025-10-03,663.7112426757812
2025-10-06,666.0914916992188
2025-10-07,663.6219482421875
2025-10-08,667.5791625976562
2025-10-09,665.6452026367188
2025-10-10,647.6542358398438
2025-10-13,657.5919189453125
2025-10-14,656.78857421875
2025-10-15,659.7044067382812
2025-10-16,655.2116088867188
2025-10-17,658.9308471679688
2025-10-20,665.7840576171875
2025-10-21,665.7741088867188
2025-10-22,662.3128051757812
2025-10-23,666.2402954101562
2025-10-24,671.6851806640625
2025-10-27,679.6094970703125
2025-10-28,681.41455078125
2025-10-29,681.7418823242188
2025-10-30,674.2440185546875
2025-10-31,676.45556640625
2025-11-03,677.7251586914062
2025-11-04,669.6917114257812
2025-11-05,672.012451171875
2025-11-06,664.8021850585938
2025-11-07,665.4567260742188
2025-11-10,675.8406982421875
2025-11-11,677.3878784179688
2025-11-12,677.7648315429688
2025-11-13,666.5180053710938
2025-11-14,666.4088745117188
2025-11-17,660.2003173828125
2025-11-18,654.65625
2025-11-19,657.185302734375
2025-11-20,647.1683349609375
2025-11-21,653.6149291992188
2025-11-24,663.235107421875
2025-11-25,669.4735107421875
2025-11-26,674.09521484375
2025-11-28,677.7747192382812
2025-12-01,674.6802978515625
2025-12-02,675.9300537109375
2025-12-03,678.2706298828125
2025-12-04,678.7664794921875
2025-12-05,680.0557861328125
2025-12-08,678.0127563476562
2025-12-09,677.4275512695312
2025-12-10,681.92041015625
2025-12-11,683.5072021484375
2025-12-12,676.1581420898438
2025-12-15,675.1365356445312
2025-12-16,673.2918701171875
2025-12-17,665.8832397460938
2025-12-18,670.9114990234375
2025-12-19,676.9923095703125
2025-12-22,681.2098999023438
2025-12-23,684.3233032226562
2025-12-24,686.7305297851562
2025-12-26,686.660888671875
2025-12-29,684.2138671875
2025-12-30,683.3783569335938
2025-12-31,678.3152465820312
2026-01-02,679.55859375
2026-01-05,684.0845336914062
2026-01-06,688.1529541015625
2026-01-07,685.9347534179688
2026-01-08,685.8651123046875
2026-01-09,690.4010009765625
2026-01-12,691.4852294921875
2026-01-13,690.1026000976562
2026-01-14,686.7106323242188
2026-01-15,688.5806884765625
2026-01-16,688.0037231445312
2026-01-20,673.9981689453125
2026-01-21,681.77685546875
2026-01-22,685.3379516601562
2026-01-23,685.5865478515625
2026-01-26,689.0680541992188
2026-01-27,691.8134765625
2026-01-28,691.7438354492188
2026-01-29,690.3711547851562
2026-01-30,688.3120727539062
2026-02-02,691.7339477539062
2026-02-03,685.885009765625
2026-02-04,682.5626831054688
2026-02-05,674.0379638671875
2026-02-06,686.96923828125
2026-02-09,690.2816772460938
2026-02-10,688.4613037109375
2026-02-11,688.3021850585938
2026-02-12,677.668701171875
2026-02-13,678.1461181640625
2026-02-17,679.2402954101562
2026-02-18,682.662109375
2026-02-19,680.8616333007812
2026-02-20,685.7855834960938
2026-02-23,678.7827758789062
2026-02-24,683.7164916992188
2026-02-25,689.4859008789062
2026-02-26,685.6561889648438
2026-02-27,682.3637084960938
2026-03-02,682.751708984375
2026-03-03,676.7337036132812
2026-03-04,681.5082397460938
2026-03-05,677.70849609375
2026-03-06,668.82568359375
2026-03-09,674.6845703125
2026-03-10,673.6002807617188
2026-03-11,672.7548217773438
2026-03-12,662.5390625
2026-03-13,658.7890014648438
2026-03-16,665.493408203125
2026-03-17,667.2440185546875
2026-03-18,657.9335327148438
2026-03-19,656.3121948242188
2026-03-20,646.9034423828125
2026-03-23,653.6959228515625
2026-03-24,651.5015869140625
2026-03-25,655.1322021484375
2026-03-26,643.432373046875
2026-03-27,632.4606323242188
2026-03-30,630.3460693359375
2026-03-31,648.6688842773438
2026-04-01,653.5562744140625
2026-04-02,654.144775390625
2026-04-06,657.23681640625
2026-04-07,657.5260009765625
2026-04-08,674.27294921875
2026-04-09,678.162841796875
2026-04-10,677.7140502929688
2026-04-13,684.3369750976562
2026-04-14,692.675537109375
2026-04-15,698.1414184570312
2026-04-16,699.8569946289062
2026-04-17,708.3152465820312
2026-04-20,706.8988037109375
2026-04-21,702.2708129882812
2026-04-22,709.3825073242188
2026-04-23,706.6295776367188
2026-04-24,712.10546875
2026-04-27,713.332275390625
2026-04-28,709.8612060546875
2026-04-29,709.7515258789062
2026-04-30,716.8132934570312
2026-05-01,718.7982177734375
2026-05-04,716.1649780273438
2026-05-05,721.9102172851562
2026-05-06,731.9443359375
2026-05-07,729.7001342773438
2026-05-08,735.724609375
2026-05-11,737.4002685546875
2026-05-12,736.2831420898438
2026-05-13,740.4025268554688
2026-05-14,746.2474975585938
2026-05-15,737.2706298828125
2026-05-18,736.751953125
2026-05-19,731.8446044921875
2026-05-20,739.3452758789062
2026-05-21,740.8114624023438
2026-05-22,743.7239990234375
2026-05-26,748.6613159179688
2026-05-27,748.5316162109375
2026-05-28,752.6609497070312
2026-05-29,754.5361328125
2026-06-01,756.5908203125
2026-06-02,757.6182250976562
2026-06-03,752.3018798828125
2026-06-04,755.1445922851562
2026-06-05,735.65478515625
2026-06-08,737.3204345703125
2026-06-09,735.1560668945312
2026-06-10,723.56591796875
2026-06-11,735.8642578125
2026-06-12,739.843994140625
2026-06-15,752.890380859375
2026-06-16,748.4019775390625
2026-06-17,739.0560302734375
2026-06-18,746.739990234375
2026-06-22,744.3900146484375
2026-06-23,733.5800170898438
2026-06-24,733.239990234375
2026-06-25,734.2999877929688
2026-06-26,728.989990234375
2026-06-29,741.0
2026-06-30,746.77001953125
2026-07-01,745.760009765625
2026-07-02,742.0050048828125
