date,close
2010-03-11,66.7300033569336
2010-03-12,66.80000305175781
2010-03-15,66.16999816894531
2010-03-16,67.0199966430664
2010-03-17,67.52999877929688
2010-03-18,67.16999816894531
2010-03-19,67.66000366210938
2010-03-22,67.66000366210938
2010-03-23,67.66000366210938
2010-03-24,66.94999694824219
2010-03-25,66.94999694824219
2010-03-26,66.94999694824219
2010-03-29,68.0
2010-03-30,67.68000030517578
2010-03-31,67.44000244140625
2010-04-01,67.44000244140625
2010-04-06,67.44000244140625
2010-04-07,68.52999877929688
2010-04-08,68.52999877929688
2010-04-09,68.52999877929688
2010-04-12,68.52999877929688
2010-04-13,68.8499984741211
2010-04-14,69.30000305175781
2010-04-15,69.3499984741211
2010-04-16,69.3499984741211
2010-04-19,69.3499984741211
2010-04-20,69.3499984741211
2010-04-21,67.79000091552734
2010-04-22,67.79000091552734
2010-04-23,67.30999755859375
2010-04-26,67.87000274658203
2010-04-27,66.44999694824219
2010-04-28,66.44999694824219
2010-04-29,65.25
2010-04-30,64.97000122070312
2010-05-03,65.16000366210938
2010-05-04,65.16000366210938
2010-05-05,65.16000366210938
2010-05-06,65.16000366210938
2010-05-07,61.9900016784668
2010-05-10,61.9900016784668
2010-05-11,61.9900016784668
2010-05-12,61.9900016784668
2010-05-13,61.9900016784668
2010-05-14,63.349998474121094
2010-05-17,63.349998474121094
2010-05-18,63.349998474121094
2010-05-19,61.16999816894531
2010-05-20,60.18000030517578
2010-05-21,59.060001373291016
2010-05-24,59.060001373291016
2010-05-25,58.2599983215332
2010-05-26,59.290000915527344
2010-05-27,61.54999923706055
2010-05-28,61.65999984741211
2010-05-31,61.27000045776367
2010-06-01,61.20000076293945
2010-06-02,61.279998779296875
2010-06-03,61.91999816894531
2010-06-04,61.91999816894531
2010-06-07,61.91999816894531
2010-06-08,58.970001220703125
2010-06-09,60.15999984741211
2010-06-10,61.279998779296875
2010-06-11,61.93000030517578
2010-06-14,63.16999816894531
2010-06-15,63.97999954223633
2010-06-16,64.04000091552734
2010-06-17,64.2699966430664
2010-06-18,64.38999938964844
2010-06-21,65.23999786376953
2010-06-22,64.66999816894531
2010-06-23,63.63999938964844
2010-06-24,63.63999938964844
2010-06-25,61.869998931884766
2010-06-28,62.91999816894531
2010-06-29,62.91999816894531
2010-06-30,60.65999984741211
2010-07-01,59.36000061035156
2010-07-02,59.27000045776367
2010-07-05,58.97999954223633
2010-07-06,58.97999954223633
2010-07-07,58.97999954223633
2010-07-08,62.959999084472656
2010-07-09,63.189998626708984
2010-07-12,63.29999923706055
2010-07-13,64.55999755859375
2010-07-14,64.5
2010-07-15,63.66999816894531
2010-07-16,62.20000076293945
2010-07-19,62.040000915527344
2010-07-20,61.869998931884766
2010-07-21,62.189998626708984
2010-07-22,62.189998626708984
2010-07-23,62.189998626708984
2010-07-26,64.66999816894531
2010-07-27,65.27999877929688
2010-07-28,65.2699966430664
2010-07-29,64.87000274658203
2010-07-30,64.62999725341797
2010-08-02,66.5999984741211
2010-08-03,66.56999969482422
2010-08-04,66.63999938964844
2010-08-05,66.47000122070312
2010-08-06,65.5999984741211
2010-08-09,66.68000030517578
2010-08-10,66.05000305175781
2010-08-11,64.22000122070312
2010-08-12,64.16999816894531
2010-08-13,63.84000015258789
2010-08-16,63.599998474121094
2010-08-17,64.62999725341797
2010-08-18,64.30999755859375
2010-08-19,64.69000244140625
2010-08-20,64.69000244140625
2010-08-23,62.720001220703125
2010-08-24,61.68000030517578
2010-08-25,60.95000076293945
2010-08-26,61.45000076293945
2010-08-27,62.02000045776367
2010-08-30,61.720001220703125
2010-08-31,61.83000183105469
2010-09-01,61.83000183105469
2010-09-02,61.83000183105469
2010-09-03,64.72000122070312
2010-09-06,64.95999908447266
2010-09-07,64.3499984741211
2010-09-08,64.97000122070312
2010-09-09,65.6500015258789
2010-09-10,65.5999984741211
2010-09-13,66.16999816894531
2010-09-14,66.26000213623047
2010-09-15,65.9800033569336
2010-09-16,65.66999816894531
2010-09-17,64.94999694824219
2010-09-20,66.20999908447266
2010-09-21,65.86000061035156
2010-09-22,64.94000244140625
2010-09-23,64.75
2010-09-24,65.93000030517578
2010-09-27,65.55000305175781
2010-09-28,65.56999969482422
2010-09-29,65.0199966430664
2010-09-30,64.81999969482422
2010-10-01,64.63999938964844
2010-10-04,63.720001220703125
2010-10-05,63.720001220703125
2010-10-06,63.720001220703125
2010-10-07,65.81999969482422
2010-10-08,65.7300033569336
2010-10-11,65.87000274658203
2010-10-12,65.55000305175781
2010-10-13,65.55000305175781
2010-10-14,65.55000305175781
2010-10-15,67.23999786376953
2010-10-18,67.30999755859375
2010-10-19,67.0199966430664
2010-10-20,67.41999816894531
2010-10-21,68.11000061035156
2010-10-22,67.87000274658203
2010-10-25,67.83000183105469
2010-10-26,67.44000244140625
2010-10-27,66.8499984741211
2010-10-28,67.2300033569336
2010-10-29,67.12000274658203
2010-11-01,67.0
2010-11-02,67.6500015258789
2010-11-03,66.8499984741211
2010-11-04,68.06999969482422
2010-11-05,67.87000274658203
2010-11-08,67.81999969482422
2010-11-09,68.30999755859375
2010-11-10,67.3499984741211
2010-11-11,66.98999786376953
2010-11-12,66.80999755859375
2010-11-15,67.51000213623047
2010-11-16,65.8499984741211
2010-11-17,66.37999725341797
2010-11-18,67.66000366210938
2010-11-19,67.45999908447266
2010-11-22,66.62000274658203
2010-11-23,64.91000366210938
2010-11-24,65.33000183105469
2010-11-25,65.5
2010-11-26,64.83999633789062
2010-11-29,63.209999084472656
2010-11-30,62.77000045776367
2010-12-01,64.52999877929688
2010-12-02,65.94999694824219
2010-12-03,65.91999816894531
2010-12-06,65.58999633789062
2010-12-07,66.48999786376953
2010-12-08,66.80999755859375
2010-12-09,67.37000274658203
2010-12-10,67.29000091552734
2010-12-13,67.72000122070312
2010-12-14,67.97000122070312
2010-12-15,67.44000244140625
2010-12-16,67.51000213623047
2010-12-17,66.81999969482422
2010-12-20,67.33000183105469
2010-12-21,68.29000091552734
2010-12-22,68.01000213623047
2010-12-23,67.9000015258789
2010-12-27,66.9000015258789
2010-12-28,66.94999694824219
2010-12-29,67.37000274658203
2010-12-30,66.62999725341797
2011-01-03,67.4000015258789
2011-01-04,67.41999816894531
2011-01-05,67.18000030517578
2011-01-06,67.23999786376953
2011-01-07,66.37999725341797
2011-01-10,65.51000213623047
2011-01-11,66.30999755859375
2011-01-12,68.26000213623047
2011-01-13,69.18000030517578
2011-01-14,69.25
2011-01-17,69.08000183105469
2011-01-18,69.91999816894531
2011-01-19,69.4800033569336
2011-01-20,69.52999877929688
2011-01-21,70.52999877929688
2011-01-24,70.75
2011-01-25,70.2300033569336
2011-01-26,70.5
2011-01-27,71.02999877929688
2011-01-28,70.11000061035156
2011-01-31,70.2300033569336
2011-02-01,71.38999938964844
2011-02-02,71.52999877929688
2011-02-03,71.16999816894531
2011-02-04,71.36000061035156
2011-02-07,72.02999877929688
2011-02-08,72.2699966430664
2011-02-09,71.95999908447266
2011-02-10,71.88999938964844
2011-02-11,71.83999633789062
2011-02-14,71.75
2011-02-15,71.9800033569336
2011-02-16,72.72000122070312
2011-02-17,72.79000091552734
2011-02-18,72.93000030517578
2011-02-21,71.63999938964844
2011-02-22,70.8499984741211
2011-02-23,70.25
2011-02-24,70.05999755859375
2011-02-25,70.91000366210938
2011-02-28,70.68000030517578
2011-03-01,70.88999938964844
2011-03-02,70.27999877929688
2011-03-03,70.4800033569336
2011-03-04,70.91999816894531
2011-03-07,69.62999725341797
2011-03-08,69.94999694824219
2011-03-09,69.7300033569336
2011-03-10,69.06999969482422
2011-03-11,68.5
2011-03-14,68.55000305175781
2011-03-15,66.08000183105469
2011-03-16,64.62000274658203
2011-03-17,66.23999786376953
2011-03-18,66.37999725341797
2011-03-21,68.0199966430664
2011-03-22,67.79000091552734
2011-03-23,68.08999633789062
2011-03-24,69.1500015258789
2011-03-25,69.12000274658203
2011-03-28,69.20999908447266
2011-03-29,69.12999725341797
2011-03-30,69.76000213623047
2011-03-31,69.13999938964844
2011-04-01,70.41999816894531
2011-04-04,70.30000305175781
2011-04-05,70.18000030517578
2011-04-06,70.62999725341797
2011-04-07,70.38999938964844
2011-04-08,70.94000244140625
2011-04-11,70.72000122070312
2011-04-12,70.72000122070312
2011-04-13,70.11000061035156
2011-04-14,69.30999755859375
2011-04-15,69.43000030517578
2011-04-18,69.43000030517578
2011-04-19,68.01000213623047
2011-04-20,68.01000213623047
2011-04-21,69.95999908447266
2011-04-26,70.47000122070312
2011-04-27,70.94999694824219
2011-04-28,71.75
2011-04-29,71.87000274658203
2011-05-02,71.88999938964844
2011-05-03,71.75
2011-05-04,71.75
2011-05-05,70.19999694824219
2011-05-06,70.88999938964844
2011-05-09,70.88999938964844
2011-05-10,70.70999908447266
2011-05-11,70.83999633789062
2011-05-12,70.18000030517578
2011-05-13,69.83000183105469
2011-05-16,69.56999969482422
2011-05-17,68.83000183105469
2011-05-18,69.23999786376953
2011-05-19,69.80000305175781
2011-05-20,69.11000061035156
2011-05-23,67.73999786376953
2011-05-24,67.94999694824219
2011-05-25,68.3499984741211
2011-05-26,67.98999786376953
2011-05-27,68.43000030517578
2011-05-30,68.33000183105469
2011-05-31,68.33000183105469
2011-06-01,68.62999725341797
2011-06-02,67.62000274658203
2011-06-03,67.69999694824219
2011-06-06,67.23999786376953
2011-06-07,67.33999633789062
2011-06-08,66.86000061035156
2011-06-09,67.48999786376953
2011-06-10,66.47000122070312
2011-06-13,66.45999908447266
2011-06-14,66.45999908447266
2011-06-15,66.41000366210938
2011-06-16,66.37999725341797
2011-06-17,67.3499984741211
2011-06-20,66.83999633789062
2011-06-21,68.18000030517578
2011-06-22,68.08000183105469
2011-06-23,66.48999786376953
2011-06-24,66.1500015258789
2011-06-27,66.29000091552734
2011-06-28,66.95999908447266
2011-06-29,68.25
2011-06-30,69.4000015258789
2011-07-01,70.0
2011-07-04,69.86000061035156
2011-07-05,69.5199966430664
2011-07-06,69.05000305175781
2011-07-07,69.2699966430664
2011-07-08,69.2699966430664
2011-07-11,69.2699966430664
2011-07-12,65.58000183105469
2011-07-13,66.19999694824219
2011-07-14,65.63999938964844
2011-07-15,65.20999908447266
2011-07-18,63.869998931884766
2011-07-19,64.6500015258789
2011-07-20,65.9000015258789
2011-07-21,65.37999725341797
2011-07-22,65.37999725341797
2011-07-25,66.93000030517578
2011-07-26,66.76000213623047
2011-07-27,65.5199966430664
2011-07-28,65.61000061035156
2011-07-29,65.02999877929688
2011-08-01,65.2699966430664
2011-08-02,65.2699966430664
2011-08-03,60.93000030517578
2011-08-04,60.22999954223633
2011-08-05,60.22999954223633
2011-08-08,60.22999954223633
2011-08-09,55.9900016784668
2011-08-10,52.31999969482422
2011-08-11,53.81999969482422
2011-08-12,56.33000183105469
2011-08-15,56.70000076293945
2011-08-16,56.72999954223633
2011-08-17,56.790000915527344
2011-08-18,54.099998474121094
2011-08-19,52.619998931884766
2011-08-22,53.2400016784668
2011-08-23,53.810001373291016
2011-08-24,54.619998931884766
2011-08-25,54.09000015258789
2011-08-26,53.459999084472656
2011-08-29,54.63999938964844
2011-08-30,54.650001525878906
2011-08-31,56.40999984741211
2011-09-01,56.25
2011-09-02,54.29999923706055
2011-09-05,54.29999923706055
2011-09-06,50.970001220703125
2011-09-07,52.470001220703125
2011-09-08,52.88999938964844
2011-09-09,52.88999938964844
2011-09-12,52.88999938964844
2011-09-13,48.0
2011-09-14,48.0
2011-09-15,52.65999984741211
2011-09-16,52.630001068115234
2011-09-19,51.310001373291016
2011-09-20,52.33000183105469
2011-09-21,51.459999084472656
2011-09-22,51.459999084472656
2011-09-23,49.41999816894531
2011-09-26,50.91999816894531
2011-09-27,53.63999938964844
2011-09-28,53.27000045776367
2011-09-29,54.18000030517578
2011-09-30,53.400001525878906
2011-10-04,51.09000015258789
2011-10-05,53.25
2011-10-06,54.959999084472656
2011-10-07,55.4900016784668
2011-10-10,56.83000183105469
2011-10-11,56.66999816894531
2011-10-12,58.02000045776367
2011-10-13,57.18000030517578
2011-10-14,57.630001068115234
2011-10-17,56.709999084472656
2011-10-18,56.540000915527344
2011-10-19,57.029998779296875
2011-10-20,55.630001068115234
2011-10-21,57.20000076293945
2011-10-24,58.02000045776367
2011-10-25,57.439998626708984
2011-10-26,57.130001068115234
2011-10-27,60.720001220703125
2011-10-28,60.310001373291016
2011-10-31,58.40999984741211
2011-11-01,55.31999969482422
2011-11-02,56.0
2011-11-03,57.439998626708984
2011-11-04,55.93000030517578
2011-11-07,55.83000183105469
2011-11-08,56.41999816894531
2011-11-09,55.13999938964844
2011-11-10,55.380001068115234
2011-11-11,57.0099983215332
2011-11-14,56.099998474121094
2011-11-15,55.2599983215332
2011-11-16,55.61000061035156
2011-11-17,54.959999084472656
2011-11-18,54.86000061035156
2011-11-21,53.0
2011-11-22,52.47999954223633
2011-11-23,51.47999954223633
2011-11-24,51.279998779296875
2011-11-25,51.689998626708984
2011-11-28,54.4900016784668
2011-11-29,54.91999816894531
2011-11-30,57.27000045776367
2011-12-01,56.779998779296875
2011-12-02,57.5099983215332
2011-12-05,58.220001220703125
2011-12-06,57.869998931884766
2011-12-07,57.619998931884766
2011-12-08,56.16999816894531
2011-12-09,57.47999954223633
2011-12-12,55.77799987792969
2011-12-13,55.564998626708984
2011-12-14,54.198001861572266
2011-12-15,54.65800094604492
2011-12-16,54.073001861572266
2011-12-19,54.119998931884766
2011-12-20,55.595001220703125
2011-12-21,55.12799835205078
2011-12-22,55.89500045776367
2011-12-23,56.290000915527344
2011-12-27,56.31800079345703
2011-12-28,55.42300033569336
2011-12-29,56.44499969482422
2011-12-30,56.584999084472656
2012-01-02,58.21799850463867
2012-01-03,58.757999420166016
2012-01-04,57.81999969482422
2012-01-05,56.952999114990234
2012-01-06,56.46500015258789
2012-01-09,56.150001525878906
2012-01-10,57.69499969482422
2012-01-11,57.53300094604492
2012-01-12,57.73500061035156
2012-01-13,57.459999084472656
2012-01-16,58.09000015258789
2012-01-17,58.974998474121094
2012-01-18,58.82500076293945
2012-01-19,59.900001525878906
2012-01-20,59.755001068115234
2012-01-23,60.08300018310547
2012-01-24,59.85300064086914
2012-01-25,59.69499969482422
2012-01-26,60.66299819946289
2012-01-27,60.07500076293945
2012-01-30,59.33300018310547
2012-01-31,59.58300018310547
2012-02-01,60.904998779296875
2012-02-02,61.07500076293945
2012-02-03,61.9630012512207
2012-02-06,61.792999267578125
2012-02-07,62.01499938964844
2012-02-08,61.9379997253418
2012-02-09,62.22999954223633
2012-02-10,61.15999984741211
2012-02-13,61.37799835205078
2012-02-14,61.30799865722656
2012-02-15,61.45000076293945
2012-02-16,61.37799835205078
2012-02-17,62.11800003051758
2012-02-20,62.8849983215332
2012-02-21,62.63800048828125
2012-02-22,61.994998931884766
2012-02-23,61.827999114990234
2012-02-24,62.27299880981445
2012-02-27,61.95500183105469
2012-02-28,62.18299865722656
2012-02-29,61.90299987792969
2012-03-01,62.8380012512207
2012-03-02,62.7400016784668
2012-03-05,62.349998474121094
2012-03-06,60.2400016784668
2012-03-07,60.69499969482422
2012-03-08,62.0099983215332
2012-03-09,62.03499984741211
2012-03-12,61.98500061035156
2012-03-13,63.04999923706055
2012-03-14,63.487998962402344
2012-03-15,63.9630012512207
2012-03-16,64.27999877929688
2012-03-19,64.35800170898438
2012-03-20,63.525001525878906
2012-03-21,63.30500030517578
2012-03-22,62.45000076293945
2012-03-23,62.21500015258789
2012-03-26,62.66299819946289
2012-03-27,62.27799987792969
2012-03-28,61.55799865722656
2012-03-29,60.50299835205078
2012-03-30,61.143001556396484
2012-04-02,61.66999816894531
2012-04-03,60.64799880981445
2012-04-04,59.165000915527344
2012-04-05,59.018001556396484
2012-04-10,57.257999420166016
2012-04-11,57.779998779296875
2012-04-12,58.005001068115234
2012-04-13,56.685001373291016
2012-04-16,56.90800094604492
2012-04-17,58.55799865722656
2012-04-18,57.540000915527344
2012-04-19,56.50299835205078
2012-04-20,57.27299880981445
2012-04-23,55.62799835205078
2012-04-24,56.525001525878906
2012-04-25,57.53300094604492
2012-04-26,57.599998474121094
2012-04-27,58.17300033569336
2012-04-30,57.358001708984375
2012-05-02,57.018001556396484
2012-05-03,56.904998779296875
2012-05-04,56.12799835205078
2012-05-07,57.007999420166016
2012-05-08,55.86000061035156
2012-05-09,55.667999267578125
2012-05-10,56.36800003051758
2012-05-11,56.597999572753906
2012-05-14,55.303001403808594
2012-05-15,54.80799865722656
2012-05-16,54.6349983215332
2012-05-17,53.89799880981445
2012-05-18,53.94300079345703
2012-05-21,54.279998779296875
2012-05-22,55.369998931884766
2012-05-23,53.880001068115234
2012-05-24,54.43000030517578
2012-05-25,54.6879997253418
2012-05-28,54.30500030517578
2012-05-29,54.60499954223633
2012-05-30,53.70800018310547
2012-05-31,53.584999084472656
2012-06-01,52.52299880981445
2012-06-04,52.69499969482422
2012-06-05,52.917999267578125
2012-06-06,54.17499923706055
2012-06-07,54.35499954223633
2012-06-08,54.43000030517578
2012-06-11,54.292999267578125
2012-06-12,54.40999984741211
2012-06-13,54.42499923706055
2012-06-14,54.5629997253418
2012-06-15,55.33300018310547
2012-06-18,54.82500076293945
2012-06-19,55.880001068115234
2012-06-20,56.14799880981445
2012-06-21,55.93299865722656
2012-06-22,55.654998779296875
2012-06-25,54.222999572753906
2012-06-26,54.19499969482422
2012-06-27,55.16999816894531
2012-06-28,54.9900016784668
2012-06-29,57.67300033569336
2012-07-02,58.38800048828125
2012-07-03,59.05500030517578
2012-07-04,58.893001556396484
2012-07-05,58.17300033569336
2012-07-06,56.904998779296875
2012-07-09,56.709999084472656
2012-07-10,57.132999420166016
2012-07-11,57.279998779296875
2012-07-12,56.755001068115234
2012-07-13,57.55500030517578
2012-07-16,57.41299819946289
2012-07-17,57.40999984741211
2012-07-18,58.279998779296875
2012-07-19,58.74800109863281
2012-07-20,57.1150016784668
2012-07-23,55.58300018310547
2012-07-24,54.849998474121094
2012-07-25,55.02000045776367
2012-07-26,57.3129997253418
2012-07-27,58.6150016784668
2012-07-30,59.59299850463867
2012-07-31,59.32500076293945
2012-08-01,59.52799987792969
2012-08-02,57.720001220703125
2012-08-03,60.435001373291016
2012-08-06,61.14500045776367
2012-08-07,62.25
2012-08-08,62.10499954223633
2012-08-09,62.1879997253418
2012-08-10,61.803001403808594
2012-08-13,61.625
2012-08-14,62.0
2012-08-15,62.040000915527344
2012-08-16,62.70500183105469
2012-08-17,63.04499816894531
2012-08-20,62.9379997253418
2012-08-21,63.4379997253418
2012-08-22,62.553001403808594
2012-08-23,61.89500045776367
2012-08-24,62.06999969482422
2012-08-27,62.7599983215332
2012-08-28,62.27299880981445
2012-08-29,62.064998626708984
2012-08-30,61.33300018310547
2012-08-31,62.1879997253418
2012-09-03,62.95000076293945
2012-09-04,62.14500045776367
2012-09-05,62.209999084472656
2012-09-06,64.37000274658203
2012-09-07,64.75499725341797
2012-09-10,64.45500183105469
2012-09-11,65.27799987792969
2012-09-12,65.44000244140625
2012-09-13,64.76499938964844
2012-09-14,66.1449966430664
2012-09-17,65.89299774169922
2012-09-18,65.20500183105469
2012-09-19,65.52999877929688
2012-09-20,65.16799926757812
2012-09-21,65.76799774169922
2012-09-24,65.37000274658203
2012-09-25,65.71800231933594
2012-09-26,63.939998626708984
2012-09-27,64.12000274658203
2012-09-28,62.779998779296875
2012-10-01,63.970001220703125
2012-10-02,63.779998779296875
2012-10-04,63.65299987792969
2012-10-05,64.79299926757812
2012-10-08,63.85499954223633
2012-10-09,63.24300003051758
2012-10-10,62.86800003051758
2012-10-11,63.66999816894531
2012-10-12,63.27299880981445
2012-10-15,63.665000915527344
2012-10-16,65.197998046875
2012-10-17,65.8280029296875
2012-10-18,66.00299835205078
2012-10-19,65.16799926757812
2012-10-22,64.8949966430664
2012-10-23,63.505001068115234
2012-10-24,63.77299880981445
2012-10-25,63.612998962402344
2012-10-26,63.970001220703125
2012-10-29,63.53799819946289
2012-10-30,64.48300170898438
2012-10-31,64.08799743652344
2012-11-01,64.94499969482422
2012-11-02,65.27999877929688
2012-11-05,64.55500030517578
2012-11-06,65.02300262451172
2012-11-07,63.584999084472656
2012-11-08,63.494998931884766
2012-11-09,63.5099983215332
2012-11-12,63.43000030517578
2012-11-13,63.78499984741211
2012-11-14,63.292999267578125
2012-11-15,63.073001861572266
2012-11-16,62.2400016784668
2012-11-19,63.948001861572266
2012-11-20,64.34500122070312
2012-11-21,64.48999786376953
2012-11-22,64.95800018310547
2012-11-23,65.5
2012-11-26,65.197998046875
2012-11-27,65.16999816894531
2012-11-28,65.27999877929688
2012-11-29,66.13999938964844
2012-11-30,66.05000305175781
2012-12-03,66.18299865722656
2012-12-04,66.47000122070312
2012-12-05,66.48999786376953
2012-12-06,66.8280029296875
2012-12-07,66.66500091552734
2012-12-10,66.5780029296875
2012-12-11,67.2750015258789
2012-12-12,67.43000030517578
2012-12-13,67.4229965209961
2012-12-14,67.4229965209961
2012-12-17,67.4749984741211
2012-12-18,67.83999633789062
2012-12-19,68.13300323486328
2012-12-20,68.19000244140625
2012-12-21,67.97799682617188
2012-12-27,68.27300262451172
2012-12-28,67.50299835205078
2013-01-02,69.49800109863281
2013-01-03,69.3280029296875
2013-01-04,69.63500213623047
2013-01-07,69.15499877929688
2013-01-08,69.11799621582031
2013-01-09,69.51499938964844
2013-01-10,69.58000183105469
2013-01-11,69.8479995727539
2013-01-14,69.73300170898438
2013-01-15,69.45500183105469
2013-01-16,69.4530029296875
2013-01-17,69.8479995727539
2013-01-18,69.625
2013-01-21,70.08999633789062
2013-01-22,69.7979965209961
2013-01-23,69.62000274658203
2013-01-24,70.03500366210938
2013-01-25,70.6050033569336
2013-01-28,70.64299774169922
2013-01-29,70.7300033569336
2013-01-30,70.3550033569336
2013-01-31,69.60800170898438
2013-02-01,69.73999786376953
2013-02-04,67.53299713134766
2013-02-05,68.19300079345703
2013-02-06,67.33799743652344
2013-02-07,66.76300048828125
2013-02-08,67.66300201416016
2013-02-11,67.50299835205078
2013-02-12,68.18000030517578
2013-02-13,68.36299896240234
2013-02-14,67.81800079345703
2013-02-15,67.20800018310547
2013-02-18,67.40799713134766
2013-02-19,68.51799774169922
2013-02-20,67.90299987792969
2013-02-21,66.48500061035156
2013-02-22,67.75499725341797
2013-02-25,68.13500213623047
2013-02-26,66.16999816894531
2013-02-27,67.27300262451172
2013-02-28,67.75800323486328
2013-03-01,67.36799621582031
2013-03-04,67.4280014038086
2013-03-05,68.97799682617188
2013-03-06,68.9729995727539
2013-03-07,69.23999786376953
2013-03-08,70.19499969482422
2013-03-11,69.91799926757812
2013-03-12,69.71499633789062
2013-03-13,69.66999816894531
2013-03-14,70.58300018310547
2013-03-15,70.17500305175781
2013-03-18,69.68299865722656
2013-03-19,68.83300018310547
2013-03-20,69.697998046875
2013-03-21,69.0999984741211
2013-03-22,69.05799865722656
2013-03-25,68.19300079345703
2013-03-26,67.99299621582031
2013-03-27,67.28500366210938
2013-03-28,67.49800109863281
2013-04-02,68.87799835205078
2013-04-03,67.93800354003906
2013-04-04,67.43299865722656
2013-04-05,66.56999969482422
2013-04-08,66.66500091552734
2013-04-09,66.79299926757812
2013-04-10,68.49800109863281
2013-04-11,68.98799896240234
2013-04-12,67.99800109863281
2013-04-15,67.78299713134766
2013-04-16,67.33799743652344
2013-04-17,65.93000030517578
2013-04-18,65.9729995727539
2013-04-19,66.5250015258789
2013-04-22,66.74299621582031
2013-04-23,68.76300048828125
2013-04-24,69.77799987792969
2013-04-25,69.88800048828125
2013-04-26,69.4280014038086
2013-04-29,70.4729995727539
2013-04-30,70.29499816894531
2013-05-02,70.54299926757812
2013-05-03,71.78500366210938
2013-05-06,71.5479965209961
2013-05-07,72.05000305175781
2013-05-08,72.61499786376953
2013-05-09,72.53500366210938
2013-05-10,72.7249984741211
2013-05-13,72.58799743652344
2013-05-14,73.06500244140625
2013-05-15,73.38800048828125
2013-05-16,73.39800262451172
2013-05-17,73.7979965209961
2013-05-20,74.08000183105469
2013-05-21,73.947998046875
2013-05-22,74.34500122070312
2013-05-23,72.87300109863281
2013-05-24,72.6500015258789
2013-05-27,73.33999633789062
2013-05-28,74.39299774169922
2013-05-29,73.24500274658203
2013-05-30,73.52799987792969
2013-05-31,72.79299926757812
2013-06-03,72.20500183105469
2013-06-04,72.375
2013-06-05,71.2249984741211
2013-06-06,70.32499694824219
2013-06-07,71.55999755859375
2013-06-10,71.46499633789062
2013-06-11,70.5250015258789
2013-06-12,70.16500091552734
2013-06-13,69.89800262451172
2013-06-14,70.11499786376953
2013-06-17,71.02999877929688
2013-06-18,71.04000091552734
2013-06-19,70.58000183105469
2013-06-20,68.03800201416016
2013-06-21,66.99299621582031
2013-06-24,66.18499755859375
2013-06-25,67.01300048828125
2013-06-26,68.4280014038086
2013-06-27,68.96299743652344
2013-06-28,68.36799621582031
2013-07-01,69.00800323486328
2013-07-02,68.50299835205078
2013-07-03,67.71299743652344
2013-07-04,69.6729965209961
2013-07-05,68.35800170898438
2013-07-08,69.72799682617188
2013-07-09,70.13500213623047
2013-07-10,70.09500122070312
2013-07-11,70.66000366210938
2013-07-12,70.3949966430664
2013-07-15,70.79499816894531
2013-07-16,70.19999694824219
2013-07-17,70.57499694824219
2013-07-18,71.58499908447266
2013-07-19,71.55500030517578
2013-07-22,71.81999969482422
2013-07-23,71.76000213623047
2013-07-24,72.5250015258789
2013-07-25,72.25499725341797
2013-07-26,72.28299713134766
2013-07-29,72.25499725341797
2013-07-30,72.72000122070312
2013-07-31,72.95800018310547
2013-08-01,73.97799682617188
2013-08-02,74.12300109863281
2013-08-05,74.01300048828125
2013-08-06,73.5479965209961
2013-08-07,73.61299896240234
2013-08-08,74.23799896240234
2013-08-09,74.4280014038086
2013-08-12,74.48300170898438
2013-08-13,74.91799926757812
2013-08-14,75.15799713134766
2013-08-15,74.72799682617188
2013-08-16,75.21800231933594
2013-08-19,74.447998046875
2013-08-20,73.50800323486328
2013-08-21,73.12000274658203
2013-08-22,74.0979995727539
2013-08-23,74.46800231933594
2013-08-26,74.34300231933594
2013-08-27,72.48999786376953
2013-08-28,72.23999786376953
2013-08-29,72.67500305175781
2013-08-30,71.76300048828125
2013-09-02,73.08300018310547
2013-09-03,72.5250015258789
2013-09-04,72.69499969482422
2013-09-05,73.16000366210938
2013-09-06,73.85800170898438
2013-09-09,73.71800231933594
2013-09-10,75.13800048828125
2013-09-11,75.447998046875
2013-09-12,75.36299896240234
2013-09-13,75.59300231933594
2013-09-16,76.29299926757812
2013-09-17,76.18800354003906
2013-09-18,76.69999694824219
2013-09-19,77.33499908447266
2013-09-20,77.29499816894531
2013-09-23,76.77999877929688
2013-09-24,77.20999908447266
2013-09-25,77.33499908447266
2013-09-26,77.20999908447266
2013-09-27,77.16000366210938
2013-09-30,76.49299621582031
2013-10-01,77.5199966430664
2013-10-02,77.125
2013-10-04,77.31999969482422
2013-10-07,77.23999786376953
2013-10-08,76.68800354003906
2013-10-09,76.71800231933594
2013-10-10,78.44999694824219
2013-10-11,78.62799835205078
2013-10-14,78.66500091552734
2013-10-15,79.36000061035156
2013-10-16,79.74500274658203
2013-10-17,79.63999938964844
2013-10-18,80.19300079345703
2013-10-21,80.13800048828125
2013-10-22,80.52799987792969
2013-10-23,79.80500030517578
2013-10-24,80.3479995727539
2013-10-25,80.27300262451172
2013-10-28,79.93499755859375
2013-10-29,80.65299987792969
2013-10-30,80.4280014038086
2013-10-31,81.10800170898438
2013-11-01,80.72799682617188
2013-11-04,81.00800323486328
2013-11-05,80.322998046875
2013-11-06,80.87799835205078
2013-11-07,80.52300262451172
2013-11-08,80.3030014038086
2013-11-11,80.8280029296875
2013-11-12,80.3030014038086
2013-11-13,79.93499755859375
2013-11-14,80.75800323486328
2013-11-15,80.90299987792969
2013-11-18,81.48300170898438
2013-11-19,80.73300170898438
2013-11-20,80.79000091552734
2013-11-21,80.5780029296875
2013-11-22,80.91799926757812
2013-11-25,81.3280029296875
2013-11-26,81.10800170898438
2013-11-27,81.61299896240234
2013-11-28,81.85800170898438
2013-11-29,81.7030029296875
2013-12-02,81.50800323486328
2013-12-03,79.83000183105469
2013-12-04,79.1729965209961
2013-12-05,78.19300079345703
2013-12-06,78.9800033569336
2013-12-09,79.13999938964844
2013-12-10,78.41000366210938
2013-12-11,78.0
2013-12-12,77.43499755859375
2013-12-13,77.3550033569336
2013-12-16,78.90499877929688
2013-12-17,77.92500305175781
2013-12-18,78.80999755859375
2013-12-19,80.28800201416016
2013-12-20,80.84300231933594
2013-12-23,81.37799835205078
2013-12-27,82.4280014038086
2013-12-30,82.23300170898438
2014-01-02,80.98799896240234
2014-01-03,81.46299743652344
2014-01-06,81.25800323486328
2014-01-07,82.39800262451172
2014-01-08,82.41300201416016
2014-01-09,82.11299896240234
2014-01-10,82.46299743652344
2014-01-13,82.71800231933594
2014-01-14,82.83799743652344
2014-01-15,84.16500091552734
2014-01-16,83.76000213623047
2014-01-17,83.8949966430664
2014-01-20,83.88999938964844
2014-01-21,83.8499984741211
2014-01-22,83.78500366210938
2014-01-23,82.93800354003906
2014-01-24,80.53800201416016
2014-01-27,80.0780029296875
2014-01-28,80.72799682617188
2014-01-29,80.18299865722656
2014-01-30,80.60800170898438
2014-01-31,80.27300262451172
2014-02-03,78.84500122070312
2014-02-04,78.98500061035156
2014-02-05,78.91000366210938
2014-02-06,80.25299835205078
2014-02-07,80.92500305175781
2014-02-10,80.75800323486328
2014-02-11,81.89800262451172
2014-02-12,82.44000244140625
2014-02-13,82.48799896240234
2014-02-14,83.06800079345703
2014-02-17,83.12799835205078
2014-02-18,83.0780029296875
2014-02-19,83.12799835205078
2014-02-20,83.1729965209961
2014-02-21,83.45500183105469
2014-02-24,84.05000305175781
2014-02-25,84.13500213623047
2014-02-26,83.875
2014-02-27,83.50499725341797
2014-02-28,83.8499984741211
2014-03-03,81.3280029296875
2014-03-04,83.51499938964844
2014-03-05,83.4800033569336
2014-03-06,83.7300033569336
2014-03-07,82.5199966430664
2014-03-10,82.3280029296875
2014-03-11,82.35800170898438
2014-03-12,81.70800018310547
2014-03-13,80.39800262451172
2014-03-14,80.05999755859375
2014-03-17,81.23300170898438
2014-03-18,81.84300231933594
2014-03-19,81.90799713134766
2014-03-20,82.31300354003906
2014-03-21,82.50299835205078
2014-03-24,81.38300323486328
2014-03-25,82.53800201416016
2014-03-26,83.45999908447266
2014-03-27,83.61000061035156
2014-03-28,84.58000183105469
2014-03-31,84.30500030517578
2014-04-01,84.98999786376953
2014-04-02,84.99500274658203
2014-04-03,85.56999969482422
2014-04-04,86.17500305175781
2014-04-07,85.05999755859375
2014-04-08,84.73500061035156
2014-04-09,84.88999938964844
2014-04-10,84.18000030517578
2014-04-11,83.19300079345703
2014-04-14,83.72000122070312
2014-04-15,82.68800354003906
2014-04-16,83.86499786376953
2014-04-17,84.31500244140625
2014-04-22,85.56999969482422
2014-04-23,85.0
2014-04-24,85.27300262451172
2014-04-25,84.23999786376953
2014-04-28,84.69999694824219
2014-04-29,85.81500244140625
2014-04-30,85.7300033569336
2014-05-02,85.31999969482422
2014-05-05,85.24500274658203
2014-05-06,84.7249984741211
2014-05-07,85.12000274658203
2014-05-08,86.37999725341797
2014-05-09,85.91999816894531
2014-05-12,86.62999725341797
2014-05-13,86.7979965209961
2014-05-14,86.83300018310547
2014-05-15,85.53500366210938
2014-05-16,85.90499877929688
2014-05-19,85.9800033569336
2014-05-20,85.87000274658203
2014-05-21,86.51499938964844
2014-05-22,86.625
2014-05-23,86.96299743652344
2014-05-26,88.05799865722656
2014-05-27,88.11299896240234
2014-05-28,88.31800079345703
2014-05-29,88.23799896240234
2014-05-30,88.27300262451172
2014-06-02,88.38800048828125
2014-06-03,88.28299713134766
2014-06-04,88.16300201416016
2014-06-05,88.93499755859375
2014-06-06,89.7030029296875
2014-06-09,90.15299987792969
2014-06-10,90.23799896240234
2014-06-11,89.59300231933594
2014-06-12,89.46800231933594
2014-06-13,89.43800354003906
2014-06-16,88.81300354003906
2014-06-17,89.23799896240234
2014-06-18,89.34300231933594
2014-06-19,90.37000274658203
2014-06-20,90.01300048828125
2014-06-23,89.4229965209961
2014-06-24,89.5530014038086
2014-06-25,88.69300079345703
2014-06-26,88.23300170898438
2014-06-27,88.01799774169922
2014-06-30,88.06800079345703
2014-07-01,88.822998046875
2014-07-02,88.73799896240234
2014-07-03,89.79299926757812
2014-07-04,89.26300048828125
2014-07-07,88.19999694824219
2014-07-08,86.93299865722656
2014-07-09,87.40299987792969
2014-07-10,86.00299835205078
2014-07-11,86.12000274658203
2014-07-14,86.93800354003906
2014-07-15,86.15499877929688
2014-07-16,87.45800018310547
2014-07-17,86.3499984741211
2014-07-18,86.48999786376953
2014-07-21,85.81999969482422
2014-07-22,87.1050033569336
2014-07-23,87.20800018310547
2014-07-24,87.93800354003906
2014-07-25,86.76000213623047
2014-07-28,86.66500091552734
2014-07-29,87.08799743652344
2014-07-30,86.57499694824219
2014-07-31,85.0979995727539
2014-08-01,83.947998046875
2014-08-04,83.79000091552734
2014-08-05,83.95999908447266
2014-08-06,83.5199966430664
2014-08-07,82.31999969482422
2014-08-08,82.10299682617188
2014-08-11,83.21299743652344
2014-08-12,82.5780029296875
2014-08-13,83.56500244140625
2014-08-14,83.61299896240234
2014-08-15,82.81999969482422
2014-08-18,83.95999908447266
2014-08-19,84.55000305175781
2014-08-20,84.2750015258789
2014-08-21,85.31999969482422
2014-08-22,84.60800170898438
2014-08-25,86.37999725341797
2014-08-26,87.33999633789062
2014-08-27,87.26000213623047
2014-08-28,86.5199966430664
2014-08-29,86.73799896240234
2014-09-01,86.63800048828125
2014-09-02,86.89299774169922
2014-09-03,87.83000183105469
2014-09-04,89.41500091552734
2014-09-05,89.5199966430664
2014-09-08,89.28500366210938
2014-09-09,88.62000274658203
2014-09-10,88.66000366210938
2014-09-11,88.38999938964844
2014-09-12,88.29000091552734
2014-09-15,88.23500061035156
2014-09-16,88.0
2014-09-17,88.3550033569336
2014-09-18,89.2699966430664
2014-09-19,89.29499816894531
2014-09-22,89.01499938964844
2014-09-23,87.72000122070312
2014-09-24,88.70800018310547
2014-09-25,87.63999938964844
2014-09-26,88.00299835205078
2014-09-29,87.15299987792969
2014-09-30,88.27999877929688
2014-10-01,87.36000061035156
2014-10-02,84.95500183105469
2014-10-06,85.86499786376953
2014-10-07,84.30799865722656
2014-10-08,83.48999786376953
2014-10-09,83.20999908447266
2014-10-10,81.88999938964844
2014-10-13,81.95500183105469
2014-10-14,82.0999984741211
2014-10-15,79.3499984741211
2014-10-16,78.63999938964844
2014-10-17,80.9749984741211
2014-10-20,80.197998046875
2014-10-21,81.90799713134766
2014-10-22,82.41300201416016
2014-10-23,83.33499908447266
2014-10-24,83.0250015258789
2014-10-27,82.18800354003906
2014-10-28,83.1050033569336
2014-10-29,82.93000030517578
2014-10-30,83.13999938964844
2014-10-31,85.34500122070312
2014-11-03,84.44999694824219
2014-11-04,83.11000061035156
2014-11-05,84.5999984741211
2014-11-06,84.93800354003906
2014-11-07,83.8499984741211
2014-11-10,84.875
2014-11-11,85.03299713134766
2014-11-12,83.76000213623047
2014-11-13,83.76300048828125
2014-11-14,83.93499755859375
2014-11-17,84.48300170898438
2014-11-18,85.625
2014-11-19,85.76000213623047
2014-11-20,85.13300323486328
2014-11-21,87.47000122070312
2014-11-24,88.05500030517578
2014-11-25,88.61499786376953
2014-11-26,88.48999786376953
2014-11-27,89.02300262451172
2014-11-28,89.1050033569336
2014-12-01,88.68000030517578
2014-12-02,88.79000091552734
2014-12-03,89.13500213623047
2014-12-04,87.91000366210938
2014-12-05,89.87999725341797
2014-12-08,89.20999908447266
2014-12-09,86.93000030517578
2014-12-10,86.41999816894531
2014-12-11,86.80000305175781
2014-12-12,84.22000122070312
2014-12-15,81.80000305175781
2014-12-16,83.75499725341797
2014-12-17,83.87000274658203
2014-12-18,86.63999938964844
2014-12-19,86.4000015258789
2014-12-22,86.74500274658203
2014-12-23,87.83000183105469
2014-12-29,87.61799621582031
2014-12-30,86.55500030517578
2015-01-02,86.29000091552734
2015-01-05,83.2300033569336
2015-01-06,82.6449966430664
2015-01-07,83.11799621582031
2015-01-08,86.18000030517578
2015-01-09,83.7249984741211
2015-01-12,84.80799865722656
2015-01-13,86.0979995727539
2015-01-14,85.02999877929688
2015-01-15,86.80799865722656
2015-01-16,88.09500122070312
2015-01-19,88.69000244140625
2015-01-20,89.29499816894531
2015-01-21,90.01000213623047
2015-01-22,91.2249984741211
2015-01-23,93.11000061035156
2015-01-26,93.98500061035156
2015-01-27,92.94999694824219
2015-01-28,92.4800033569336
2015-01-29,92.88500213623047
2015-01-30,92.3499984741211
2015-02-02,92.8499984741211
2015-02-03,94.06800079345703
2015-02-04,94.01000213623047
2015-02-05,94.04000091552734
2015-02-06,93.52999877929688
2015-02-09,92.2750015258789
2015-02-10,93.4800033569336
2015-02-11,93.08999633789062
2015-02-12,94.20999908447266
2015-02-13,95.08000183105469
2015-02-16,94.74500274658203
2015-02-17,94.83799743652344
2015-02-18,95.63300323486328
2015-02-19,96.27999877929688
2015-02-20,96.2699966430664
2015-02-23,97.05500030517578
2015-02-24,97.72000122070312
2015-02-25,97.58000183105469
2015-02-26,98.63999938964844
2015-02-27,99.16999816894531
2015-03-02,99.1500015258789
2015-03-03,97.9000015258789
2015-03-04,98.80000305175781
2015-03-05,99.87000274658203
2015-03-06,99.75
2015-03-09,99.63800048828125
2015-03-10,98.45999908447266
2015-03-11,100.6500015258789
2015-03-12,100.44000244140625
2015-03-13,100.94999694824219
2015-03-16,102.0999984741211
2015-03-17,101.25
2015-03-18,101.2249984741211
2015-03-19,101.1500015258789
2015-03-20,102.76000213623047
2015-03-23,102.04000091552734
2015-03-24,102.95500183105469
2015-03-25,101.7750015258789
2015-03-26,101.25
2015-03-27,101.5999984741211
2015-03-30,102.9749984741211
2015-03-31,102.125
2015-04-01,102.75
2015-04-02,102.69000244140625
2015-04-07,104.16799926757812
2015-04-08,103.6500015258789
2015-04-09,104.40499877929688
2015-04-10,105.44999694824219
2015-04-13,105.9000015258789
2015-04-14,104.63999938964844
2015-04-15,105.30000305175781
2015-04-16,103.91999816894531
2015-04-17,101.67500305175781
2015-04-20,102.8550033569336
2015-04-21,103.0
2015-04-22,103.11000061035156
2015-04-23,102.4000015258789
2015-04-24,102.95999908447266
2015-04-27,104.62999725341797
2015-04-28,103.0999984741211
2015-04-29,100.36000061035156
2015-04-30,100.26300048828125
2015-05-04,100.91000366210938
2015-05-05,98.58000183105469
2015-05-06,98.91999816894531
2015-05-07,99.00800323486328
2015-05-08,101.51000213623047
2015-05-11,101.26000213623047
2015-05-12,99.9000015258789
2015-05-13,99.30999755859375
2015-05-14,100.73999786376953
2015-05-15,100.0
2015-05-18,100.70999908447266
2015-05-19,102.91000366210938
2015-05-20,103.30999755859375
2015-05-21,103.54499816894531
2015-05-22,103.24500274658203
2015-05-26,101.8949966430664
2015-05-27,103.46800231933594
2015-05-28,102.6449966430664
2015-05-29,100.38500213623047
2015-06-01,100.56500244140625
2015-06-02,100.27999877929688
2015-06-03,100.83300018310547
2015-06-04,100.06999969482422
2015-06-05,98.64299774169922
2015-06-08,97.72000122070312
2015-06-09,97.28500366210938
2015-06-10,99.20999908447266
2015-06-11,100.2249984741211
2015-06-12,98.6500015258789
2015-06-15,96.88999938964844
2015-06-16,97.19499969482422
2015-06-17,96.51000213623047
2015-06-18,97.22799682617188
2015-06-19,97.44999694824219
2015-06-22,101.55500030517578
2015-06-23,102.28800201416016
2015-06-24,101.84500122070312
2015-06-25,101.78500366210938
2015-06-26,102.16000366210938
2015-06-29,97.87999725341797
2015-06-30,96.80000305175781
2015-07-01,98.4800033569336
2015-07-02,97.62000274658203
2015-07-03,97.19499969482422
2015-07-06,95.04499816894531
2015-07-07,92.95999908447266
2015-07-08,93.80500030517578
2015-07-09,96.41000366210938
2015-07-10,99.53500366210938
2015-07-13,101.24299621582031
2015-07-14,101.81500244140625
2015-07-15,102.25299835205078
2015-07-16,103.76300048828125
2015-07-17,103.66999816894531
2015-07-20,104.1500015258789
2015-07-21,102.8550033569336
2015-07-22,102.70999908447266
2015-07-23,102.38500213623047
2015-07-24,101.48999786376953
2015-07-27,99.05000305175781
2015-07-28,100.20999908447266
2015-07-29,100.78800201416016
2015-07-30,100.97000122070312
2015-07-31,101.5979995727539
2015-08-03,102.6050033569336
2015-08-04,102.29000091552734
2015-08-05,103.63999938964844
2015-08-06,103.48799896240234
2015-08-07,102.72799682617188
2015-08-10,103.82499694824219
2015-08-11,101.83999633789062
2015-08-12,98.36000061035156
2015-08-13,99.43000030517578
2015-08-14,98.66000366210938
2015-08-17,98.75299835205078
2015-08-18,98.79000091552734
2015-08-19,96.73999786376953
2015-08-20,94.70999908447266
2015-08-21,91.52300262451172
2015-08-24,86.83999633789062
2015-08-25,90.94999694824219
2015-08-26,89.50800323486328
2015-08-27,92.87000274658203
2015-08-28,92.7249984741211
2015-08-31,92.30500030517578
2015-09-01,90.12999725341797
2015-09-02,90.18000030517578
2015-09-03,92.29000091552734
2015-09-04,89.65499877929688
2015-09-07,90.3030014038086
2015-09-08,91.25499725341797
2015-09-09,92.3499984741211
2015-09-10,91.01000213623047
2015-09-11,90.01000213623047
2015-09-14,89.67500305175781
2015-09-15,90.72000122070312
2015-09-16,91.91999816894531
2015-09-17,91.93800354003906
2015-09-18,89.06500244140625
2015-09-21,89.99299621582031
2015-09-22,86.93000030517578
2015-09-23,87.04000091552734
2015-09-24,85.2300033569336
2015-09-25,87.94999694824219
2015-09-28,85.94499969482422
2015-09-29,85.58000183105469
2015-09-30,87.5250015258789
2015-10-01,86.79000091552734
2015-10-02,87.36000061035156
2015-10-05,90.20800018310547
2015-10-06,90.9000015258789
2015-10-07,91.1500015258789
2015-10-08,91.29000091552734
2015-10-09,91.8499984741211
2015-10-12,91.87999725341797
2015-10-13,91.11000061035156
2015-10-14,90.31999969482422
2015-10-15,91.56500244140625
2015-10-16,92.33300018310547
2015-10-19,92.5479965209961
2015-10-20,91.98999786376953
2015-10-21,92.58799743652344
2015-10-22,94.80999755859375
2015-10-23,96.8499984741211
2015-10-26,96.62000274658203
2015-10-27,95.66000366210938
2015-10-28,96.74500274658203
2015-10-29,96.4749984741211
2015-10-30,96.65499877929688
2015-11-02,97.16300201416016
2015-11-03,97.51000213623047
2015-11-04,97.24500274658203
2015-11-05,97.54299926757812
2015-11-06,98.04000091552734
2015-11-09,96.69000244140625
2015-11-10,97.0
2015-11-11,97.41999816894531
2015-11-12,95.91000366210938
2015-11-13,95.0
2015-11-16,95.12999725341797
2015-11-17,97.73799896240234
2015-11-18,97.18000030517578
2015-11-19,97.66500091552734
2015-11-20,97.83999633789062
2015-11-23,97.69999694824219
2015-11-24,96.69000244140625
2015-11-25,98.03299713134766
2015-11-26,99.02999877929688
2015-11-27,98.77999877929688
2015-11-30,99.24500274658203
2015-12-01,98.46499633789062
2015-12-02,98.2249984741211
2015-12-03,94.60299682617188
2015-12-04,94.41500091552734
2015-12-07,95.2699966430664
2015-12-08,93.4000015258789
2015-12-09,92.875
2015-12-10,92.58999633789062
2015-12-11,90.75499725341797
2015-12-14,88.93000030517578
2015-12-15,91.83999633789062
2015-12-16,91.94499969482422
2015-12-17,93.76000213623047
2015-12-18,92.38500213623047
2015-12-21,91.1780014038086
2015-12-22,91.26000213623047
2015-12-23,93.25
2015-12-25,93.25
2015-12-28,92.3550033569336
2015-12-29,93.97000122070312
2015-12-30,93.44499969482422
2016-01-04,89.73500061035156
2016-01-05,90.15799713134766
2016-01-06,89.13999938964844
2016-01-07,87.54000091552734
2016-01-08,86.04299926757812
2016-01-11,86.00499725341797
2016-01-12,86.87000274658203
2016-01-13,87.322998046875
2016-01-14,85.78500366210938
2016-01-15,83.70999908447266
2016-01-18,83.25
2016-01-19,84.58999633789062
2016-01-20,81.86000061035156
2016-01-21,83.58499908447266
2016-01-22,85.65499877929688
2016-01-25,85.16999816894531
2016-01-26,85.95999908447266
2016-01-27,86.447998046875
2016-01-28,84.5
2016-01-29,86.27999877929688
2016-02-01,85.86000061035156
2016-02-02,83.93000030517578
2016-02-03,82.31500244140625
2016-02-04,82.6500015258789
2016-02-05,81.86499786376953
2016-02-08,79.18000030517578
2016-02-09,77.63500213623047
2016-02-10,79.12000274658203
2016-02-11,76.31999969482422
2016-02-12,78.22000122070312
2016-02-15,80.43499755859375
2016-02-16,80.16300201416016
2016-02-17,82.11000061035156
2016-02-18,82.2750015258789
2016-02-19,81.54499816894531
2016-02-22,83.33999633789062
2016-02-23,82.05000305175781
2016-02-24,80.17500305175781
2016-02-25,81.6500015258789
2016-02-26,83.1500015258789
2016-02-29,83.76499938964844
2016-03-01,85.20500183105469
2016-03-02,85.80999755859375
2016-03-03,85.45999908447266
2016-03-04,86.33499908447266
2016-03-07,85.93000030517578
2016-03-08,85.31999969482422
2016-03-09,85.66999816894531
2016-03-10,84.37799835205078
2016-03-11,87.26499938964844
2016-03-14,87.90799713134766
2016-03-15,87.1729965209961
2016-03-16,87.12999725341797
2016-03-17,86.47000122070312
2016-03-18,86.93499755859375
2016-03-21,86.58000183105469
2016-03-22,86.69499969482422
2016-03-23,86.61000061035156
2016-03-24,84.94499969482422
2016-03-29,85.38999938964844
2016-03-30,86.4729995727539
2016-03-31,85.51499938964844
2016-04-01,83.95999908447266
2016-04-04,84.30999755859375
2016-04-05,82.21299743652344
2016-04-06,82.76499938964844
2016-04-07,81.8550033569336
2016-04-08,82.7750015258789
2016-04-11,83.18000030517578
2016-04-12,83.7750015258789
2016-04-13,86.56999969482422
2016-04-14,87.2249984741211
2016-04-15,86.93000030517578
2016-04-18,87.33999633789062
2016-04-19,88.71800231933594
2016-04-20,89.56999969482422
2016-04-21,89.81999969482422
2016-04-22,89.61499786376953
2016-04-25,88.91999816894531
2016-04-26,89.1500015258789
2016-04-27,89.41500091552734
2016-04-28,89.30000305175781
2016-04-29,86.6050033569336
2016-05-02,86.90499877929688
2016-05-03,85.3550033569336
2016-05-04,84.3550033569336
2016-05-05,84.68000030517578
2016-05-06,84.66999816894531
2016-05-09,85.13500213623047
2016-05-10,86.01799774169922
2016-05-11,85.42500305175781
2016-05-12,84.7249984741211
2016-05-13,85.33000183105469
2016-05-17,85.02799987792969
2016-05-18,85.65499877929688
2016-05-19,84.52799987792969
2016-05-20,85.87000274658203
2016-05-23,85.1780014038086
2016-05-24,87.34300231933594
2016-05-25,88.9530029296875
2016-05-26,89.27999877929688
2016-05-27,89.55500030517578
2016-05-30,89.7979965209961
2016-05-31,89.01499938964844
2016-06-01,88.2750015258789
2016-06-02,88.30000305175781
2016-06-03,87.30500030517578
2016-06-06,87.4530029296875
2016-06-07,88.57499694824219
2016-06-08,88.02999877929688
2016-06-09,87.16999816894531
2016-06-10,84.88999938964844
2016-06-13,83.15499877929688
2016-06-14,81.61799621582031
2016-06-15,82.50800323486328
2016-06-16,82.23999786376953
2016-06-17,83.05500030517578
2016-06-20,85.9800033569336
2016-06-21,86.67500305175781
2016-06-22,87.00499725341797
2016-06-23,88.75800323486328
2016-06-24,80.99800109863281
2016-06-27,78.73500061035156
2016-06-28,80.58000183105469
2016-06-29,82.63500213623047
2016-06-30,83.61000061035156
2016-07-01,84.16300201416016
2016-07-04,83.62000274658203
2016-07-05,82.16000366210938
2016-07-06,80.83799743652344
2016-07-07,81.2979965209961
2016-07-08,82.94300079345703
2016-07-11,84.26300048828125
2016-07-12,85.73500061035156
2016-07-13,85.45999908447266
2016-07-14,86.63300323486328
2016-07-15,86.48799896240234
2016-07-18,86.20500183105469
2016-07-19,85.66999816894531
2016-07-20,86.63500213623047
2016-07-21,86.67500305175781
2016-07-22,86.81999969482422
2016-07-25,86.83000183105469
2016-07-26,86.98999786376953
2016-07-27,87.58999633789062
2016-07-28,86.75499725341797
2016-07-29,87.40799713134766
2016-08-01,86.76499938964844
2016-08-02,85.0250015258789
2016-08-03,85.00499725341797
2016-08-04,85.70999908447266
2016-08-05,86.94999694824219
2016-08-08,87.25499725341797
2016-08-09,88.49299621582031
2016-08-10,88.30500030517578
2016-08-11,89.20999908447266
2016-08-12,89.05000305175781
2016-08-15,89.12799835205078
2016-08-16,88.27300262451172
2016-08-17,87.1780014038086
2016-08-18,87.66300201416016
2016-08-19,86.87300109863281
2016-08-22,86.65499877929688
2016-08-23,87.57499694824219
2016-08-24,88.06999969482422
2016-08-25,87.5199966430664
2016-08-26,88.11000061035156
2016-08-29,87.7979965209961
2016-08-30,88.7249984741211
2016-08-31,88.45500183105469
2016-09-01,88.37300109863281
2016-09-02,90.15499877929688
2016-09-05,90.1050033569336
2016-09-06,89.8499984741211
2016-09-07,90.43299865722656
2016-09-08,90.17500305175781
2016-09-09,89.33000183105469
2016-09-12,88.09500122070312
2016-09-13,87.0
2016-09-14,86.62799835205078
2016-09-15,86.97000122070312
2016-09-16,85.94000244140625
2016-09-19,86.92500305175781
2016-09-20,86.7699966430664
2016-09-21,87.29499816894531
2016-09-22,89.2750015258789
2016-09-23,88.8499984741211
2016-09-26,87.1780014038086
2016-09-27,87.01000213623047
2016-09-28,87.62999725341797
2016-09-29,87.65799713134766
2016-09-30,87.97000122070312
2016-10-04,88.7750015258789
2016-10-05,88.62799835205078
2016-10-06,88.45999908447266
2016-10-07,87.82499694824219
2016-10-10,88.86000061035156
2016-10-11,88.38999938964844
2016-10-12,88.16300201416016
2016-10-13,87.23999786376953
2016-10-14,88.61299896240234
2016-10-17,88.12300109863281
2016-10-18,89.29000091552734
2016-10-19,89.58300018310547
2016-10-20,90.13300323486328
2016-10-21,90.09500122070312
2016-10-24,90.63500213623047
2016-10-25,90.50499725341797
2016-10-26,90.31500244140625
2016-10-27,90.41300201416016
2016-10-28,90.28800201416016
2016-10-31,89.61000061035156
2016-11-01,88.58000183105469
2016-11-02,87.30500030517578
2016-11-03,87.08499908447266
2016-11-04,86.66500091552734
2016-11-07,88.20800018310547
2016-11-08,88.62799835205078
2016-11-09,89.69000244140625
2016-11-10,89.37000274658203
2016-11-11,88.98500061035156
2016-11-14,89.20500183105469
2016-11-15,89.572998046875
2016-11-16,88.95500183105469
2016-11-17,89.4000015258789
2016-11-18,88.69000244140625
2016-11-21,89.1050033569336
2016-11-22,89.38500213623047
2016-11-23,89.0530014038086
2016-11-24,89.3550033569336
2016-11-25,89.54299926757812
2016-11-28,88.57499694824219
2016-11-29,89.27999877929688
2016-11-30,89.59300231933594
2016-12-01,89.0250015258789
2016-12-02,88.5999984741211
2016-12-05,89.77799987792969
2016-12-06,91.08999633789062
2016-12-07,92.26499938964844
2016-12-08,93.61499786376953
2016-12-09,93.9749984741211
2016-12-12,94.00499725341797
2016-12-13,95.11499786376953
2016-12-14,94.34300231933594
2016-12-15,95.49500274658203
2016-12-16,95.72799682617188
2016-12-19,95.70800018310547
2016-12-20,96.26799774169922
2016-12-21,96.13500213623047
2016-12-22,96.1449966430664
2016-12-23,96.31500244140625
2016-12-27,96.43000030517578
2016-12-28,96.40499877929688
2016-12-29,96.19000244140625
2016-12-30,96.55799865722656
2017-01-02,97.2300033569336
2017-01-03,97.44999694824219
2017-01-04,97.48999786376953
2017-01-05,97.55500030517578
2017-01-06,97.75299835205078
2017-01-09,97.33999633789062
2017-01-10,97.20500183105469
2017-01-11,97.30500030517578
2017-01-12,96.7229995727539
2017-01-13,97.7750015258789
2017-01-16,96.94499969482422
2017-01-17,96.5999984741211
2017-01-18,96.86499786376953
2017-01-19,96.7300033569336
2017-01-20,97.03500366210938
2017-01-23,96.32499694824219
2017-01-24,96.53299713134766
2017-01-25,97.91999816894531
2017-01-26,97.65499877929688
2017-01-27,97.27799987792969
2017-01-30,96.11299896240234
2017-01-31,95.14299774169922
2017-02-01,95.85800170898438
2017-02-02,95.93000030517578
2017-02-03,96.44999694824219
2017-02-06,95.41500091552734
2017-02-07,95.25
2017-02-08,95.3550033569336
2017-02-09,96.53299713134766
2017-02-10,96.4229965209961
2017-02-13,97.4530029296875
2017-02-14,97.5
2017-02-15,97.9530029296875
2017-02-16,97.5979995727539
2017-02-17,97.56500244140625
2017-02-20,97.67500305175781
2017-02-21,98.44300079345703
2017-02-22,98.49299621582031
2017-02-23,98.3280029296875
2017-02-24,97.43800354003906
2017-02-27,97.55799865722656
2017-02-28,97.83499908447266
2017-03-01,99.83999633789062
2017-03-02,99.73999786376953
2017-03-03,100.24500274658203
2017-03-06,99.78500366210938
2017-03-07,99.59500122070312
2017-03-08,99.88500213623047
2017-03-09,100.49800109863281
2017-03-10,100.65499877929688
2017-03-13,100.6729965209961
2017-03-14,100.16000366210938
2017-03-15,100.45800018310547
2017-03-16,101.30999755859375
2017-03-17,101.55500030517578
2017-03-20,101.40499877929688
2017-03-21,101.16999816894531
2017-03-22,100.875
2017-03-23,101.81999969482422
2017-03-24,101.63999938964844
2017-03-27,101.43299865722656
2017-03-28,102.2229995727539
2017-03-29,102.5199966430664
2017-03-30,102.84300231933594
2017-03-31,103.3479995727539
2017-04-03,102.62999725341797
2017-04-04,102.91500091552734
2017-04-05,102.58300018310547
2017-04-06,103.125
2017-04-07,103.33499908447266
2017-04-10,102.87000274658203
2017-04-11,102.57499694824219
2017-04-12,102.43000030517578
2017-04-13,101.93299865722656
2017-04-18,100.73300170898438
2017-04-19,101.19000244140625
2017-04-20,101.66500091552734
2017-04-21,101.66999816894531
2017-04-24,105.84300231933594
2017-04-25,106.08999633789062
2017-04-26,105.9749984741211
2017-04-27,105.5199966430664
2017-04-28,105.48999786376953
2017-05-02,106.16300201416016
2017-05-03,106.57499694824219
2017-05-04,107.8499984741211
2017-05-05,108.90299987792969
2017-05-08,108.55999755859375
2017-05-09,108.72000122070312
2017-05-10,108.65499877929688
2017-05-11,108.11299896240234
2017-05-12,108.63800048828125
2017-05-15,108.86499786376953
2017-05-16,109.11499786376953
2017-05-17,107.33999633789062
2017-05-18,106.69499969482422
2017-05-19,107.44999694824219
2017-05-22,107.25
2017-05-23,107.86799621582031
2017-05-24,107.57499694824219
2017-05-25,107.48300170898438
2017-05-26,107.3479995727539
2017-05-29,107.40299987792969
2017-05-30,106.94999694824219
2017-05-31,106.875
2017-06-01,107.3550033569336
2017-06-02,108.0250015258789
2017-06-05,108.0250015258789
2017-06-06,107.0250015258789
2017-06-07,106.78500366210938
2017-06-08,107.27999877929688
2017-06-09,107.98500061035156
2017-06-12,106.7750015258789
2017-06-13,107.16000366210938
2017-06-14,106.92500305175781
2017-06-15,106.25800323486328
2017-06-16,106.6780014038086
2017-06-19,107.94499969482422
2017-06-20,107.26000213623047
2017-06-21,107.1050033569336
2017-06-22,107.0999984741211
2017-06-23,106.76799774169922
2017-06-26,107.19999694824219
2017-06-27,106.59500122070312
2017-06-28,106.58999633789062
2017-06-29,104.56500244140625
2017-06-30,103.80500030517578
2017-07-03,105.13500213623047
2017-07-04,105.2750015258789
2017-07-05,105.03500366210938
2017-07-06,104.40499877929688
2017-07-07,104.51499938964844
2017-07-10,104.88999938964844
2017-07-11,104.5
2017-07-12,105.98999786376953
2017-07-13,106.33499908447266
2017-07-14,106.32499694824219
2017-07-17,106.04000091552734
2017-07-18,104.91500091552734
2017-07-19,105.54000091552734
2017-07-20,105.45999908447266
2017-07-21,104.13999938964844
2017-07-24,104.16999816894531
2017-07-25,104.80999755859375
2017-07-26,105.21499633789062
2017-07-27,105.33999633789062
2017-07-28,104.58999633789062
2017-07-31,104.05000305175781
2017-08-01,104.82499694824219
2017-08-02,104.26499938964844
2017-08-03,104.5
2017-08-04,105.86000061035156
2017-08-07,105.73500061035156
2017-08-08,106.12999725341797
2017-08-09,104.625
2017-08-10,103.63999938964844
2017-08-11,102.83499908447266
2017-08-14,104.16500091552734
2017-08-15,104.55000305175781
2017-08-16,105.20999908447266
2017-08-17,104.57499694824219
2017-08-18,104.0250015258789
2017-08-21,103.38500213623047
2017-08-22,104.3499984741211
2017-08-23,103.8499984741211
2017-08-24,103.97000122070312
2017-08-25,103.87999725341797
2017-08-28,103.24500274658203
2017-08-29,102.32499694824219
2017-08-30,102.76499938964844
2017-08-31,103.30500030517578
2017-09-01,103.9749984741211
2017-09-04,103.5250015258789
2017-09-05,103.30000305175781
2017-09-06,103.69000244140625
2017-09-07,104.04000091552734
2017-09-08,104.03500366210938
2017-09-11,105.40499877929688
2017-09-12,105.93499755859375
2017-09-13,106.23999786376953
2017-09-14,106.36000061035156
2017-09-15,106.04499816894531
2017-09-18,106.44000244140625
2017-09-19,106.5250015258789
2017-09-20,106.42500305175781
2017-09-21,106.86000061035156
2017-09-22,106.91500091552734
2017-09-25,106.83999633789062
2017-09-26,106.67500305175781
2017-09-27,107.27999877929688
2017-09-28,107.56500244140625
2017-09-29,108.45999908447266
2017-10-02,108.72000122070312
2017-10-03,108.72000122070312
2017-10-04,108.53500366210938
2017-10-05,109.08499908447266
2017-10-06,108.83499908447266
2017-10-09,108.96499633789062
2017-10-10,108.62000274658203
2017-10-11,108.94000244140625
2017-10-12,108.92500305175781
2017-10-13,108.88999938964844
2017-10-16,108.90499877929688
2017-10-17,109.0250015258789
2017-10-18,109.34500122070312
2017-10-19,108.8499984741211
2017-10-20,108.92500305175781
2017-10-23,109.1050033569336
2017-10-24,109.0999984741211
2017-10-25,108.44499969482422
2017-10-26,109.91500091552734
2017-10-27,110.42500305175781
2017-10-30,110.66500091552734
2017-10-31,110.66500091552734
2017-11-01,111.71499633789062
2017-11-02,111.54000091552734
2017-11-03,111.55500030517578
2017-11-06,111.33000183105469
2017-11-07,110.5999984741211
2017-11-08,110.36000061035156
2017-11-09,109.18499755859375
2017-11-10,108.58000183105469
2017-11-13,108.06500244140625
2017-11-14,107.47000122070312
2017-11-15,107.1500015258789
2017-11-16,107.80000305175781
2017-11-17,107.13999938964844
2017-11-20,107.63999938964844
2017-11-21,108.20999908447266
2017-11-22,107.7300033569336
2017-11-23,108.03500366210938
2017-11-24,108.27999877929688
2017-11-27,107.76000213623047
2017-11-28,108.42500305175781
2017-11-29,108.58499908447266
2017-11-30,108.04000091552734
2017-12-01,106.58499908447266
2017-12-04,108.16500091552734
2017-12-05,108.01750183105469
2017-12-06,107.73500061035156
2017-12-07,108.06999969482422
2017-12-08,108.7300033569336
2017-12-11,108.39749908447266
2017-12-12,108.83499908447266
2017-12-13,108.39250183105469
2017-12-14,107.64749908447266
2017-12-15,107.8499984741211
2017-12-18,109.25499725341797
2017-12-19,108.5250015258789
2017-12-20,107.625
2017-12-21,108.11000061035156
2017-12-22,107.51499938964844
2017-12-27,107.50499725341797
2017-12-28,106.73500061035156
2017-12-29,106.41500091552734
2018-01-02,105.63999938964844
2018-01-03,106.31999969482422
2018-01-04,108.0
2018-01-05,109.13999938964844
2018-01-08,109.5199966430664
2018-01-09,109.72000122070312
2018-01-10,109.27999877929688
2018-01-11,108.95999908447266
2018-01-12,109.44000244140625
2018-01-15,109.4800033569336
2018-01-16,109.68000030517578
2018-01-17,109.4000015258789
2018-01-18,109.69999694824219
2018-01-19,110.4800033569336
2018-01-22,111.04000091552734
2018-01-23,111.16000366210938
2018-01-24,110.45999908447266
2018-01-25,109.95999908447266
2018-01-26,110.41999816894531
2018-01-29,110.30000305175781
2018-01-30,109.31999969482422
2018-01-31,109.33999633789062
2018-02-01,108.4000015258789
2018-02-02,106.81999969482422
2018-02-05,105.41999816894531
2018-02-06,103.0999984741211
2018-02-07,104.95999908447266
2018-02-08,102.5199966430664
2018-02-09,100.9800033569336
2018-02-12,102.26000213623047
2018-02-13,101.31999969482422
2018-02-14,102.23999786376953
2018-02-15,102.91999816894531
2018-02-16,104.04000091552734
2018-02-19,103.33999633789062
2018-02-20,104.26000213623047
2018-02-21,104.05999755859375
2018-02-22,104.13999938964844
2018-02-23,104.37999725341797
2018-02-26,105.13999938964844
2018-02-27,104.86000061035156
2018-02-28,104.37999725341797
2018-03-01,103.13999938964844
2018-03-02,100.87999725341797
2018-03-05,101.86000061035156
2018-03-06,101.81999969482422
2018-03-07,102.5
2018-03-08,103.55999755859375
2018-03-09,103.76000213623047
2018-03-12,104.08000183105469
2018-03-13,102.9800033569336
2018-03-14,102.9800033569336
2018-03-15,103.5999984741211
2018-03-16,104.4000015258789
2018-03-19,103.0199966430664
2018-03-20,103.55999755859375
2018-03-21,103.19999694824219
2018-03-22,101.62000274658203
2018-03-23,99.95999908447266
2018-03-26,99.48999786376953
2018-03-27,100.72000122070312
2018-03-28,101.19999694824219
2018-03-29,102.12000274658203
2018-04-03,101.5999984741211
2018-04-04,101.37999725341797
2018-04-05,104.22000122070312
2018-04-06,103.63999938964844
2018-04-09,104.0
2018-04-10,104.54000091552734
2018-04-11,104.04000091552734
2018-04-12,104.72000122070312
2018-04-13,104.95999908447266
2018-04-16,104.69999694824219
2018-04-17,105.91999816894531
2018-04-18,106.30000305175781
2018-04-19,106.13999938964844
2018-04-20,106.44000244140625
2018-04-23,106.9800033569336
2018-04-24,106.87999725341797
2018-04-25,106.30000305175781
2018-04-26,107.12000274658203
2018-04-27,107.4800033569336
2018-04-30,108.0999984741211
2018-05-02,108.66000366210938
2018-05-03,108.04000091552734
2018-05-04,108.77999877929688
2018-05-07,109.37999725341797
2018-05-08,109.19999694824219
2018-05-09,109.5
2018-05-10,109.69999694824219
2018-05-11,109.69999694824219
2018-05-14,109.66000366210938
2018-05-15,109.63999938964844
2018-05-16,109.62000274658203
2018-05-17,110.5199966430664
2018-05-18,110.19999694824219
2018-05-21,110.19999694824219
2018-05-22,110.81999969482422
2018-05-23,109.4000015258789
2018-05-24,108.68000030517578
2018-05-25,108.54000091552734
2018-05-28,107.68000030517578
2018-05-29,106.0199966430664
2018-05-30,106.81999969482422
2018-05-31,105.58000183105469
2018-06-01,107.19999694824219
2018-06-04,107.58000183105469
2018-06-05,107.27999877929688
2018-06-06,107.37999725341797
2018-06-07,107.44000244140625
2018-06-08,107.0199966430664
2018-06-11,108.16000366210938
2018-06-12,108.0199966430664
2018-06-13,108.13999938964844
2018-06-14,109.72000122070312
2018-06-15,108.9000015258789
2018-06-18,107.69000244140625
2018-06-19,106.80000305175781
2018-06-20,106.9000015258789
2018-06-21,105.73999786376953
2018-06-22,106.94000244140625
2018-06-25,104.7300033569336
2018-06-26,104.68000030517578
2018-06-27,105.52999877929688
2018-06-28,104.55999755859375
2018-06-29,105.68000030517578
2018-07-02,104.83999633789062
2018-07-03,105.9000015258789
2018-07-04,106.02999877929688
2018-07-05,107.0199966430664
2018-07-06,107.18000030517578
2018-07-09,107.58000183105469
2018-07-10,108.0199966430664
2018-07-11,106.48999786376953
2018-07-12,107.08999633789062
2018-07-13,107.4000015258789
2018-07-16,107.27999877929688
2018-07-17,107.54000091552734
2018-07-18,108.33999633789062
2018-07-19,107.95999908447266
2018-07-20,107.54000091552734
2018-07-23,107.44000244140625
2018-07-24,108.31999969482422
2018-07-25,107.83999633789062
2018-07-26,109.12000274658203
2018-07-27,109.69999694824219
2018-07-30,109.27999877929688
2018-07-31,109.80000305175781
2018-08-01,109.23999786376953
2018-08-02,108.05999755859375
2018-08-03,108.45999908447266
2018-08-06,108.45999908447266
2018-08-07,109.18000030517578
2018-08-08,108.81999969482422
2018-08-09,108.81999969482422
2018-08-10,106.80000305175781
2018-08-13,106.22000122070312
2018-08-14,106.13999938964844
2018-08-15,104.36000061035156
2018-08-16,105.16000366210938
2018-08-17,105.0
2018-08-20,105.69999694824219
2018-08-21,106.26000213623047
2018-08-22,106.5199966430664
2018-08-23,106.4000015258789
2018-08-24,106.77999877929688
2018-08-27,107.58000183105469
2018-08-28,107.37999725341797
2018-08-29,107.55999755859375
2018-08-30,106.77999877929688
2018-08-31,105.55999755859375
2018-09-03,105.69999694824219
2018-09-04,104.54000091552734
2018-09-05,103.19999694824219
2018-09-06,102.63999938964844
2018-09-07,102.63999938964844
2018-09-10,103.04000091552734
2018-09-11,103.18000030517578
2018-09-12,103.58000183105469
2018-09-13,103.87999725341797
2018-09-14,104.13999938964844
2018-09-17,104.26000213623047
2018-09-18,104.58000183105469
2018-09-19,104.94000244140625
2018-09-20,106.05999755859375
2018-09-21,106.9000015258789
2018-09-24,106.23999786376953
2018-09-25,106.66000366210938
2018-09-26,107.0999984741211
2018-09-27,107.58000183105469
2018-09-28,106.0199966430664
2018-10-01,106.45999908447266
2018-10-02,105.68000030517578
2018-10-04,105.26000213623047
2018-10-05,104.18000030517578
2018-10-08,103.05999755859375
2018-10-09,103.58000183105469
2018-10-10,101.87999725341797
2018-10-11,99.9800033569336
2018-10-12,99.5999984741211
2018-10-15,100.0999984741211
2018-10-16,101.41999816894531
2018-10-17,101.13999938964844
2018-10-18,100.0999984741211
2018-10-19,100.0999984741211
2018-10-22,99.55000305175781
2018-10-23,97.95999908447266
2018-10-24,97.58000183105469
2018-10-25,98.58000183105469
2018-10-26,97.77999877929688
2018-10-29,98.41000366210938
2018-10-30,98.16000366210938
2018-10-31,99.80000305175781
2018-11-01,99.94999694824219
2018-11-02,100.31999969482422
2018-11-05,100.37999725341797
2018-11-06,100.13999938964844
2018-11-07,101.33999633789062
2018-11-08,101.04000091552734
2018-11-09,100.76000213623047
2018-11-12,99.6500015258789
2018-11-13,100.62000274658203
2018-11-14,99.87000274658203
2018-11-15,99.51000213623047
2018-11-16,99.20999908447266
2018-11-19,98.52999877929688
2018-11-20,97.1500015258789
2018-11-21,98.33999633789062
2018-11-22,97.51000213623047
2018-11-23,97.83000183105469
2018-11-26,98.86000061035156
2018-11-27,98.81999969482422
2018-11-28,98.8499984741211
2018-11-29,99.05999755859375
2018-11-30,99.01000213623047
2018-12-03,100.31999969482422
2018-12-04,99.54000091552734
2018-12-05,98.25
2018-12-06,95.2300033569336
2018-12-07,95.51000213623047
2018-12-10,94.16999816894531
2018-12-11,95.41000366210938
2018-12-12,97.01000213623047
2018-12-13,97.1500015258789
2018-12-14,96.55000305175781
2018-12-17,95.5999984741211
2018-12-18,95.12999725341797
2018-12-19,95.38999938964844
2018-12-20,93.76000213623047
2018-12-21,93.80999755859375
2018-12-27,91.87000274658203
2018-12-28,93.5
2019-01-02,93.58000183105469
2019-01-03,92.4800033569336
2019-01-04,95.05000305175781
2019-01-07,94.94000244140625
2019-01-08,95.52999877929688
2019-01-09,96.04000091552734
2019-01-10,96.2300033569336
2019-01-11,95.98999786376953
2019-01-14,95.56999969482422
2019-01-15,95.95999908447266
2019-01-16,96.31999969482422
2019-01-17,96.01000213623047
2019-01-18,98.04000091552734
2019-01-21,97.73999786376953
2019-01-22,97.38999938964844
2019-01-23,97.30000305175781
2019-01-24,97.86000061035156
2019-01-25,98.94999694824219
2019-01-28,98.16999816894531
2019-01-29,98.69999694824219
2019-01-30,98.95999908447266
2019-01-31,98.9800033569336
2019-02-01,99.36000061035156
2019-02-04,99.20999908447266
2019-02-05,100.72000122070312
2019-02-06,100.5999984741211
2019-02-07,98.7300033569336
2019-02-08,98.31999969482422
2019-02-11,99.12999725341797
2019-02-12,99.94999694824219
2019-02-13,100.36000061035156
2019-02-14,99.79000091552734
2019-02-15,101.55999755859375
2019-02-18,101.68000030517578
2019-02-19,101.55999755859375
2019-02-20,102.13999938964844
2019-02-21,102.31999969482422
2019-02-22,102.55999755859375
2019-02-25,102.83999633789062
2019-02-26,103.05999755859375
2019-02-27,102.94000244140625
2019-02-28,103.37999725341797
2019-03-01,103.86000061035156
2019-03-04,103.9800033569336
2019-03-05,104.30000305175781
2019-03-06,104.22000122070312
2019-03-07,103.86000061035156
2019-03-08,102.95999908447266
2019-03-11,103.58000183105469
2019-03-12,103.5999984741211
2019-03-13,104.19999694824219
2019-03-14,104.87999725341797
2019-03-15,106.12000274658203
2019-03-18,106.27999877929688
2019-03-19,106.87999725341797
2019-03-20,105.76000213623047
2019-03-21,105.5999984741211
2019-03-22,103.69999694824219
2019-03-25,103.4800033569336
2019-03-26,104.12000274658203
2019-03-27,104.33999633789062
2019-03-28,104.22000122070312
2019-03-29,105.30000305175781
2019-04-01,106.26000213623047
2019-04-02,106.63999938964844
2019-04-03,107.95999908447266
2019-04-04,108.13999938964844
2019-04-05,108.30000305175781
2019-04-08,108.0199966430664
2019-04-09,107.45999908447266
2019-04-10,107.68000030517578
2019-04-11,108.0
2019-04-12,108.4000015258789
2019-04-15,108.45999908447266
2019-04-16,108.87999725341797
2019-04-17,109.36000061035156
2019-04-18,110.05999755859375
2019-04-23,110.19999694824219
2019-04-24,110.19999694824219
2019-04-25,110.0199966430664
2019-04-26,110.30000305175781
2019-04-29,110.4800033569336
2019-04-30,110.87999725341797
2019-05-02,110.37999725341797
2019-05-03,110.83999633789062
2019-05-06,109.68000030517578
2019-05-07,107.76000213623047
2019-05-08,108.22000122070312
2019-05-09,106.5999984741211
2019-05-10,106.87999725341797
2019-05-13,105.4800033569336
2019-05-14,107.0199966430664
2019-05-15,107.69999694824219
2019-05-16,109.44000244140625
2019-05-17,109.13999938964844
2019-05-20,107.44000244140625
2019-05-21,108.13999938964844
2019-05-22,108.16000366210938
2019-05-23,106.44000244140625
2019-05-24,107.22000122070312
2019-05-27,107.63999938964844
2019-05-28,107.12000274658203
2019-05-29,105.69999694824219
2019-05-30,106.4000015258789
2019-05-31,105.22000122070312
2019-06-03,105.72000122070312
2019-06-04,106.95999908447266
2019-06-05,107.19999694824219
2019-06-06,107.05999755859375
2019-06-07,108.36000061035156
2019-06-11,109.19999694824219
2019-06-12,108.76000213623047
2019-06-13,108.87999725341797
2019-06-14,108.54000091552734
2019-06-17,108.63999938964844
2019-06-18,110.94000244140625
2019-06-19,110.91999816894531
2019-06-20,111.36000061035156
2019-06-21,111.33999633789062
2019-06-24,110.9000015258789
2019-06-25,110.5999984741211
2019-06-26,110.5199966430664
2019-06-27,110.5199966430664
2019-06-28,111.54000091552734
2019-07-01,112.30000305175781
2019-07-02,112.62000274658203
2019-07-03,113.69999694824219
2019-07-04,113.87999725341797
2019-07-05,113.4000015258789
2019-07-08,113.22000122070312
2019-07-09,112.81999969482422
2019-07-10,112.5199966430664
2019-07-11,112.44000244140625
2019-07-12,112.41999816894531
2019-07-15,112.58000183105469
2019-07-16,113.22000122070312
2019-07-17,112.54000091552734
2019-07-18,111.81999969482422
2019-07-19,111.73999786376953
2019-07-22,112.16000366210938
2019-07-23,113.58000183105469
2019-07-24,113.58000183105469
2019-07-25,112.80000305175781
2019-07-26,113.33999633789062
2019-07-29,113.36000061035156
2019-07-30,111.33999633789062
2019-07-31,111.44000244140625
2019-08-01,112.26000213623047
2019-08-02,108.5199966430664
2019-08-05,106.5199966430664
2019-08-06,105.86000061035156
2019-08-07,106.37999725341797
2019-08-08,108.41999816894531
2019-08-09,107.0999984741211
2019-08-12,106.9800033569336
2019-08-13,108.0199966430664
2019-08-14,105.80000305175781
2019-08-15,105.5999984741211
2019-08-16,107.0199966430664
2019-08-19,108.31999969482422
2019-08-20,107.72000122070312
2019-08-21,109.19999694824219
2019-08-22,108.55999755859375
2019-08-23,107.16000366210938
2019-08-26,107.81999969482422
2019-08-27,108.4000015258789
2019-08-28,108.23999786376953
2019-08-29,109.77999877929688
2019-08-30,110.30000305175781
2019-09-02,110.45999908447266
2019-09-03,110.13999938964844
2019-09-04,111.05999755859375
2019-09-05,112.12000274658203
2019-09-06,112.4800033569336
2019-09-09,112.44000244140625
2019-09-10,112.54000091552734
2019-09-11,113.18000030517578
2019-09-12,113.9000015258789
2019-09-13,114.22000122070312
2019-09-16,113.31999969482422
2019-09-17,113.30000305175781
2019-09-18,113.54000091552734
2019-09-19,114.36000061035156
2019-09-20,114.81999969482422
2019-09-23,113.91999816894531
2019-09-24,113.62000274658203
2019-09-25,113.04000091552734
2019-09-26,113.76000213623047
2019-09-27,114.22000122070312
2019-09-30,114.91999816894531
2019-10-01,113.37999725341797
2019-10-02,109.87999725341797
2019-10-04,110.9800033569336
2019-10-07,111.81999969482422
2019-10-08,110.54000091552734
2019-10-09,111.5199966430664
2019-10-10,112.54000091552734
2019-10-11,115.08000183105469
2019-10-14,114.58000183105469
2019-10-15,115.9000015258789
2019-10-16,115.91999816894531
2019-10-17,115.5999984741211
2019-10-18,115.30000305175781
2019-10-21,115.9800033569336
2019-10-22,116.0999984741211
2019-10-23,116.26000213623047
2019-10-24,116.69999694824219
2019-10-25,116.77999877929688
2019-10-28,116.91999816894531
2019-10-29,116.76000213623047
2019-10-30,116.73999786376953
2019-10-31,116.31999969482422
2019-11-01,116.9000015258789
2019-11-04,118.27999877929688
2019-11-05,118.63999938964844
2019-11-06,119.0199966430664
2019-11-07,119.5999984741211
2019-11-08,119.33999633789062
2019-11-11,119.27999877929688
2019-11-12,119.77999877929688
2019-11-13,119.31999969482422
2019-11-14,119.0199966430664
2019-11-15,119.68000030517578
2019-11-18,119.45999908447266
2019-11-19,119.26000213623047
2019-11-20,118.86000061035156
2019-11-21,118.76000213623047
2019-11-22,118.9800033569336
2019-11-25,119.62000274658203
2019-11-26,119.54000091552734
2019-11-27,119.80000305175781
2019-11-28,119.55999755859375
2019-11-29,119.45999908447266
2019-12-02,116.9800033569336
2019-12-03,116.5
2019-12-04,118.12000274658203
2019-12-05,117.63999938964844
2019-12-06,119.18000030517578
2019-12-09,118.44000244140625
2019-12-10,118.4800033569336
2019-12-11,119.0199966430664
2019-12-12,119.69999694824219
2019-12-13,120.5199966430664
2019-12-16,121.80000305175781
2019-12-17,120.95999908447266
2019-12-18,120.77999877929688
2019-12-19,120.76000213623047
2019-12-20,121.94000244140625
2019-12-23,121.95999908447266
2019-12-27,122.16000366210938
2019-12-30,121.68000030517578
2020-01-02,122.5
2020-01-03,121.86000061035156
2020-01-06,121.22000122070312
2020-01-07,121.44000244140625
2020-01-08,122.04000091552734
2020-01-09,122.63999938964844
2020-01-10,122.45999908447266
2020-01-13,122.0
2020-01-14,121.9800033569336
2020-01-15,121.69999694824219
2020-01-16,122.0199966430664
2020-01-17,123.05999755859375
2020-01-20,122.83999633789062
2020-01-21,122.4800033569336
2020-01-22,121.9000015258789
2020-01-23,120.87999725341797
2020-01-24,122.16000366210938
2020-01-27,118.9800033569336
2020-01-28,120.22000122070312
2020-01-29,120.77999877929688
2020-01-30,119.33999633789062
2020-01-31,117.81999969482422
2020-02-03,118.27999877929688
2020-02-04,120.5999984741211
2020-02-05,122.0999984741211
2020-02-06,123.13999938964844
2020-02-07,122.87999725341797
2020-02-10,122.73999786376953
2020-02-11,123.83999633789062
2020-02-12,124.69999694824219
2020-02-13,124.5
2020-02-14,124.36000061035156
2020-02-17,124.72000122070312
2020-02-18,124.19999694824219
2020-02-19,125.0199966430664
2020-02-20,123.72000122070312
2020-02-21,122.9800033569336
2020-02-24,117.95999908447266
2020-02-25,115.4800033569336
2020-02-26,115.54000091552734
2020-02-27,111.81999969482422
2020-02-28,107.83999633789062
2020-03-02,108.08000183105469
2020-03-03,109.0
2020-03-04,110.77999877929688
2020-03-05,108.80000305175781
2020-03-06,104.66000366210938
2020-03-09,95.58000183105469
2020-03-10,94.38999938964844
2020-03-11,94.02999877929688
2020-03-12,83.20999908447266
2020-03-13,83.6500015258789
2020-03-16,79.72000122070312
2020-03-17,81.62000274658203
2020-03-18,77.0
2020-03-19,79.16000366210938
2020-03-20,82.0
2020-03-23,80.16000366210938
2020-03-24,87.97000122070312
2020-03-25,90.55999755859375
2020-03-26,91.94000244140625
2020-03-27,88.61000061035156
2020-03-30,89.55000305175781
2020-03-31,90.2699966430664
2020-04-01,86.83000183105469
2020-04-02,87.19999694824219
2020-04-03,86.2699966430664
2020-04-06,90.58000183105469
2020-04-07,92.66999816894531
2020-04-08,92.55999755859375
2020-04-09,93.69000244140625
2020-04-14,94.55999755859375
2020-04-15,90.93000030517578
2020-04-16,91.19000244140625
2020-04-17,93.6500015258789
2020-04-20,94.44999694824219
2020-04-21,90.44999694824219
2020-04-22,91.77999877929688
2020-04-23,92.37999725341797
2020-04-24,91.26000213623047
2020-04-27,93.54000091552734
2020-04-28,95.08999633789062
2020-04-29,97.19999694824219
2020-04-30,95.18000030517578
2020-05-04,91.76000213623047
2020-05-05,93.69000244140625
2020-05-06,92.66999816894531
2020-05-07,94.0199966430664
2020-05-08,94.87999725341797
2020-05-11,94.18000030517578
2020-05-12,94.19999694824219
2020-05-13,91.66000366210938
2020-05-14,90.19999694824219
2020-05-15,90.45999908447266
2020-05-18,95.26000213623047
2020-05-19,94.8499984741211
2020-05-20,96.25
2020-05-21,95.12999725341797
2020-05-22,95.08999633789062
2020-05-25,97.23999786376953
2020-05-26,98.16999816894531
2020-05-27,99.81999969482422
2020-05-28,101.36000061035156
2020-05-29,99.95999908447266
2020-06-02,103.36000061035156
2020-06-03,107.0
2020-06-04,106.76000213623047
2020-06-05,110.66000366210938
2020-06-08,110.19999694824219
2020-06-09,108.66000366210938
2020-06-10,107.73999786376953
2020-06-11,102.91999816894531
2020-06-12,103.45999908447266
2020-06-15,102.76000213623047
2020-06-16,106.13999938964844
2020-06-17,107.05999755859375
2020-06-18,106.4000015258789
2020-06-19,107.16000366210938
2020-06-22,106.37999725341797
2020-06-23,108.30000305175781
2020-06-24,105.0199966430664
2020-06-25,105.72000122070312
2020-06-26,105.18000030517578
2020-06-29,106.18000030517578
2020-06-30,106.12000274658203
2020-07-01,106.04000091552734
2020-07-02,109.0999984741211
2020-07-03,108.36000061035156
2020-07-06,110.23999786376953
2020-07-07,109.30000305175781
2020-07-08,108.22000122070312
2020-07-09,107.4000015258789
2020-07-10,108.66000366210938
2020-07-13,110.30000305175781
2020-07-14,109.33999633789062
2020-07-15,111.33999633789062
2020-07-16,110.87999725341797
2020-07-17,110.94000244140625
2020-07-20,111.68000030517578
2020-07-21,112.27999877929688
2020-07-22,111.12000274658203
2020-07-23,111.13999938964844
2020-07-24,109.05999755859375
2020-07-27,108.81999969482422
2020-07-28,108.94000244140625
2020-07-29,108.9000015258789
2020-07-30,105.94000244140625
2020-07-31,104.4800033569336
2020-08-03,107.18000030517578
2020-08-04,107.31999969482422
2020-08-05,107.77999877929688
2020-08-06,106.9000015258789
2020-08-07,107.33999633789062
2020-08-10,107.58000183105469
2020-08-11,109.94000244140625
2020-08-12,110.94000244140625
2020-08-13,110.19999694824219
2020-08-14,108.9800033569336
2020-08-17,109.0
2020-08-18,108.41999816894531
2020-08-19,109.41999816894531
2020-08-20,108.0999984741211
2020-08-21,107.4000015258789
2020-08-24,109.87999725341797
2020-08-25,109.77999877929688
2020-08-26,110.72000122070312
2020-08-27,109.80000305175781
2020-08-28,109.36000061035156
2020-08-31,108.08000183105469
2020-09-01,108.16000366210938
2020-09-02,110.16000366210938
2020-09-03,109.0
2020-09-04,107.5999984741211
2020-09-07,109.36000061035156
2020-09-08,107.66000366210938
2020-09-09,109.86000061035156
2020-09-10,109.27999877929688
2020-09-11,109.41999816894531
2020-09-14,109.5
2020-09-15,110.04000091552734
2020-09-16,110.13999938964844
2020-09-17,109.41999816894531
2020-09-18,108.58000183105469
2020-09-21,104.16000366210938
2020-09-22,104.30000305175781
2020-09-23,104.95999908447266
2020-09-24,104.27999877929688
2020-09-25,103.5
2020-09-28,106.37999725341797
2020-09-29,106.13999938964844
2020-09-30,105.54000091552734
2020-10-01,105.45999908447266
2020-10-02,105.33999633789062
2020-10-05,106.31999969482422
2020-10-06,106.73999786376953
2020-10-07,106.77999877929688
2020-10-08,107.54000091552734
2020-10-09,108.12000274658203
2020-10-12,108.91999816894531
2020-10-13,108.30000305175781
2020-10-14,108.12000274658203
2020-10-15,105.44000244140625
2020-10-16,107.31999969482422
2020-10-19,107.13999938964844
2020-10-20,106.5199966430664
2020-10-21,105.12000274658203
2020-10-22,104.5999984741211
2020-10-23,105.54000091552734
2020-10-26,102.45999908447266
2020-10-27,101.27999877929688
2020-10-28,97.75
2020-10-29,97.83000183105469
2020-10-30,97.68000030517578
2020-11-02,99.81999969482422
2020-11-03,102.41999816894531
2020-11-04,104.63999938964844
2020-11-05,106.13999938964844
2020-11-06,105.9800033569336
2020-11-09,112.63999938964844
2020-11-10,113.80000305175781
2020-11-11,114.62000274658203
2020-11-12,113.31999969482422
2020-11-13,113.41999816894531
2020-11-16,114.5999984741211
2020-11-17,114.5999984741211
2020-11-18,115.08000183105469
2020-11-19,113.9800033569336
2020-11-20,114.5999984741211
2020-11-23,114.4800033569336
2020-11-24,115.94000244140625
2020-11-25,116.05999755859375
2020-11-26,116.0199966430664
2020-11-27,116.54000091552734
2020-11-30,115.31999969482422
2020-12-01,116.5199966430664
2020-12-02,116.23999786376953
2020-12-03,116.22000122070312
2020-12-04,116.91999816894531
2020-12-07,116.62000274658203
2020-12-08,116.54000091552734
2020-12-09,116.5999984741211
2020-12-10,116.36000061035156
2020-12-11,115.16000366210938
2020-12-14,115.80000305175781
2020-12-15,116.33999633789062
2020-12-16,117.0999984741211
2020-12-17,117.62000274658203
2020-12-18,117.08000183105469
2020-12-21,114.0999984741211
2020-12-22,115.41999816894531
2020-12-23,116.86000061035156
2020-12-28,118.19999694824219
2020-12-29,118.31999969482422
2020-12-30,118.12000274658203
2021-01-04,117.63999938964844
2021-01-05,117.37999725341797
2021-01-06,119.33999633789062
2021-01-07,119.86000061035156
2021-01-08,120.5199966430664
2021-01-11,119.66000366210938
2021-01-12,119.36000061035156
2021-01-13,119.5999984741211
2021-01-14,120.4800033569336
2021-01-15,119.04000091552734
2021-01-18,119.23999786376953
2021-01-19,119.0
2021-01-20,119.94000244140625
2021-01-21,119.69999694824219
2021-01-22,119.18000030517578
2021-01-25,117.58000183105469
2021-01-26,118.9000015258789
2021-01-27,117.04000091552734
2021-01-28,117.83999633789062
2021-01-29,115.19999694824219
2021-02-01,116.83999633789062
2021-02-02,118.91999816894531
2021-02-03,119.36000061035156
2021-02-04,120.68000030517578
2021-02-05,121.12000274658203
2021-02-08,121.4000015258789
2021-02-09,121.33999633789062
2021-02-10,120.76000213623047
2021-02-11,121.55999755859375
2021-02-12,122.37999725341797
2021-02-15,123.69999694824219
2021-02-16,123.4000015258789
2021-02-17,122.45999908447266
2021-02-18,121.86000061035156
2021-02-19,123.08000183105469
2021-02-22,122.68000030517578
2021-02-23,122.31999969482422
2021-02-24,122.77999877929688
2021-02-25,121.95999908447266
2021-02-26,120.54000091552734
2021-03-01,122.81999969482422
2021-03-02,122.81999969482422
2021-03-03,123.0199966430664
2021-03-04,122.83999633789062
2021-03-05,121.69999694824219
2021-03-08,124.5999984741211
2021-03-09,125.5
2021-03-10,126.66000366210938
2021-03-11,127.4800033569336
2021-03-12,127.08000183105469
2021-03-15,126.9000015258789
2021-03-16,127.63999938964844
2021-03-17,127.63999938964844
2021-03-18,128.24000549316406
2021-03-19,127.12000274658203
2021-03-22,127.13999938964844
2021-03-23,126.9800033569336
2021-03-24,127.05999755859375
2021-03-25,127.16000366210938
2021-03-26,128.36000061035156
2021-03-29,128.89999389648438
2021-03-30,130.32000732421875
2021-03-31,130.10000610351562
2021-04-01,131.05999755859375
2021-04-06,131.97999572753906
2021-04-07,131.47999572753906
2021-04-08,132.17999267578125
2021-04-09,132.1199951171875
2021-04-12,131.6199951171875
2021-04-13,131.75999450683594
2021-04-14,132.0800018310547
2021-04-15,132.67999267578125
2021-04-16,134.0399932861328
2021-04-19,133.5800018310547
2021-04-20,131.02000427246094
2021-04-21,132.3000030517578
2021-04-22,133.55999755859375
2021-04-23,133.5
2021-04-26,133.67999267578125
2021-04-27,133.3800048828125
2021-04-28,133.66000366210938
2021-04-29,133.1199951171875
2021-04-30,132.4600067138672
2021-05-03,133.47999572753906
2021-05-04,130.83999633789062
2021-05-05,133.67999267578125
2021-05-06,133.77999877929688
2021-05-07,135.1199951171875
2021-05-10,134.8000030517578
2021-05-11,132.05999755859375
2021-05-12,132.24000549316406
2021-05-13,132.67999267578125
2021-05-14,134.82000732421875
2021-05-17,134.5
2021-05-18,134.52000427246094
2021-05-19,132.22000122070312
2021-05-20,134.39999389648438
2021-05-21,135.1999969482422
2021-05-25,135.72000122070312
2021-05-26,135.52000427246094
2021-05-27,135.86000061035156
2021-05-28,136.82000732421875
2021-05-31,135.86000061035156
2021-06-01,136.9600067138672
2021-06-02,137.5
2021-06-03,137.1999969482422
2021-06-04,137.52000427246094
2021-06-07,137.77999877929688
2021-06-08,137.77999877929688
2021-06-09,137.72000122070312
2021-06-10,137.74000549316406
2021-06-11,138.74000549316406
2021-06-14,139.0399932861328
2021-06-15,139.24000549316406
2021-06-16,139.55999755859375
2021-06-17,139.83999633789062
2021-06-18,137.1999969482422
2021-06-21,138.17999267578125
2021-06-22,138.55999755859375
2021-06-23,136.97999572753906
2021-06-24,138.72000122070312
2021-06-25,138.60000610351562
2021-06-28,137.5399932861328
2021-06-29,138.02000427246094
2021-06-30,136.67999267578125
2021-07-01,137.10000610351562
2021-07-02,137.25999450683594
2021-07-05,137.39999389648438
2021-07-06,136.24000549316406
2021-07-07,137.24000549316406
2021-07-08,134.25999450683594
2021-07-09,136.8000030517578
2021-07-12,137.75999450683594
2021-07-13,137.67999267578125
2021-07-14,137.83999633789062
2021-07-15,136.44000244140625
2021-07-16,135.82000732421875
2021-07-19,132.22000122070312
2021-07-20,133.10000610351562
2021-07-21,135.52000427246094
2021-07-22,136.60000610351562
2021-07-23,138.36000061035156
2021-07-26,138.0800018310547
2021-07-27,136.77999877929688
2021-07-28,138.10000610351562
2021-07-29,138.52000427246094
2021-07-30,137.6999969482422
2021-08-02,138.55999755859375
2021-08-03,138.72000122070312
2021-08-04,139.5
2021-08-05,140.05999755859375
2021-08-06,140.5
2021-08-09,140.66000366210938
2021-08-10,141.0
2021-08-11,141.60000610351562
2021-08-12,142.32000732421875
2021-08-13,142.36000061035156
2021-08-16,141.47999572753906
2021-08-17,141.22000122070312
2021-08-18,141.0399932861328
2021-08-19,138.75999450683594
2021-08-20,139.63999938964844
2021-08-23,140.5800018310547
2021-08-24,140.66000366210938
2021-08-25,140.72000122070312
2021-08-26,140.3000030517578
2021-08-27,141.10000610351562
2021-08-30,141.33999633789062
2021-08-31,141.1999969482422
2021-09-01,142.33999633789062
2021-09-02,142.5
2021-09-03,141.39999389648438
2021-09-06,142.9600067138672
2021-09-07,142.1999969482422
2021-09-08,140.67999267578125
2021-09-09,140.66000366210938
2021-09-10,140.4199981689453
2021-09-13,141.0800018310547
2021-09-14,141.10000610351562
2021-09-15,139.6199951171875
2021-09-16,140.5
2021-09-17,139.16000366210938
2021-09-20,136.17999267578125
2021-09-21,138.32000732421875
2021-09-22,140.1999969482422
2021-09-23,141.74000549316406
2021-09-24,140.36000061035156
2021-09-27,140.74000549316406
2021-09-28,137.1999969482422
2021-09-29,137.82000732421875
2021-09-30,136.82000732421875
2021-10-01,136.33999633789062
2021-10-04,134.9199981689453
2021-10-05,137.44000244140625
2021-10-06,135.6199951171875
2021-10-07,138.5
2021-10-08,137.66000366210938
2021-10-11,137.6999969482422
2021-10-12,137.0800018310547
2021-10-13,138.0399932861328
2021-10-14,140.3800048828125
2021-10-15,141.47999572753906
2021-10-18,140.44000244140625
2021-10-19,141.0
2021-10-20,141.1999969482422
2021-10-21,140.63999938964844
2021-10-22,141.67999267578125
2021-10-25,141.77999877929688
2021-10-26,142.94000244140625
2021-10-27,142.75999450683594
2021-10-28,143.3000030517578
2021-10-29,143.82000732421875
2021-11-01,145.0
2021-11-02,145.5399932861328
2021-11-03,145.89999389648438
2021-11-04,146.67999267578125
2021-11-05,147.67999267578125
2021-11-08,147.36000061035156
2021-11-09,147.0399932861328
2021-11-10,147.27999877929688
2021-11-11,147.5399932861328
2021-11-12,147.97999572753906
2021-11-15,148.4600067138672
2021-11-16,149.0399932861328
2021-11-17,149.0
2021-11-18,148.44000244140625
2021-11-19,147.4600067138672
2021-11-22,146.9600067138672
2021-11-23,144.86000061035156
2021-11-24,144.77999877929688
2021-11-25,145.3800048828125
2021-11-26,138.36000061035156
2021-11-29,139.17999267578125
2021-11-30,137.67999267578125
2021-12-01,141.5399932861328
2021-12-02,139.1999969482422
2021-12-03,138.10000610351562
2021-12-06,140.17999267578125
2021-12-07,144.8000030517578
2021-12-08,143.32000732421875
2021-12-09,142.33999633789062
2021-12-10,142.27999877929688
2021-12-13,141.6999969482422
2021-12-14,140.27999877929688
2021-12-15,140.83999633789062
2021-12-16,142.22000122070312
2021-12-17,140.83999633789062
2021-12-20,139.0399932861328
2021-12-21,141.47999572753906
2021-12-22,142.89999389648438
2021-12-23,144.60000610351562
2021-12-27,145.3000030517578
2021-12-28,146.0399932861328
2021-12-29,145.16000366210938
2021-12-30,145.89999389648438
2022-01-03,146.74000549316406
2022-01-04,147.9600067138672
2022-01-05,148.86000061035156
2022-01-06,146.6199951171875
2022-01-07,145.9600067138672
2022-01-10,143.75999450683594
2022-01-11,145.3000030517578
2022-01-12,146.52000427246094
2022-01-13,146.39999389648438
2022-01-14,144.9199981689453
2022-01-17,146.0399932861328
2022-01-18,144.44000244140625
2022-01-19,144.77999877929688
2022-01-20,145.9600067138672
2022-01-21,143.4600067138672
2022-01-24,137.47999572753906
2022-01-25,138.10000610351562
2022-01-26,141.32000732421875
2022-01-27,142.0800018310547
2022-01-28,140.25999450683594
2022-01-31,141.55999755859375
2022-02-01,143.24000549316406
2022-02-02,143.22000122070312
2022-02-03,140.5800018310547
2022-02-04,138.74000549316406
2022-02-07,139.72000122070312
2022-02-08,140.10000610351562
2022-02-09,142.72000122070312
2022-02-10,142.33999633789062
2022-02-11,140.9600067138672
2022-02-14,138.27999877929688
2022-02-15,140.83999633789062
2022-02-16,140.5
2022-02-17,139.6199951171875
2022-02-18,138.36000061035156
2022-02-21,135.39999389648438
2022-02-22,135.0
2022-02-23,134.83999633789062
2022-02-24,129.86000061035156
2022-02-25,134.77999877929688
2022-02-28,133.22000122070312
2022-03-01,127.5999984741211
2022-03-02,129.39999389648438
2022-03-03,126.87999725341797
2022-03-04,120.41999816894531
2022-03-07,118.83999633789062
2022-03-08,119.08000183105469
2022-03-09,128.47999572753906
2022-03-10,124.12000274658203
2022-03-11,125.36000061035156
2022-03-14,127.12000274658203
2022-03-15,127.31999969482422
2022-03-16,132.3000030517578
2022-03-17,132.05999755859375
2022-03-18,132.89999389648438
2022-03-21,131.55999755859375
2022-03-22,133.5399932861328
2022-03-23,131.3000030517578
2022-03-24,131.22000122070312
2022-03-25,131.32000732421875
2022-03-28,132.10000610351562
2022-03-29,136.02000427246094
2022-03-30,134.6199951171875
2022-03-31,132.6999969482422
2022-04-01,133.05999755859375
2022-04-04,134.24000549316406
2022-04-05,132.94000244140625
2022-04-06,129.97999572753906
2022-04-07,129.22000122070312
2022-04-08,131.13999938964844
2022-04-11,130.6199951171875
2022-04-12,130.1999969482422
2022-04-13,130.13999938964844
2022-04-14,130.94000244140625
2022-04-19,130.4199981689453
2022-04-20,132.72000122070312
2022-04-21,133.72000122070312
2022-04-22,130.6199951171875
2022-04-25,128.1199951171875
2022-04-26,126.77999877929688
2022-04-27,127.30000305175781
2022-04-28,128.83999633789062
2022-04-29,130.0399932861328
2022-05-02,127.76000213623047
2022-05-03,128.86000061035156
2022-05-04,127.69999694824219
2022-05-05,126.87999725341797
2022-05-06,124.80000305175781
2022-05-09,121.5
2022-05-10,122.45999908447266
2022-05-11,125.72000122070312
2022-05-12,124.5199966430664
2022-05-13,127.83999633789062
2022-05-16,126.87999725341797
2022-05-17,129.27999877929688
2022-05-18,127.4000015258789
2022-05-19,125.91999816894531
2022-05-20,126.37999725341797
2022-05-23,128.5800018310547
2022-05-24,126.4000015258789
2022-05-25,127.4000015258789
2022-05-26,129.6999969482422
2022-05-27,132.17999267578125
2022-05-30,133.25999450683594
2022-05-31,131.4600067138672
2022-06-01,130.22000122070312
2022-06-02,131.5
2022-06-03,131.22000122070312
2022-06-06,133.13999938964844
2022-06-07,132.0399932861328
2022-06-08,131.3800048828125
2022-06-09,129.24000549316406
2022-06-10,124.69999694824219
2022-06-13,121.68000030517578
2022-06-14,120.4800033569336
2022-06-15,122.4800033569336
2022-06-16,118.76000213623047
2022-06-17,119.16000366210938
2022-06-20,120.31999969482422
2022-06-21,121.18000030517578
2022-06-22,120.26000213623047
2022-06-23,119.13999938964844
2022-06-24,122.73999786376953
2022-06-27,122.87999725341797
2022-06-28,123.0999984741211
2022-06-29,122.16000366210938
2022-06-30,119.91999816894531
2022-07-01,119.77999877929688
2022-07-04,119.76000213623047
2022-07-05,116.63999938964844
2022-07-06,118.77999877929688
2022-07-07,121.0999984741211
2022-07-08,121.63999938964844
2022-07-11,120.66000366210938
2022-07-12,121.19999694824219
2022-07-13,120.0
2022-07-14,117.95999908447266
2022-07-15,120.81999969482422
2022-07-18,122.12000274658203
2022-07-19,124.68000030517578
2022-07-20,124.63999938964844
2022-07-21,125.05999755859375
2022-07-22,124.9000015258789
2022-07-25,125.16000366210938
2022-07-26,124.26000213623047
2022-07-27,125.37999725341797
2022-07-28,126.9000015258789
2022-07-29,128.8800048828125
2022-08-01,128.77999877929688
2022-08-02,128.1199951171875
2022-08-03,129.75999450683594
2022-08-04,130.47999572753906
2022-08-05,129.44000244140625
2022-08-08,130.60000610351562
2022-08-09,129.1999969482422
2022-08-10,130.17999267578125
2022-08-11,130.55999755859375
2022-08-12,131.36000061035156
2022-08-15,131.74000549316406
2022-08-16,132.25999450683594
2022-08-17,130.47999572753906
2022-08-18,131.3000030517578
2022-08-19,129.63999938964844
2022-08-22,127.0999984741211
2022-08-23,126.91999816894531
2022-08-24,127.54000091552734
2022-08-25,127.66000366210938
2022-08-26,125.13999938964844
2022-08-29,124.13999938964844
2022-08-30,123.80000305175781
2022-08-31,122.31999969482422
2022-09-01,120.36000061035156
2022-09-02,123.23999786376953
2022-09-05,121.33999633789062
2022-09-06,121.72000122070312
2022-09-07,121.76000213623047
2022-09-08,122.13999938964844
2022-09-09,124.18000030517578
2022-09-12,126.77999877929688
2022-09-13,124.69999694824219
2022-09-14,124.04000091552734
2022-09-15,123.13999938964844
2022-09-16,121.5999984741211
2022-09-19,121.72000122070312
2022-09-20,120.54000091552734
2022-09-21,121.55999755859375
2022-09-22,119.27999877929688
2022-09-23,116.54000091552734
2022-09-26,116.4800033569336
2022-09-27,115.68000030517578
2022-09-28,116.12000274658203
2022-09-29,114.22000122070312
2022-09-30,115.41999816894531
2022-10-03,116.27999877929688
2022-10-04,121.30000305175781
2022-10-05,120.18000030517578
2022-10-06,119.58000183105469
2022-10-07,117.5199966430664
2022-10-10,116.83999633789062
2022-10-11,116.30000305175781
2022-10-12,115.91999816894531
2022-10-13,117.23999786376953
2022-10-14,117.69999694824219
2022-10-17,119.83999633789062
2022-10-18,120.55999755859375
2022-10-19,120.72000122070312
2022-10-20,121.68000030517578
2022-10-21,120.95999908447266
2022-10-24,122.9000015258789
2022-10-25,124.9000015258789
2022-10-26,125.62000274658203
2022-10-27,125.62000274658203
2022-10-28,125.76000213623047
2022-10-31,126.05999755859375
2022-11-01,127.04000091552734
2022-11-02,126.18000030517578
2022-11-03,125.0999984741211
2022-11-04,128.32000732421875
2022-11-07,129.13999938964844
2022-11-08,130.32000732421875
2022-11-09,129.82000732421875
2022-11-10,134.0
2022-11-11,134.86000061035156
2022-11-14,135.52000427246094
2022-11-15,136.44000244140625
2022-11-16,135.3000030517578
2022-11-17,135.13999938964844
2022-11-18,136.67999267578125
2022-11-21,136.3800048828125
2022-11-22,136.89999389648438
2022-11-23,137.55999755859375
2022-11-24,138.16000366210938
2022-11-25,138.17999267578125
2022-11-28,137.32000732421875
2022-11-29,137.0800018310547
2022-11-30,138.32000732421875
2022-12-01,139.10000610351562
2022-12-02,138.8000030517578
2022-12-05,138.02000427246094
2022-12-06,137.4199981689453
2022-12-07,136.8800048828125
2022-12-08,136.8000030517578
2022-12-09,137.52000427246094
2022-12-12,136.86000061035156
2022-12-13,139.13999938964844
2022-12-14,138.72000122070312
2022-12-15,133.82000732421875
2022-12-16,132.66000366210938
2022-12-19,132.9600067138672
2022-12-20,132.72000122070312
2022-12-21,135.13999938964844
2022-12-22,133.4199981689453
2022-12-23,133.32000732421875
2022-12-27,133.82000732421875
2022-12-28,132.9600067138672
2022-12-29,134.52000427246094
2022-12-30,133.05999755859375
2023-01-02,134.74000549316406
2023-01-03,135.72000122070312
2023-01-04,139.0399932861328
2023-01-05,138.4600067138672
2023-01-06,140.5
2023-01-09,142.3000030517578
2023-01-10,141.9600067138672
2023-01-11,143.3800048828125
2023-01-12,144.3800048828125
2023-01-13,145.05999755859375
2023-01-16,145.36000061035156
2023-01-17,146.0
2023-01-18,145.83999633789062
2023-01-19,143.22000122070312
2023-01-20,143.97999572753906
2023-01-23,145.13999938964844
2023-01-24,145.3000030517578
2023-01-25,145.10000610351562
2023-01-26,145.97999572753906
2023-01-27,146.1199951171875
2023-01-30,145.44000244140625
2023-01-31,145.66000366210938
2023-02-01,145.83999633789062
2023-02-02,148.3800048828125
2023-02-03,148.89999389648438
2023-02-06,147.1999969482422
2023-02-07,147.13999938964844
2023-02-08,147.1199951171875
2023-02-09,148.4600067138672
2023-02-10,146.8800048828125
2023-02-13,148.44000244140625
2023-02-14,148.4199981689453
2023-02-15,149.83999633789062
2023-02-16,150.36000061035156
2023-02-17,149.67999267578125
2023-02-20,149.5399932861328
2023-02-21,148.83999633789062
2023-02-22,148.60000610351562
2023-02-23,149.0800018310547
2023-02-24,146.22000122070312
2023-02-27,148.6999969482422
2023-02-28,148.3800048828125
2023-03-01,147.63999938964844
2023-03-02,148.3800048828125
2023-03-03,150.5
2023-03-06,151.13999938964844
2023-03-07,149.8800048828125
2023-03-08,150.22000122070312
2023-03-09,150.10000610351562
2023-03-10,148.27999877929688
2023-03-13,143.3800048828125
2023-03-14,146.3800048828125
2023-03-15,141.1999969482422
2023-03-16,144.05999755859375
2023-03-17,142.32000732421875
2023-03-20,144.24000549316406
2023-03-21,146.27999877929688
2023-03-22,146.89999389648438
2023-03-23,147.22000122070312
2023-03-24,144.8000030517578
2023-03-27,145.9600067138672
2023-03-28,146.16000366210938
2023-03-29,148.32000732421875
2023-03-30,150.27999877929688
2023-03-31,151.36000061035156
2023-04-03,151.22000122070312
2023-04-04,151.3800048828125
2023-04-05,150.83999633789062
2023-04-06,151.32000732421875
2023-04-11,152.17999267578125
2023-04-12,152.1999969482422
2023-04-13,153.24000549316406
2023-04-14,154.1199951171875
2023-04-17,153.4600067138672
2023-04-18,154.33999633789062
2023-04-19,154.33999633789062
2023-04-20,154.05999755859375
2023-04-21,154.74000549316406
2023-04-24,154.83999633789062
2023-04-25,154.24000549316406
2023-04-26,153.13999938964844
2023-04-27,153.63999938964844
2023-04-28,153.89999389648438
2023-05-02,151.77999877929688
2023-05-03,152.44000244140625
2023-05-04,151.74000549316406
2023-05-05,153.83999633789062
2023-05-08,154.39999389648438
2023-05-09,153.55999755859375
2023-05-10,153.0
2023-05-11,153.22000122070312
2023-05-12,153.72000122070312
2023-05-15,153.6999969482422
2023-05-16,153.67999267578125
2023-05-17,153.97999572753906
2023-05-18,155.63999938964844
2023-05-19,156.67999267578125
2023-05-22,156.60000610351562
2023-05-23,155.16000366210938
2023-05-24,152.3800048828125
2023-05-25,152.4600067138672
2023-05-26,154.94000244140625
2023-05-29,154.27999877929688
2023-05-30,153.4199981689453
2023-05-31,150.75999450683594
2023-06-01,152.25999450683594
2023-06-02,154.60000610351562
2023-06-05,153.36000061035156
2023-06-06,153.6199951171875
2023-06-07,153.52000427246094
2023-06-08,153.63999938964844
2023-06-09,153.3800048828125
2023-06-12,154.32000732421875
2023-06-13,155.52000427246094
2023-06-14,156.5399932861328
2023-06-15,156.05999755859375
2023-06-16,157.3000030517578
2023-06-19,155.9199981689453
2023-06-20,155.3000030517578
2023-06-21,154.66000366210938
2023-06-22,154.0
2023-06-23,152.72000122070312
2023-06-26,153.17999267578125
2023-06-27,154.1199951171875
2023-06-28,155.5800018310547
2023-06-29,155.8800048828125
2023-06-30,157.55999755859375
2023-07-03,157.5
2023-07-04,157.17999267578125
2023-07-05,155.6199951171875
2023-07-06,151.1199951171875
2023-07-07,151.74000549316406
2023-07-10,152.4199981689453
2023-07-11,153.5
2023-07-12,156.1999969482422
2023-07-13,157.4199981689453
2023-07-14,157.6199951171875
2023-07-17,156.0399932861328
2023-07-18,156.60000610351562
2023-07-19,156.36000061035156
2023-07-20,156.6999969482422
2023-07-21,157.36000061035156
2023-07-24,157.10000610351562
2023-07-25,157.3800048828125
2023-07-26,155.72000122070312
2023-07-27,159.47999572753906
2023-07-28,160.25999450683594
2023-07-31,160.3000030517578
2023-08-01,157.89999389648438
2023-08-02,155.39999389648438
2023-08-03,154.24000549316406
2023-08-04,155.39999389648438
2023-08-07,155.60000610351562
2023-08-08,153.72000122070312
2023-08-09,154.82000732421875
2023-08-10,157.24000549316406
2023-08-11,154.86000061035156
2023-08-14,155.17999267578125
2023-08-15,153.60000610351562
2023-08-16,153.60000610351562
2023-08-17,151.5
2023-08-18,151.0800018310547
2023-08-21,151.5
2023-08-22,152.77999877929688
2023-08-23,153.0399932861328
2023-08-24,151.72000122070312
2023-08-25,152.10000610351562
2023-08-28,154.16000366210938
2023-08-29,155.32000732421875
2023-08-30,154.82000732421875
2023-08-31,154.1999969482422
2023-09-01,153.66000366210938
2023-09-04,153.39999389648438
2023-09-05,153.16000366210938
2023-09-06,151.97999572753906
2023-09-07,151.4199981689453
2023-09-08,152.02000427246094
2023-09-11,152.63999938964844
2023-09-12,152.1999969482422
2023-09-13,151.5399932861328
2023-09-14,153.60000610351562
2023-09-15,154.0
2023-09-18,152.24000549316406
2023-09-19,152.16000366210938
2023-09-20,153.55999755859375
2023-09-21,151.27999877929688
2023-09-22,151.05999755859375
2023-09-25,149.63999938964844
2023-09-26,148.17999267578125
2023-09-27,148.24000549316406
2023-09-28,149.4600067138672
2023-09-29,149.8800048828125
2023-10-02,148.5399932861328
2023-10-03,146.97999572753906
2023-10-04,147.10000610351562
2023-10-05,147.24000549316406
2023-10-06,148.83999633789062
2023-10-09,147.5800018310547
2023-10-10,151.05999755859375
2023-10-11,150.86000061035156
2023-10-12,150.72000122070312
2023-10-13,148.47999572753906
2023-10-16,149.05999755859375
2023-10-17,149.1999969482422
2023-10-18,147.3800048828125
2023-10-19,146.8800048828125
2023-10-20,144.6199951171875
2023-10-23,145.22000122070312
2023-10-24,145.8000030517578
2023-10-25,146.17999267578125
2023-10-26,145.32000732421875
2023-10-27,144.0399932861328
2023-10-30,144.63999938964844
2023-10-31,145.63999938964844
2023-11-01,146.9199981689453
2023-11-02,149.89999389648438
2023-11-03,150.0800018310547
2023-11-06,149.44000244140625
2023-11-07,149.36000061035156
2023-11-08,150.17999267578125
2023-11-09,152.02000427246094
2023-11-10,150.77999877929688
2023-11-13,152.10000610351562
2023-11-14,154.4199981689453
2023-11-15,155.0399932861328
2023-11-16,154.67999267578125
2023-11-17,155.9199981689453
2023-11-20,156.25999450683594
2023-11-21,155.89999389648438
2023-11-22,156.74000549316406
2023-11-23,156.8800048828125
2023-11-24,157.39999389648438
2023-11-27,156.66000366210938
2023-11-28,156.4199981689453
2023-11-29,157.22000122070312
2023-11-30,157.5800018310547
2023-12-01,158.83999633789062
2023-12-04,158.83999633789062
2023-12-05,158.83999633789062
2023-12-06,158.83999633789062
2023-12-07,161.0
2023-12-08,162.83999633789062
2023-12-11,163.32000732421875
2023-12-12,163.25999450683594
2023-12-13,162.97999572753906
2023-12-14,163.3000030517578
2023-12-15,163.86000061035156
2023-12-18,162.63999938964844
2023-12-19,163.25999450683594
2023-12-20,163.32000732421875
2023-12-21,162.94000244140625
2023-12-22,162.77999877929688
2023-12-27,162.86000061035156
2023-12-28,162.3000030517578
2023-12-29,162.97999572753906
2024-01-02,162.25999450683594
2024-01-03,159.9600067138672
2024-01-04,160.9600067138672
2024-01-05,160.60000610351562
2024-01-08,161.36000061035156
2024-01-09,160.77999877929688
2024-01-10,160.83999633789062
2024-01-11,159.82000732421875
2024-01-12,161.17999267578125
2024-01-15,160.39999389648438
2024-01-16,159.97999572753906
2024-01-17,158.47999572753906
2024-01-18,160.33999633789062
2024-01-19,160.05999755859375
2024-01-22,161.36000061035156
2024-01-23,160.83999633789062
2024-01-24,164.4199981689453
2024-01-25,165.02000427246094
2024-01-26,166.94000244140625
2024-01-29,167.1199951171875
2024-01-30,168.0
2024-01-31,167.44000244140625
2024-02-01,167.0800018310547
2024-02-02,167.8000030517578
2024-02-05,167.63999938964844
2024-02-06,169.0399932861328
2024-02-07,168.6199951171875
2024-02-08,169.6999969482422
2024-02-09,170.0
2024-02-12,171.17999267578125
2024-02-13,169.22000122070312
2024-02-14,169.9600067138672
2024-02-15,171.13999938964844
2024-02-16,171.82000732421875
2024-02-19,171.8000030517578
2024-02-20,171.74000549316406
2024-02-21,172.3000030517578
2024-02-22,175.17999267578125
2024-02-23,175.86000061035156
2024-02-26,175.4600067138672
2024-02-27,176.3000030517578
2024-02-28,176.24000549316406
2024-02-29,176.02000427246094
2024-03-01,176.5800018310547
2024-03-04,177.1999969482422
2024-03-05,176.5800018310547
2024-03-06,177.44000244140625
2024-03-07,179.5399932861328
2024-03-08,179.10000610351562
2024-03-11,177.9199981689453
2024-03-12,179.8000030517578
2024-03-13,180.5399932861328
2024-03-14,180.13999938964844
2024-03-15,180.16000366210938
2024-03-18,179.86000061035156
2024-03-19,180.82000732421875
2024-03-20,180.6199951171875
2024-03-21,182.36000061035156
2024-03-22,181.83999633789062
2024-03-25,182.3000030517578
2024-03-26,183.02000427246094
2024-03-27,183.74000549316406
2024-03-28,183.72000122070312
2024-04-02,182.33999633789062
2024-04-03,183.13999938964844
2024-04-04,183.39999389648438
2024-04-05,181.1199951171875
2024-04-08,182.39999389648438
2024-04-09,180.47999572753906
2024-04-10,180.82000732421875
2024-04-11,179.6999969482422
2024-04-12,179.1999969482422
2024-04-15,180.3800048828125
2024-04-16,177.89999389648438
2024-04-17,177.9199981689453
2024-04-18,178.75999450683594
2024-04-19,177.9600067138672
2024-04-22,179.0399932861328
2024-04-23,181.86000061035156
2024-04-24,181.24000549316406
2024-04-25,179.39999389648438
2024-04-26,182.27999877929688
2024-04-29,181.52000427246094
2024-04-30,179.55999755859375
2024-05-02,178.32000732421875
2024-05-03,179.60000610351562
2024-05-06,181.0800018310547
2024-05-07,183.17999267578125
2024-05-08,184.0399932861328
2024-05-09,185.10000610351562
2024-05-10,186.02000427246094
2024-05-13,186.10000610351562
2024-05-14,186.13999938964844
2024-05-15,187.02000427246094
2024-05-16,186.22000122070312
2024-05-17,185.86000061035156
2024-05-20,186.47999572753906
2024-05-21,185.63999938964844
2024-05-22,184.89999389648438
2024-05-23,185.27999877929688
2024-05-24,185.1999969482422
2024-05-27,186.02000427246094
2024-05-28,185.24000549316406
2024-05-29,182.77999877929688
2024-05-30,183.63999938964844
2024-05-31,183.47999572753906
2024-06-03,184.36000061035156
2024-06-04,182.33999633789062
2024-06-05,185.47999572753906
2024-06-06,186.63999938964844
2024-06-07,185.97999572753906
2024-06-10,184.6199951171875
2024-06-11,182.77999877929688
2024-06-12,185.36000061035156
2024-06-13,181.5800018310547
2024-06-14,178.13999938964844
2024-06-17,179.6999969482422
2024-06-18,181.02000427246094
2024-06-19,180.02000427246094
2024-06-20,182.25999450683594
2024-06-21,180.63999938964844
2024-06-24,182.3800048828125
2024-06-25,181.74000549316406
2024-06-26,181.13999938964844
2024-06-27,180.60000610351562
2024-06-28,180.39999389648438
2024-07-01,181.67999267578125
2024-07-02,180.82000732421875
2024-07-03,183.16000366210938
2024-07-04,183.9600067138672
2024-07-05,183.6199951171875
2024-07-08,183.3800048828125
2024-07-09,180.83999633789062
2024-07-10,183.0
2024-07-11,183.60000610351562
2024-07-12,186.10000610351562
2024-07-15,183.8800048828125
2024-07-16,182.4199981689453
2024-07-17,180.5800018310547
2024-07-18,179.72000122070312
2024-07-19,177.9600067138672
2024-07-22,180.74000549316406
2024-07-23,181.52000427246094
2024-07-24,179.4600067138672
2024-07-25,177.60000610351562
2024-07-26,179.39999389648438
2024-07-29,177.55999755859375
2024-07-30,178.77999877929688
2024-07-31,179.89999389648438
2024-08-01,175.60000610351562
2024-08-02,171.3000030517578
2024-08-05,168.63999938964844
2024-08-06,169.0399932861328
2024-08-07,172.4199981689453
2024-08-08,172.25999450683594
2024-08-09,172.5
2024-08-12,172.4199981689453
2024-08-13,173.33999633789062
2024-08-14,174.52000427246094
2024-08-15,177.8800048828125
2024-08-16,178.74000549316406
2024-08-19,179.82000732421875
2024-08-20,179.33999633789062
2024-08-21,180.32000732421875
2024-08-22,180.36000061035156
2024-08-23,181.13999938964844
2024-08-26,180.63999938964844
2024-08-27,180.75999450683594
2024-08-28,181.3000030517578
2024-08-29,183.3000030517578
2024-08-30,183.0
2024-09-02,183.5800018310547
2024-09-03,181.4600067138672
2024-09-04,178.94000244140625
2024-09-05,177.77999877929688
2024-09-06,174.67999267578125
2024-09-09,176.39999389648438
2024-09-10,175.13999938964844
2024-09-11,175.77999877929688
2024-09-12,177.67999267578125
2024-09-13,178.6999969482422
2024-09-16,178.0800018310547
2024-09-17,179.32000732421875
2024-09-18,178.4199981689453
2024-09-19,182.52000427246094
2024-09-20,179.67999267578125
2024-09-23,180.3000030517578
2024-09-24,182.27999877929688
2024-09-25,181.44000244140625
2024-09-26,185.72000122070312
2024-09-27,187.10000610351562
2024-09-30,184.77999877929688
2024-10-01,182.97999572753906
2024-10-02,183.36000061035156
2024-10-03,181.83999633789062
2024-10-04,182.97999572753906
2024-10-07,183.60000610351562
2024-10-08,182.8000030517578
2024-10-09,184.10000610351562
2024-10-10,183.67999267578125
2024-10-11,184.8000030517578
2024-10-14,186.17999267578125
2024-10-15,182.89999389648438
2024-10-16,181.32000732421875
2024-10-17,182.75999450683594
2024-10-18,184.05999755859375
2024-10-21,182.52000427246094
2024-10-22,182.47999572753906
2024-10-23,181.82000732421875
2024-10-24,182.36000061035156
2024-10-25,182.66000366210938
2024-10-28,183.74000549316406
2024-10-29,182.9199981689453
2024-10-30,180.55999755859375
2024-10-31,178.4600067138672
2024-11-01,180.4600067138672
2024-11-04,179.52000427246094
2024-11-05,180.1199951171875
2024-11-06,177.55999755859375
2024-11-07,179.3800048828125
2024-11-08,177.5399932861328
2024-11-11,179.5800018310547
2024-11-12,175.5800018310547
2024-11-13,175.32000732421875
2024-11-14,178.77999877929688
2024-11-15,177.24000549316406
2024-11-18,177.4199981689453
2024-11-19,175.9600067138672
2024-11-20,175.1199951171875
2024-11-21,175.9600067138672
2024-11-22,177.36000061035156
2024-11-25,177.6199951171875
2024-11-26,176.27999877929688
2024-11-27,175.3000030517578
2024-11-28,176.27999877929688
2024-11-29,177.94000244140625
2024-12-02,179.60000610351562
2024-12-03,180.66000366210938
2024-12-04,182.24000549316406
2024-12-05,183.3800048828125
2024-12-06,184.33999633789062
2024-12-09,184.55999755859375
2024-12-10,183.47999572753906
2024-12-11,183.66000366210938
2024-12-12,183.9600067138672
2024-12-13,184.02000427246094
2024-12-16,183.3000030517578
2024-12-17,183.22000122070312
2024-12-18,183.75999450683594
2024-12-19,180.94000244140625
2024-12-20,180.36000061035156
2024-12-23,179.67999267578125
2024-12-27,181.4600067138672
2024-12-30,181.0399932861328
2025-01-02,182.39999389648438
2025-01-03,180.55999755859375
2025-01-06,184.97999572753906
2025-01-07,185.77999877929688
2025-01-08,185.24000549316406
2025-01-09,186.0800018310547
2025-01-10,184.5
2025-01-13,183.63999938964844
2025-01-14,184.67999267578125
2025-01-15,186.72000122070312
2025-01-16,189.1999969482422
2025-01-17,190.8800048828125
2025-01-20,191.63999938964844
2025-01-21,191.5800018310547
2025-01-22,193.1199951171875
2025-01-23,193.52000427246094
2025-01-24,193.63999938964844
2025-01-27,192.4600067138672
2025-01-28,192.82000732421875
2025-01-29,194.10000610351562
2025-01-30,196.0399932861328
2025-01-31,196.10000610351562
2025-02-03,193.60000610351562
2025-02-04,195.3000030517578
2025-02-05,195.60000610351562
2025-02-06,198.72000122070312
2025-02-07,197.5800018310547
2025-02-10,198.9600067138672
2025-02-11,200.10000610351562
2025-02-12,200.5500030517578
2025-02-13,204.1999969482422
2025-02-14,204.10000610351562
2025-02-17,205.10000610351562
2025-02-18,205.6999969482422
2025-02-19,202.85000610351562
2025-02-20,202.6999969482422
2025-02-21,203.35000610351562
2025-02-24,202.60000610351562
2025-02-25,202.5
2025-02-26,205.4499969482422
2025-02-27,203.35000610351562
2025-02-28,203.0
2025-03-03,206.14999389648438
2025-03-04,200.35000610351562
2025-03-05,204.0500030517578
2025-03-06,205.0500030517578
2025-03-07,203.1999969482422
2025-03-10,200.10000610351562
2025-03-11,197.36000061035156
2025-03-12,199.3000030517578
2025-03-13,198.0399932861328
2025-03-14,200.9499969482422
2025-03-17,202.39999389648438
2025-03-18,203.9499969482422
2025-03-19,204.75
2025-03-20,202.5500030517578
2025-03-21,201.5500030517578
2025-03-24,201.39999389648438
2025-03-25,203.75
2025-03-26,201.4499969482422
2025-03-27,200.1999969482422
2025-03-28,198.4600067138672
2025-03-31,195.4199981689453
2025-04-01,197.8800048828125
2025-04-02,197.36000061035156
2025-04-03,190.22000122070312
2025-04-04,181.33999633789062
2025-04-07,173.4199981689453
2025-04-08,177.94000244140625
2025-04-09,172.36000061035156
2025-04-10,179.63999938964844
2025-04-11,178.66000366210938
2025-04-14,183.0800018310547
2025-04-15,185.44000244140625
2025-04-16,185.1999969482422
2025-04-17,184.1199951171875
2025-04-22,185.44000244140625
2025-04-23,190.63999938964844
2025-04-24,191.4600067138672
2025-04-25,192.9199981689453
2025-04-28,193.36000061035156
2025-04-29,193.3000030517578
2025-04-30,193.24000549316406
2025-05-02,198.13999938964844
2025-05-05,198.63999938964844
2025-05-06,197.9199981689453
2025-05-07,196.83999633789062
2025-05-08,199.1199951171875
2025-05-09,200.1999969482422
2025-05-12,203.5500030517578
2025-05-13,204.60000610351562
2025-05-14,204.14999389648438
2025-05-15,204.4499969482422
2025-05-16,205.1999969482422
2025-05-19,205.75
2025-05-20,206.6999969482422
2025-05-21,206.60000610351562
2025-05-22,205.60000610351562
2025-05-23,201.89999389648438
2025-05-26,204.5
2025-05-27,205.39999389648438
2025-05-28,203.85000610351562
2025-05-29,203.75
2025-05-30,203.39999389648438
2025-06-02,203.0
2025-06-03,203.6999969482422
2025-06-04,204.9499969482422
2025-06-05,205.14999389648438
2025-06-06,205.9499969482422
2025-06-09,205.6999969482422
2025-06-10,205.4499969482422
2025-06-11,204.75
2025-06-12,203.35000610351562
2025-06-13,200.64999389648438
2025-06-16,202.39999389648438
2025-06-17,200.4499969482422
2025-06-18,199.82000732421875
2025-06-19,197.0800018310547
2025-06-20,198.77999877929688
2025-06-23,198.16000366210938
2025-06-24,201.0500030517578
2025-06-25,199.3000030517578
2025-06-26,199.0
2025-06-27,202.10000610351562
2025-06-30,201.39999389648438
2025-07-01,200.35000610351562
2025-07-02,201.85000610351562
2025-07-03,202.8000030517578
2025-07-04,200.8000030517578
2025-07-07,202.85000610351562
2025-07-08,204.14999389648438
2025-07-09,206.89999389648438
2025-07-10,206.60000610351562
2025-07-11,204.35000610351562
2025-07-14,203.89999389648438
2025-07-15,203.25
2025-07-16,201.0500030517578
2025-07-17,204.0500030517578
2025-07-18,203.25
2025-07-21,202.8000030517578
2025-07-22,200.85000610351562
2025-07-23,202.8000030517578
2025-07-24,203.3000030517578
2025-07-25,203.1999969482422
2025-07-28,202.64999389648438
2025-07-29,204.1999969482422
2025-07-30,204.85000610351562
2025-07-31,202.1999969482422
2025-08-01,196.17999267578125
2025-08-04,199.3000030517578
2025-08-05,199.5
2025-08-06,200.14999389648438
2025-08-07,202.8000030517578
2025-08-08,203.10000610351562
2025-08-11,202.60000610351562
2025-08-12,202.75
2025-08-13,204.6999969482422
2025-08-14,206.64999389648438
2025-08-15,207.25
2025-08-18,206.5
2025-08-19,208.35000610351562
2025-08-20,208.0500030517578
2025-08-21,207.60000610351562
2025-08-22,208.6999969482422
2025-08-25,206.6999969482422
2025-08-26,204.60000610351562
2025-08-27,205.0500030517578
2025-08-28,205.14999389648438
2025-08-29,203.35000610351562
2025-09-01,204.0500030517578
2025-09-02,201.0500030517578
2025-09-03,202.3000030517578
2025-09-04,203.1999969482422
2025-09-05,202.25
2025-09-08,203.89999389648438
2025-09-09,204.0
2025-09-10,203.75
2025-09-11,204.8000030517578
2025-09-12,204.89999389648438
2025-09-15,206.8000030517578
2025-09-16,204.1999969482422
2025-09-17,204.14999389648438
2025-09-18,207.60000610351562
2025-09-19,207.60000610351562
2025-09-22,206.85000610351562
2025-09-23,208.1999969482422
2025-09-24,207.75
2025-09-25,207.0
2025-09-26,209.25
2025-09-29,209.5500030517578
2025-09-30,210.14999389648438
2025-10-01,212.5500030517578
2025-10-02,215.0
2025-10-03,215.0
2025-10-06,214.14999389648438
2025-10-07,213.64999389648438
2025-10-08,215.0500030517578
2025-10-09,214.0500030517578
2025-10-10,210.35000610351562
2025-10-13,211.9499969482422
2025-10-14,211.4499969482422
2025-10-15,213.25
2025-10-16,215.1999969482422
2025-10-17,213.39999389648438
2025-10-20,216.3000030517578
2025-10-21,216.5
2025-10-22,214.60000610351562
2025-10-23,215.64999389648438
2025-10-27,217.35000610351562
2025-10-28,217.10000610351562
2025-10-29,217.1999969482422
2025-10-30,216.9499969482422
2025-10-31,215.6999969482422
2025-11-03,216.1999969482422
2025-11-04,215.64999389648438
2025-11-05,215.89999389648438
2025-11-06,213.5500030517578
2025-11-07,212.0
2025-11-10,215.75
2025-11-11,218.1999969482422
2025-11-12,220.5500030517578
2025-11-13,218.6999969482422
2025-11-14,216.89999389648438
2025-11-17,215.0500030517578
2025-11-18,210.89999389648438
2025-11-19,211.39999389648438
2025-11-20,212.0
2025-11-21,210.35000610351562
2025-11-24,210.89999389648438
2025-11-25,212.64999389648438
2025-11-26,215.89999389648438
2025-11-27,215.6999969482422
2025-11-28,216.35000610351562
2025-12-01,216.25
2025-12-02,217.14999389648438
2025-12-03,217.3000030517578
2025-12-04,218.39999389648438
2025-12-05,218.5
2025-12-08,218.5
2025-12-09,218.25
2025-12-10,217.89999389648438
2025-12-11,219.64999389648438
2025-12-12,218.25
2025-12-15,219.39999389648438
2025-12-16,218.14999389648438
2025-12-17,216.8000030517578
2025-12-18,219.14999389648438
2025-12-19,219.8000030517578
2025-12-22,219.0
2025-12-23,219.39999389648438
2025-12-29,219.5
2025-12-30,221.25
2026-01-02,223.4499969482422
2026-01-05,226.25
2026-01-06,226.4499969482422
2026-01-07,226.1999969482422
2026-01-08,225.35000610351562
2026-01-09,228.85000610351562
2026-01-12,229.64999389648438
2026-01-13,230.10000610351562
2026-01-14,229.25
2026-01-15,230.60000610351562
2026-01-16,229.9499969482422
2026-01-19,226.0500030517578
2026-01-20,225.0
2026-01-21,224.4499969482422
2026-01-22,227.35000610351562
2026-01-23,227.14999389648438
2026-01-26,227.5500030517578
2026-01-27,229.0
2026-01-28,226.6999969482422
2026-01-29,225.0500030517578
2026-01-30,227.35000610351562
2026-02-02,229.5500030517578
2026-02-03,229.10000610351562
2026-02-04,228.14999389648438
2026-02-05,226.39999389648438
2026-02-06,229.10000610351562
2026-02-09,231.39999389648438
2026-02-10,230.9499969482422
2026-02-11,230.39999389648438
2026-02-12,229.8000030517578
2026-02-13,228.85000610351562
2026-02-16,228.60000610351562
2026-02-17,230.3000030517578
2026-02-18,233.35000610351562
2026-02-19,231.5
2026-02-20,234.4499969482422
2026-02-23,233.8000030517578
2026-02-24,233.9499969482422
2026-02-25,236.0500030517578
2026-02-26,235.5500030517578
2026-02-27,234.6999969482422
2026-03-02,228.89999389648438
2026-03-03,220.60000610351562
2026-03-04,224.60000610351562
2026-03-05,220.89999389648438
2026-03-09,217.3000030517578
2026-03-10,223.14999389648438
2026-03-11,221.5500030517578
2026-03-12,219.8000030517578
2026-03-13,218.4499969482422
2026-03-16,219.3000030517578
2026-03-17,220.25
2026-03-18,219.1999969482422
2026-03-19,214.5
2026-03-20,210.25
2026-03-23,212.9499969482422
2026-03-24,213.25
2026-03-25,216.14999389648438
2026-03-26,212.89999389648438
2026-03-27,210.60000610351562
2026-03-30,212.0
2026-03-31,213.25
2026-04-01,219.5500030517578
2026-04-02,218.1999969482422
2026-04-07,215.8000030517578
2026-04-08,226.8000030517578
2026-04-09,226.0500030517578
2026-04-10,227.14999389648438
2026-04-13,226.35000610351562
2026-04-14,229.60000610351562
2026-04-15,227.85000610351562
2026-04-16,227.5500030517578
2026-04-17,232.64999389648438
2026-04-20,229.60000610351562
2026-04-21,227.6999969482422
2026-04-22,226.89999389648438
2026-04-23,226.5500030517578
2026-04-24,226.10000610351562
2026-04-27,225.3000030517578
2026-04-28,224.35000610351562
2026-04-29,223.64999389648438
2026-04-30,226.39999389648438
2026-05-04,221.85000610351562
2026-05-05,226.64999389648438
2026-05-06,232.75
2026-05-07,230.60000610351562
2026-05-08,228.75
2026-05-11,228.3000030517578
2026-05-12,225.0
2026-05-13,227.14999389648438
2026-05-14,229.85000610351562
2026-05-15,225.85000610351562
2026-05-18,227.25
2026-05-19,226.9499969482422
2026-05-20,231.89999389648438
2026-05-21,231.35000610351562
2026-05-22,233.75
2026-05-25,238.35000610351562
2026-05-26,235.5500030517578
2026-05-27,235.8000030517578
2026-05-28,235.3000030517578
2026-05-29,235.10000610351562
2026-06-01,234.64999389648438
2026-06-02,237.35000610351562
2026-06-03,235.35000610351562
2026-06-04,237.14999389648438
2026-06-05,235.64999389648438
2026-06-08,235.64999389648438
2026-06-09,235.5
2026-06-10,233.75
2026-06-11,235.60000610351562
2026-06-12,240.4499969482422
2026-06-15,242.35000610351562
2026-06-16,243.14999389648438
2026-06-17,244.85000610351562
2026-06-18,245.6999969482422
2026-06-19,244.75
2026-06-22,245.39999389648438
2026-06-23,242.39999389648438
2026-06-24,241.75
2026-06-25,243.64999389648438
2026-06-26,241.8000030517578
2026-06-29,242.10000610351562
2026-06-30,246.0500030517578
2026-07-01,244.39999389648438
2026-07-02,247.5500030517578
2026-07-03,249.5
2026-07-06,249.0
2026-07-07,246.14999389648438
2026-07-08,241.64999389648438
2026-07-09,244.64999389648438
2026-07-10,244.14999389648438
2026-07-13,244.1999969482422
2026-07-14,244.5500030517578
2026-07-15,244.10000610351562
2026-07-16,244.60000610351562
2026-07-17,242.64999389648438
2026-07-20,242.6999969482422
2026-07-21,244.85000610351562
2026-07-22,246.1999969482422
2026-07-23,241.9499969482422
2026-07-24,244.8000030517578
2026-07-27,244.85000610351562
2026-07-28,245.25
2026-07-29,243.5
2026-07-30,247.0500030517578
2026-07-31,247.6999969482422
